user_id_x,order_id,final_discount
1,1187899,15
2,1492625,15
5,2196797,15
7,525192,15
8,880375,15
9,1094988,15
10,1822501,15
13,1827621,15
14,2316178,15
17,2180313,15
18,2461523,15
21,1854765,15
23,3402036,15
24,965160,15
27,2614670,15
29,3110252,15
30,62370,15
34,698604,15
37,1524161,15
38,3173750,15
41,2032076,15
42,2803975,15
43,1864787,20
44,2436259,15
46,1947848,15
47,2906490,15
48,2924697,15
49,519514,15
50,1750084,20
52,1647290,15
53,3088145,15
55,39325,15
56,13318,20
59,1651215,20
62,1019719,20
63,2989905,20
64,2639013,20
65,1072954,15
66,34647,15
67,2757217,15
70,669729,15
71,3038639,15
72,2608424,15
74,482516,15
76,3294399,15
78,1700658,15
79,21708,20
80,2178718,15
81,1734166,15
82,859654,15
83,2424438,15
84,2276967,15
86,613340,20
87,1855447,15
88,3081445,15
89,2222431,15
90,1318796,15
91,637547,20
93,1179185,15
95,1227088,15
96,531345,15
97,3178964,15
99,1289863,20
102,2591641,15
103,926418,15
104,2364180,15
105,2298088,15
106,2549875,20
108,515014,15
109,1997693,15
110,72069,20
111,3105153,20
112,3032922,15
113,1645824,15
114,2759030,15
115,2618023,15
116,878518,15
117,1438423,15
118,1248129,15
119,461193,15
120,961032,15
121,2652217,15
123,1721370,15
124,2733614,15
125,1543042,15
128,1095948,15
130,2437480,20
131,2106151,15
132,2887138,15
135,3001617,15
138,455775,15
139,2233425,15
140,2560500,15
142,2696946,15
143,1993128,15
144,242208,15
145,3395341,15
146,673776,15
147,318441,15
148,3348216,15
150,1575396,15
155,1897207,15
157,3294802,15
160,2133144,15
161,3123006,20
163,2564128,15
164,2608262,15
167,2742787,15
169,767489,15
171,1500681,15
173,2060922,15
174,537105,15
175,1505214,15
176,2433199,15
178,3412247,15
179,1464402,15
183,1007973,15
184,3362166,15
185,2887658,15
187,475324,15
189,2715293,15
191,1308123,15
192,3155162,15
193,1962299,15
195,1458129,15
197,739987,15
198,3048264,15
199,2066158,15
201,2780124,15
203,2897229,15
204,1447810,15
205,2177938,15
206,307237,15
208,1706500,15
209,1826981,15
210,3176785,20
211,2708761,20
212,3084045,15
213,2477435,15
214,3053806,20
215,75622,15
217,1131395,15
218,1841249,15
219,1902701,15
220,1848434,15
222,1789152,15
223,180627,15
224,2041929,15
226,2615515,15
229,568023,15
230,382581,15
231,2499603,15
235,1179928,15
238,1016866,15
239,2941534,15
240,688931,15
242,2193979,15
243,2698993,15
245,2624849,15
249,142062,20
250,524863,15
252,2298194,15
253,2727415,15
255,2008056,15
256,961500,15
258,1056167,15
259,1976038,15
260,3227316,15
261,1162736,15
262,1905437,15
264,2383385,20
267,1665716,15
270,676206,15
271,985905,15
272,2662084,15
273,2014989,20
278,3411419,15
280,3059590,20
282,445784,15
283,145016,15
284,3261724,15
285,78426,20
286,3529,15
288,1184332,15
289,1473392,20
291,1374681,15
293,2692535,20
294,1911431,15
295,405264,15
296,208213,15
298,1979266,15
300,1546561,15
304,540284,15
305,1940141,15
306,1957838,15
309,2600069,15
310,988,15
313,2956359,15
314,877974,15
315,3072356,15
317,1640076,15
319,1054904,15
322,1684761,15
323,3012300,15
324,1215744,15
325,39637,15
326,2560537,15
327,1331374,15
328,3174585,15
329,1606411,15
330,2147369,15
334,1751465,15
337,3077453,15
340,1430705,15
341,281630,15
342,107908,15
343,1841063,15
345,1652713,15
346,980530,15
348,563865,15
349,959285,15
350,1989223,15
351,2898937,15
353,2143540,15
355,3081810,20
357,2376514,20
358,394279,15
359,2908855,15
361,15694,15
363,607923,15
365,2942881,15
370,461187,15
371,174574,15
372,1682739,15
374,1412429,15
375,811612,15
376,960774,15
377,1558843,15
378,2721521,15
379,2294073,15
380,2385890,15
382,14172,15
383,3206948,15
384,2057992,15
385,280751,15
387,1910258,15
390,2294856,15
391,2328904,20
393,36665,15
395,3163411,15
396,445900,15
399,2950974,15
401,2534943,15
402,3014378,15
403,3159731,20
404,592291,20
406,1732187,15
409,1392440,20
411,2050098,15
412,1048290,15
414,1363964,15
416,2070379,20
417,1560176,15
419,1449813,15
421,437145,15
425,1902284,20
426,1643238,15
429,1899614,15
430,2608193,15
431,539212,15
432,488785,15
433,3194530,15
434,484245,15
435,1101383,15
437,2236871,15
438,2029736,15
441,1454689,15
442,2623337,15
444,113754,20
446,1848722,15
448,1110720,15
449,3244965,15
452,1439514,15
453,1881413,15
454,2769206,15
456,2908601,15
457,2212127,15
459,683205,15
465,362051,15
466,3293782,20
468,2046585,15
469,2455208,15
470,2000464,15
471,417305,15
472,2010297,15
473,1739738,15
475,1714467,15
476,461914,15
477,3054083,15
478,638714,15
479,1944317,15
480,1039817,15
481,1528819,15
483,659655,15
484,1439424,15
486,3101204,20
487,1290287,15
488,2479559,20
489,29983,15
490,149666,15
491,1191993,15
493,1108486,20
494,3126335,20
495,1614375,15
497,863691,15
499,188500,20
501,3395420,15
502,709201,20
504,54762,20
506,395479,15
509,2692766,15
511,797018,20
512,707985,15
513,2298416,15
514,1011563,15
515,3241378,15
517,2831272,15
518,672357,15
519,1949670,15
520,2101076,15
521,1302095,15
523,2542317,15
524,2588977,15
525,2346527,15
526,2569637,15
527,497783,15
528,229361,20
530,2337367,15
531,3363870,15
532,1409734,15
533,17906,15
534,1379536,15
536,3276697,20
538,3004135,15
540,2724968,15
541,1043105,15
542,1726118,15
544,2063685,15
545,1229133,15
546,1340939,15
547,1074772,15
549,1291650,15
550,1608919,15
552,1820107,15
554,1445911,20
555,2405239,20
558,451330,15
559,1527883,15
560,2019153,15
561,3235100,15
562,3125190,15
563,3065466,20
565,2101825,15
566,3357236,15
567,241538,20
568,2178585,15
569,3158741,15
570,2379791,15
571,271797,15
572,1609767,15
573,1144354,15
575,1232929,20
577,1241717,15
580,2127621,15
582,1044486,20
584,2576004,15
585,2244404,15
586,29486,15
587,3054234,15
591,2150770,15
592,530341,15
593,2918511,15
594,2713339,15
595,3263278,15
597,1816326,15
599,1859940,15
600,102931,20
602,2372949,15
603,1220744,15
604,205105,15
605,3733,15
606,2857725,15
607,339577,15
608,531078,15
609,1882095,15
611,3293848,15
612,2830734,20
614,2558969,15
616,437954,20
617,192822,15
619,2413078,15
620,416736,15
623,2725594,15
625,821898,15
626,1017699,15
628,1933130,15
632,415087,15
634,3298943,15
636,1866656,15
637,1974079,15
638,151039,15
639,2125060,15
641,2081127,15
644,2342041,15
646,428232,20
647,1224638,15
648,1549043,15
649,78051,15
650,2316417,15
655,1408873,15
657,2901230,15
667,812040,15
669,1035261,15
670,3267146,15
671,219986,15
672,1600279,15
674,2376860,15
676,632715,15
677,1735653,15
680,1405257,15
682,783434,15
684,1696391,15
685,143284,20
687,2810951,15
689,1204921,20
690,3327840,15
691,1379024,15
692,1842223,15
694,2524486,15
695,1063245,15
696,2643096,15
697,2451495,15
699,2154325,15
700,3002915,15
703,261370,15
704,2127707,15
705,959637,15
707,1191841,15
708,1202012,15
709,1307498,15
710,1054283,15
711,2357159,15
712,219467,15
713,398828,15
714,1985172,15
715,1122780,15
716,67479,15
717,944659,15
718,921692,15
719,3107150,15
722,2059831,15
723,1368829,15
724,3096583,15
725,251996,15
726,3264066,15
727,1504712,15
728,2793933,15
729,1738759,15
731,1550154,15
733,1387253,15
735,1378817,15
736,1166135,20
737,275130,15
741,1436723,15
742,223389,15
743,60905,15
746,1403740,15
748,553676,20
749,2726080,15
750,3205651,15
751,63770,15
753,565931,15
754,3197269,15
755,2919312,15
756,64766,20
757,14287,15
759,2877517,15
760,1167274,15
761,440384,20
765,2914876,15
767,1556053,15
768,2667408,15
769,2112754,15
770,2871469,15
774,49291,15
775,3116656,15
776,2248477,15
777,2110387,15
779,2354554,15
781,1971243,15
782,888267,15
783,980285,15
784,2208324,15
786,90628,15
788,3070078,15
789,303762,15
790,1515554,15
792,2227916,15
795,2038177,15
796,556139,15
797,670090,15
799,2513420,15
800,2558109,15
801,1553088,15
803,1181590,15
804,3347074,15
805,1089130,15
808,3056331,15
809,1941111,15
814,975061,15
816,2445,15
818,1786829,15
820,2626310,15
821,917873,15
822,3067908,15
824,2331570,15
829,2943041,15
831,985778,15
833,683623,20
835,2934974,15
836,2054288,15
838,874570,15
839,1504504,20
840,2391548,15
841,2932543,20
844,2802645,15
845,1537934,15
846,129013,15
847,2436377,15
848,1241668,15
849,1114234,15
852,92317,15
854,3415312,15
855,265281,15
856,2322058,15
857,83856,15
859,1652829,15
863,2232869,20
864,20460,15
865,692135,15
866,592557,20
867,2648197,15
868,1963578,15
871,3373111,15
872,1526056,15
873,2144171,20
874,1088647,15
875,1534424,15
879,2376580,15
880,718132,15
881,2716795,15
882,26968,15
883,1604634,15
884,1666193,15
885,1305670,15
886,556180,15
887,2689040,15
888,509989,15
889,2689584,15
890,3353496,20
891,846979,15
892,3271309,15
895,1393688,15
897,3036648,20
898,631808,15
899,1880459,15
900,1196150,20
901,1750098,15
905,1729675,15
906,968909,15
907,979263,15
909,374322,15
913,2742119,15
915,309741,20
916,1806432,15
917,3330301,15
919,2444452,15
920,1498776,15
921,757211,15
922,1148045,15
923,15213,15
925,2435106,15
928,1058952,15
929,914910,15
930,700471,15
932,1261929,20
933,178268,15
934,1988586,15
935,1832849,15
936,3202163,15
937,2107544,15
938,1148938,15
939,3108576,15
940,2180302,15
941,2314737,15
943,1876414,15
944,127522,15
946,1739018,15
947,3277128,15
948,951151,15
949,2136949,15
950,3339284,15
951,809820,15
952,1182819,15
953,3419642,15
954,1100805,15
956,967656,15
957,2638832,15
958,3138460,15
962,1888855,15
967,244128,15
968,1288850,15
970,1080892,15
971,2109659,15
973,2073686,20
974,3202493,15
976,1441412,15
977,1826689,20
979,2188922,15
981,2555679,15
982,1759116,20
983,547273,15
984,96292,15
985,3215722,15
986,2753827,15
987,411854,15
989,395208,15
990,122224,15
991,910179,15
992,3289231,15
994,637980,15
996,1982039,15
1000,903956,15
1002,1056108,15
1003,1392921,15
1006,252897,15
1007,355501,15
1008,2055364,15
1011,3382300,15
1012,1940438,20
1013,1389513,20
1014,1585569,15
1015,1504831,15
1016,2987108,15
1017,2613422,15
1019,1985010,15
1021,1226914,20
1022,2614856,15
1024,221711,15
1025,1572263,15
1026,827834,15
1027,2143665,20
1029,668770,15
1030,2643636,15
1031,1868918,15
1032,838618,15
1033,1639708,20
1034,1129605,15
1035,3147418,15
1036,2042218,20
1038,406446,20
1039,11052,15
1040,2573243,15
1041,1453822,15
1042,2020589,15
1044,1727267,15
1046,1323382,15
1048,2216237,15
1050,1646879,15
1052,443227,15
1053,2446265,15
1054,3161232,15
1055,2330932,20
1056,2799858,15
1058,1860271,15
1059,2406692,15
1060,3161966,15
1061,2071098,15
1063,295980,15
1065,1758679,15
1066,1510345,15
1067,300459,20
1068,1430544,15
1069,2109825,15
1070,1920482,15
1071,276012,15
1072,1438109,15
1073,1268099,15
1077,3039780,20
1078,393494,15
1079,595633,15
1080,2717227,15
1081,1922310,15
1084,2407138,15
1085,2341197,15
1086,604625,15
1088,1542868,15
1089,1111743,15
1090,526858,15
1091,51155,15
1093,1594212,15
1094,1598697,15
1095,327915,15
1099,2065685,15
1101,387140,15
1102,3135267,15
1104,2597353,15
1105,364097,20
1106,1461756,15
1107,437041,15
1110,1237525,15
1112,356584,15
1113,2999631,20
1114,1527770,15
1118,1081030,20
1120,1650233,15
1122,3409264,15
1123,564594,15
1128,2034086,15
1129,1663465,15
1130,2916351,15
1131,1678834,15
1132,659066,15
1133,1058980,15
1134,3367947,15
1136,2560858,15
1139,541039,20
1140,249702,15
1141,1186686,15
1142,1263386,15
1143,599773,20
1144,304668,15
1145,3392152,15
1146,2237430,15
1147,1725556,20
1150,1476764,15
1151,153579,20
1155,401928,15
1157,1489846,20
1158,796337,15
1162,1570737,15
1164,169422,15
1165,536324,15
1166,1787902,15
1167,3251213,20
1168,530588,15
1169,2479253,15
1170,2085716,15
1172,1123114,15
1173,5743,15
1176,2961500,15
1180,1843281,15
1181,998784,15
1184,1289473,15
1185,1463798,15
1186,472417,20
1187,723753,15
1188,580476,15
1189,2597017,15
1190,3025307,15
1192,1775170,15
1193,3130381,15
1195,856361,15
1197,1345715,20
1199,2085640,15
1200,1488101,15
1202,3335299,15
1204,1410397,15
1205,74399,15
1206,676514,15
1207,2140818,15
1208,2879697,20
1209,1503135,15
1210,2584515,15
1213,3250346,15
1214,1997605,15
1215,2652449,15
1216,2644015,15
1218,3094816,15
1219,164257,15
1220,1819621,15
1221,2561233,15
1222,2375630,15
1224,589930,15
1226,1896032,15
1227,729073,15
1228,692507,15
1229,2705713,15
1233,3184936,15
1234,471256,15
1239,2823840,15
1242,3145497,15
1243,874923,15
1244,201235,15
1246,3080461,15
1248,647535,15
1249,1098556,15
1250,2216089,15
1252,658472,15
1253,3261274,20
1254,3171516,15
1255,935344,15
1257,20440,15
1259,1644890,15
1260,2241245,15
1262,1175646,15
1265,2780794,15
1268,27339,15
1269,1142716,15
1270,1704859,15
1271,46340,15
1272,2551907,20
1273,796037,15
1274,1759648,15
1277,2856374,15
1278,245330,15
1280,1763204,15
1281,3103652,15
1283,1630533,15
1284,1962716,15
1287,1852170,15
1291,2416865,15
1292,2747933,20
1293,396304,15
1294,3077618,20
1295,510280,15
1297,2346976,15
1298,2339119,15
1299,336364,15
1300,1034882,15
1301,566254,15
1302,545704,15
1303,263184,15
1304,332326,15
1305,958796,15
1306,1269882,15
1308,1668533,15
1312,2799734,20
1313,1855656,15
1315,1448561,20
1317,648241,15
1318,1779225,20
1319,722928,15
1320,1008360,15
1321,1664214,20
1324,807060,20
1325,3229441,15
1331,1702096,20
1332,463215,15
1333,1304565,15
1334,1344515,15
1335,2125379,15
1336,917153,15
1338,596220,15
1342,3067161,15
1343,2871086,15
1344,2896211,15
1346,953496,15
1347,829949,15
1352,273406,15
1353,434628,15
1354,2235878,15
1356,1702162,15
1358,215214,15
1362,846363,15
1367,3164697,15
1368,2973176,15
1369,851913,15
1371,179410,15
1372,1728699,15
1374,1652731,15
1377,2334973,15
1378,2034042,20
1382,1471800,15
1383,193067,15
1387,2334410,15
1388,1213223,15
1391,832177,15
1392,1028182,15
1393,1243920,15
1394,1673616,15
1395,2674688,20
1397,3154969,15
1398,2873160,15
1399,633569,15
1400,398048,15
1401,2770748,15
1402,1432666,20
1403,2277161,15
1405,3288985,15
1406,302601,15
1407,1080176,15
1410,2074271,15
1412,2523174,15
1414,1377327,15
1418,2886510,15
1422,165289,15
1423,2609167,15
1425,265283,15
1426,1246060,15
1427,2155203,15
1428,1927184,15
1432,3031079,20
1435,559488,15
1436,3173206,15
1437,3183558,15
1439,3388271,15
1440,1619324,15
1442,875364,15
1443,2244136,15
1446,2912252,15
1447,1308481,15
1448,1506022,15
1449,158280,15
1451,3299516,15
1456,447970,15
1457,3069390,15
1458,3343542,15
1459,1742121,15
1461,633520,15
1462,605667,15
1465,2727200,15
1466,2431218,15
1468,304803,15
1470,484688,15
1472,3369593,15
1474,481964,15
1475,1801417,15
1476,1549331,15
1477,108525,15
1478,1015670,20
1479,1677999,15
1481,3202796,15
1482,269244,15
1483,1090155,20
1484,2395478,15
1486,2225736,20
1488,326537,15
1490,1251668,15
1491,1300165,15
1492,2425574,15
1494,764206,15
1495,3108123,15
1497,615528,15
1498,1634309,20
1499,396595,15
1500,1335062,20
1503,482685,15
1504,1995260,15
1505,1144293,15
1507,1847349,15
1508,1836327,15
1510,2493959,20
1512,1558696,15
1513,2561906,15
1515,1651505,15
1518,143169,15
1519,1484526,15
1521,460882,15
1522,1389833,20
1524,151581,15
1525,1937526,15
1527,220180,15
1528,3418665,15
1529,3047386,15
1530,2306059,15
1531,1115143,15
1533,623937,20
1534,537303,15
1536,1339827,15
1537,2604897,15
1538,2380094,15
1539,461114,15
1540,6695,15
1541,2690545,15
1542,779069,15
1543,1798022,15
1545,3280882,15
1546,2669429,15
1550,2005577,15
1551,2053270,15
1552,1973682,15
1553,2202416,20
1555,540476,15
1556,1708449,15
1557,562359,15
1559,497663,15
1562,317537,15
1565,2305382,15
1566,1829993,15
1567,186342,15
1568,1758197,15
1570,277582,15
1571,1170421,20
1574,3188385,15
1575,512447,15
1577,2016183,15
1578,1954768,15
1579,348734,15
1580,1357424,15
1583,268712,15
1584,1246879,15
1586,774145,15
1587,886214,15
1591,3401644,15
1592,1460376,20
1593,3288870,20
1595,1783688,20
1597,1932859,15
1599,2864672,15
1600,2491974,15
1601,248747,15
1602,1202825,15
1604,629718,15
1606,289472,15
1607,2538136,15
1609,1125090,15
1611,3297423,15
1612,376933,15
1613,431854,15
1614,1500774,15
1617,3050274,15
1619,1639235,15
1621,2416904,15
1622,552695,15
1624,2789450,15
1625,1368225,15
1626,3383671,15
1628,3341496,15
1629,3009052,15
1631,3313010,20
1632,2254592,15
1633,1409183,15
1635,608020,15
1638,1935242,15
1639,1564186,15
1640,2065616,15
1641,3237574,20
1642,2307480,15
1643,1223773,15
1644,1082244,20
1646,3274492,15
1648,1631034,15
1652,2903282,20
1653,1517647,15
1654,2163264,20
1656,500855,15
1657,425334,15
1660,1174747,15
1662,76113,15
1667,1299233,20
1668,822491,15
1669,902420,15
1671,960700,15
1673,1803298,15
1675,2052098,15
1678,1957415,15
1679,1580605,15
1680,2990557,15
1681,2721390,20
1682,3194255,15
1683,2107602,20
1685,1436838,15
1686,1553910,15
1687,2866488,20
1688,3330371,15
1690,14970,15
1691,2834777,15
1692,1298513,15
1694,2760304,15
1698,1553004,15
1700,416516,15
1701,1898012,15
1702,101843,15
1703,2014326,15
1704,1867462,15
1705,1881604,15
1706,2400137,15
1707,2728888,15
1708,2679501,15
1709,1773032,15
1710,1027034,15
1711,163679,20
1712,1917563,15
1715,2640820,20
1717,2449317,15
1719,57889,15
1720,2453652,15
1721,894711,15
1722,1820848,15
1723,3336718,15
1724,3218537,20
1725,3289681,15
1728,317803,15
1729,972022,15
1730,490186,15
1731,1956311,15
1732,910121,15
1733,1999292,15
1735,2359414,15
1736,2684567,15
1737,3162003,15
1738,2312102,15
1742,2461141,15
1744,44208,15
1745,1970519,15
1746,962113,15
1747,799957,15
1748,1687224,15
1750,766690,20
1751,3276317,15
1752,2159341,15
1753,3335689,15
1755,30739,15
1756,1936522,15
1757,2690667,15
1758,1227928,20
1759,773433,15
1760,2750066,15
1762,605135,15
1763,3310456,15
1764,1665205,15
1766,449406,15
1767,583743,15
1768,3327885,15
1772,3303655,15
1773,3390062,15
1776,2777518,15
1777,1357889,15
1778,1271363,15
1779,1609350,15
1780,2733497,15
1781,953344,15
1783,1017184,15
1785,407451,20
1787,2010460,20
1788,2337257,15
1790,3090568,15
1791,1959430,15
1792,2125427,15
1793,1507357,15
1794,1533428,15
1796,1728833,15
1798,2827845,15
1801,2994726,15
1802,3128387,15
1803,1682034,15
1806,992168,15
1808,1014048,15
1809,1097996,20
1810,2362492,20
1811,2439174,15
1812,112732,20
1813,791162,15
1814,3217286,15
1815,3007225,15
1816,2545099,15
1818,2600873,20
1820,3261927,15
1822,1825343,15
1823,1956619,15
1825,533174,15
1827,961949,15
1829,1632990,15
1830,2077487,15
1832,1860290,15
1833,354702,15
1834,1351660,15
1835,942703,15
1836,3351504,15
1838,1873298,20
1839,2519194,15
1840,2853765,15
1843,2324814,15
1844,2486302,15
1845,1380158,15
1846,524333,15
1848,1766941,15
1849,628652,15
1850,3002092,20
1851,119472,15
1852,1701505,15
1853,2987778,20
1856,2823496,15
1857,3085479,15
1858,2996947,15
1859,178541,15
1863,1564802,15
1864,3059205,15
1867,1228928,15
1872,374806,15
1874,2586713,20
1876,1714656,15
1877,3118633,15
1879,2939441,15
1880,3009617,15
1882,1926246,15
1884,1979738,15
1885,1086428,15
1886,2490147,15
1890,332488,15
1891,2821394,15
1892,1349393,15
1893,1234443,15
1894,1635300,15
1895,3118486,15
1897,893162,15
1899,2895482,15
1900,1332864,15
1903,3315142,15
1904,112127,15
1908,656730,15
1914,846154,15
1918,2304978,15
1919,1279598,15
1921,2761238,15
1922,1838937,15
1923,362112,15
1924,1633498,15
1926,1398086,15
1928,3321673,15
1929,2713448,15
1931,1365633,15
1933,1911114,15
1935,2106319,20
1937,1773153,15
1938,183932,15
1940,1163865,15
1942,1929617,15
1944,3102893,15
1946,352729,15
1947,569211,15
1948,2813662,15
1949,3225584,20
1952,1100193,15
1953,3391428,15
1954,1231583,15
1956,103086,20
1957,3379094,15
1958,1696468,15
1959,2102995,15
1960,2845361,15
1962,329201,15
1963,1440983,20
1965,1250869,15
1967,2992254,15
1968,1998752,15
1969,221742,15
1970,2545948,15
1973,3236785,15
1974,1625859,15
1978,1763237,15
1979,2947672,20
1981,622151,15
1982,176355,15
1985,2227217,15
1986,1435886,15
1987,1249350,15
1988,1989979,15
1989,2302409,20
1990,126793,15
1991,753627,15
1995,344272,15
1998,3381233,15
1999,1502181,15
2000,2713679,15
2004,987813,15
2005,374531,20
2008,2466422,15
2010,1336754,15
2011,2619232,15
2012,718466,20
2013,3137173,15
2014,723482,15
2015,2997751,15
2017,604361,15
2018,2292656,15
2019,2457721,15
2020,1067531,15
2021,2982145,15
2022,2658681,15
2025,3085631,15
2026,306044,20
2027,1315069,15
2030,702416,15
2031,1036878,15
2032,2559116,15
2033,648020,15
2035,750590,15
2036,3395721,15
2037,612119,15
2038,846709,15
2039,2650635,15
2040,1084554,15
2041,1628567,15
2043,2178845,15
2044,1201550,15
2045,1228789,15
2046,3249228,15
2050,2170242,15
2053,1630821,15
2055,2009712,15
2056,2094515,15
2057,901415,15
2058,2635262,15
2060,2543917,20
2063,129926,15
2064,2511585,15
2067,1317906,15
2068,28696,15
2069,997480,15
2071,2651623,15
2072,278713,15
2073,2560829,15
2074,1415956,15
2076,1312596,15
2077,1086677,15
2078,2354169,15
2080,1254380,15
2081,2148784,15
2082,1720548,15
2085,140931,15
2086,3230232,15
2087,3023704,15
2089,1907607,15
2091,455035,15
2093,659909,15
2094,1769739,15
2097,3416966,15
2098,3331469,15
2099,1188813,15
2101,3107093,15
2103,501582,15
2105,3178892,15
2109,512343,15
2110,335044,15
2111,2218299,15
2113,300162,15
2116,134419,15
2118,2058713,15
2119,2799312,20
2120,2990314,15
2122,164788,15
2124,872361,15
2125,374606,15
2127,2868479,15
2128,428639,15
2129,3398449,15
2130,1306035,15
2131,2474551,15
2132,1871305,15
2133,2780038,15
2134,812023,15
2135,1915214,15
2136,1684359,15
2137,776848,15
2138,704344,15
2139,1169273,15
2140,1866082,15
2141,354180,15
2143,3001884,15
2145,2450313,15
2149,2250142,15
2150,2046274,15
2151,1008627,20
2152,1211369,15
2153,1165567,15
2156,4711,15
2157,1376142,15
2159,1289521,15
2160,2440998,20
2161,378564,15
2162,1629837,15
2165,2106068,15
2166,214187,15
2168,1554602,20
2169,1124637,15
2170,179504,15
2172,3278797,15
2175,3250752,15
2177,911951,15
2179,145985,15
2180,1177246,15
2182,1453091,15
2184,2460232,15
2185,3266010,15
2186,1242065,15
2187,646752,15
2189,1490598,15
2190,469780,15
2192,430749,15
2193,2065398,15
2194,1529138,15
2195,1261129,15
2196,2982167,15
2197,3051847,15
2198,2130592,15
2199,865712,15
2200,2102178,15
2201,760946,15
2204,819088,20
2205,2018860,15
2206,359518,20
2207,1732029,15
2210,901171,15
2212,2766487,15
2213,783074,20
2214,1003694,15
2216,1976922,15
2217,1836043,15
2219,1065495,15
2221,767323,15
2223,2734758,15
2226,1643858,15
2227,3231905,15
2228,1506044,15
2230,2534643,15
2234,2195465,15
2236,2701869,15
2237,303706,15
2238,1523961,15
2239,1347705,15
2241,852435,15
2242,1015146,15
2244,950032,15
2245,1106171,15
2246,3260987,15
2247,2117424,15
2248,1598521,15
2249,562888,15
2253,2783268,15
2254,232180,15
2255,2272909,20
2256,795152,15
2257,89254,15
2258,3264599,20
2259,779762,15
2260,3288371,15
2261,322872,15
2263,3287488,15
2266,1735168,15
2267,2688152,15
2268,2987256,20
2269,452984,15
2272,2164759,20
2273,2377021,15
2274,2053641,15
2275,3208416,15
2278,1888026,15
2281,1012214,15
2282,419128,20
2283,3356697,15
2284,1568848,15
2285,713987,15
2287,1501646,15
2289,1162526,15
2290,2484522,15
2299,1035438,15
2300,1021481,15
2301,348271,15
2302,929363,15
2303,1102552,15
2304,3334867,15
2305,1089396,15
2306,374748,15
2307,2877213,15
2308,1459930,15
2309,20018,15
2310,995001,15
2311,2861125,15
2312,2001237,15
2313,2614615,15
2314,1251956,15
2315,280037,15
2316,3411016,15
2317,3398797,20
2319,223255,15
2321,1809571,15
2322,3343119,20
2328,2373057,15
2330,340476,15
2332,2260878,15
2333,2228537,15
2337,3183098,15
2338,1091539,15
2339,2016450,15
2341,591499,15
2343,3277161,15
2344,572329,15
2345,952329,15
2346,1052691,15
2348,1678449,15
2349,2138164,15
2350,1822170,15
2352,2313176,15
2353,1758870,15
2354,2748224,15
2355,504629,15
2357,2660314,15
2359,1441408,15
2360,928669,20
2361,1991464,15
2362,1294149,15
2363,2177490,15
2364,371193,15
2365,2261233,15
2367,26611,15
2369,1989622,15
2370,3229042,20
2371,2335253,15
2373,1368523,15
2377,2805064,15
2378,2743972,15
2379,737719,20
2380,457786,15
2383,689584,15
2384,2895690,15
2386,539369,15
2388,543688,15
2391,497814,15
2393,512334,15
2395,1031481,15
2396,2484792,15
2397,772327,15
2399,1496873,15
2400,2024568,15
2401,2865637,20
2403,2398746,15
2405,456185,15
2406,451711,15
2407,1893317,15
2408,2703002,15
2409,1594674,15
2411,3017315,20
2412,1041511,15
2413,1947936,20
2415,3372129,15
2416,930324,15
2417,2394426,15
2419,1220152,15
2420,319031,20
2422,2950266,15
2423,2774867,20
2426,2681078,20
2427,147369,20
2428,1169294,15
2429,2272387,15
2431,1852279,15
2432,2395034,20
2434,2361096,15
2436,1057242,15
2438,1455404,15
2439,3130140,15
2440,3126308,20
2443,496950,15
2444,402738,15
2445,1086862,15
2447,1917261,15
2448,1966022,15
2449,1496080,15
2450,3143337,15
2451,2406823,15
2454,1890,15
2455,817343,15
2457,1209644,15
2459,1710271,20
2460,1745540,15
2463,2569180,15
2464,174976,15
2466,677693,15
2468,3363061,20
2469,1877053,15
2470,797735,15
2471,412840,15
2472,3168922,15
2473,2684178,15
2475,403604,15
2477,1074427,15
2479,987020,15
2480,1769075,15
2485,645412,15
2486,174063,15
2487,428001,20
2488,1056049,15
2489,825795,20
2490,1898428,15
2492,718184,15
2493,1507931,15
2494,2806411,15
2495,2614759,15
2497,82156,15
2498,336488,15
2499,54804,15
2500,231289,15
2501,1213787,15
2503,2677905,15
2504,288186,15
2505,3339983,15
2506,510999,15
2508,1706615,15
2510,2191599,15
2511,1117355,20
2512,1793342,15
2515,1676348,15
2516,2244854,20
2518,2477115,15
2519,918299,15
2521,1694924,15
2523,1955031,15
2524,739040,15
2525,3374364,15
2526,2217998,15
2528,2247613,15
2530,353756,20
2531,395469,15
2533,448754,15
2538,344077,15
2540,1450823,15
2541,3049683,15
2543,883056,15
2544,2155181,15
2546,2263190,15
2547,1914195,15
2550,1104396,15
2551,1642566,15
2552,785888,15
2553,1841480,15
2555,147343,15
2561,1961975,20
2562,3049964,15
2563,273586,15
2564,2719167,15
2565,3013604,15
2566,1457207,20
2567,1110216,15
2569,2110273,15
2570,3267554,15
2571,1617211,15
2572,1162820,20
2576,3231239,15
2577,2194307,20
2578,3408416,20
2579,1166716,15
2581,1737226,15
2582,2453693,20
2583,1793951,15
2584,2061663,15
2585,3113274,15
2586,1531177,15
2587,287119,20
2588,264061,15
2589,582419,15
2591,132246,15
2592,1078036,15
2595,227731,15
2596,1230287,20
2597,3150863,15
2602,919214,15
2603,328325,15
2604,577283,20
2605,1819437,15
2606,1059750,15
2607,2348544,15
2608,73861,15
2612,3379515,15
2613,1951006,15
2614,1173240,15
2616,563468,15
2620,2459256,20
2622,3369062,15
2623,343151,15
2624,1766053,15
2625,1349408,15
2627,1447765,15
2628,1353684,15
2630,305312,15
2632,166425,15
2634,1649031,15
2635,214557,15
2636,1450918,15
2637,2308311,15
2642,202403,15
2643,2341720,15
2644,2542094,15
2645,2593332,15
2646,1700059,15
2647,232701,20
2648,439272,15
2650,3271122,15
2652,767068,15
2654,2513408,15
2655,3225756,15
2656,1405330,15
2658,2774041,15
2661,2954780,15
2662,1729506,20
2663,3029663,20
2664,88768,15
2665,2035784,15
2666,1818779,15
2667,1090960,15
2668,1540354,15
2669,3146604,15
2670,2518043,15
2671,1177888,15
2674,3112861,15
2675,251272,15
2676,2020717,15
2678,2965253,15
2680,49931,15
2681,1815303,15
2683,476887,15
2684,3074750,15
2685,3251056,15
2686,228381,20
2688,1310253,15
2689,2149681,15
2691,3286610,15
2692,324388,15
2693,1933822,20
2694,1635444,15
2695,3285861,15
2697,2098907,15
2700,3005197,15
2701,3068145,15
2702,2665698,15
2704,2656059,15
2705,98619,20
2707,3196457,15
2708,494327,15
2709,243080,15
2710,2054313,15
2711,2919251,15
2712,3111209,15
2713,428427,15
2715,1060499,20
2716,1801777,15
2717,480184,15
2722,2768722,15
2724,3090250,15
2725,824357,15
2726,1148051,15
2729,767115,20
2730,2784999,15
2731,1755968,15
2732,2399278,15
2733,3265834,15
2735,1308679,15
2736,127062,15
2737,2128395,15
2738,1686832,15
2739,3056864,20
2742,195879,15
2745,2703783,15
2746,694584,15
2748,3248532,15
2751,940977,20
2752,2492403,15
2753,1953977,15
2754,463257,15
2757,2191953,15
2758,984873,20
2761,1421444,20
2763,580860,15
2764,872058,15
2765,2925368,15
2766,2827871,15
2767,259479,15
2768,1604590,20
2774,1747911,15
2775,539240,15
2780,3068101,15
2781,1799918,15
2782,362888,15
2783,2266495,15
2784,2460981,15
2788,2486698,20
2789,1298986,15
2792,2476249,15
2793,691056,15
2794,3243855,15
2795,3180226,15
2796,1231620,15
2799,1652735,15
2800,920063,15
2801,649627,15
2803,153319,15
2805,40521,15
2806,1853650,20
2807,1334972,15
2808,260832,15
2810,3201950,15
2811,294408,15
2812,2256089,15
2813,262425,15
2816,2333602,15
2818,2240471,15
2819,3231689,15
2820,1571392,15
2822,3337444,15
2823,2952966,15
2824,3166535,15
2826,2885343,15
2829,1658143,15
2830,1521534,20
2831,2660338,15
2832,409308,15
2833,1075814,15
2834,1717584,15
2835,3054835,15
2836,759590,15
2838,3261855,15
2839,2629053,15
2842,2297375,15
2847,977207,20
2848,655009,20
2850,559982,15
2851,1316001,15
2852,962041,15
2853,1217953,15
2854,2653772,15
2855,1847940,15
2856,1386601,15
2860,2993918,15
2862,1404545,20
2863,2414502,15
2864,2986864,15
2866,1917041,15
2867,961213,15
2868,2405417,20
2869,921024,20
2870,2536678,15
2871,987848,15
2872,2606288,15
2873,2523410,15
2874,573230,15
2875,739917,15
2876,251209,15
2877,1507172,15
2878,3097902,15
2879,197937,15
2881,2971471,15
2883,2836995,15
2884,3358996,15
2886,441702,15
2887,914814,20
2888,1585139,15
2889,42800,15
2890,2427682,15
2892,2544485,15
2893,1909903,15
2895,946612,15
2897,2760369,15
2898,3199143,15
2899,1701362,15
2900,407072,15
2901,777751,15
2903,1516085,15
2907,2863297,15
2909,1882654,15
2910,1280314,15
2912,316303,15
2913,779885,15
2914,3115798,15
2915,1103829,15
2916,1633396,20
2917,347397,20
2920,692218,15
2925,645024,15
2926,2769899,15
2927,114145,15
2928,2997075,15
2929,1158886,15
2930,702157,15
2931,917444,15
2932,248906,15
2933,2885888,15
2935,454330,15
2938,1328950,15
2940,671201,15
2941,2079695,15
2942,668637,15
2943,135924,15
2944,68092,15
2945,1219723,15
2946,2175662,15
2948,3237685,15
2949,3173632,15
2950,2994628,15
2951,1832308,15
2955,2908165,15
2956,392047,15
2957,2289679,15
2958,2275104,15
2966,194909,15
2967,1834996,15
2971,299379,15
2976,1162614,15
2977,284272,15
2978,2843903,15
2979,1284369,15
2980,64952,20
2981,615642,15
2982,2875580,15
2983,1063616,15
2984,2359687,15
2985,2276440,15
2986,1221959,15
2987,489031,15
2988,776915,15
2989,2996096,15
2990,725326,15
2991,1699852,15
2992,2064408,15
2993,1242203,15
2994,530177,15
2995,3151288,15
2996,3393628,15
2998,118542,20
3000,2910670,15
3001,750006,15
3002,548842,15
3003,564384,15
3005,3331602,15
3008,1614274,15
3009,373224,15
3010,2197473,15
3011,2838310,15
3012,2233359,15
3014,2282795,20
3015,1647806,15
3017,2124838,15
3021,3209848,15
3022,2675439,15
3025,1203327,15
3027,1680248,15
3028,532196,15
3031,632142,15
3032,2635694,15
3033,2996911,15
3036,2381567,15
3037,305236,15
3038,3086787,15
3040,885986,15
3042,2743876,15
3043,2020282,15
3044,609127,15
3045,3140463,15
3047,1482484,15
3048,2893057,15
3050,1117015,15
3052,2434656,20
3054,1608280,15
3055,292416,15
3057,803697,15
3058,1283170,15
3060,3258997,20
3061,3368028,15
3062,2127569,15
3064,1787628,15
3069,218487,15
3070,2645607,15
3071,2112773,15
3073,450817,15
3075,2813781,15
3076,13066,15
3077,1047821,15
3078,174227,15
3081,3188469,15
3082,1220959,15
3083,2789602,15
3085,3062848,15
3086,1475448,15
3088,2655103,20
3089,1905771,15
3090,1824885,15
3093,872066,15
3094,1914718,15
3095,1494983,20
3096,3350348,15
3097,3089401,15
3098,1269894,15
3099,435603,15
3101,1773888,15
3103,2748233,15
3104,2475062,15
3106,1543085,15
3107,2289820,15
3108,42210,15
3109,2376382,15
3110,2873224,15
3111,138777,15
3113,2973313,15
3114,2427180,15
3115,2842892,20
3116,971593,15
3117,2492945,15
3119,1751051,20
3121,1793846,15
3125,2465995,15
3127,302891,15
3129,1967926,15
3131,434802,20
3132,2707393,15
3133,1607227,15
3134,788530,15
3135,1424938,15
3137,3052808,15
3142,35196,15
3143,2970088,15
3145,2887554,15
3146,3041482,15
3147,2911814,15
3148,3022502,20
3149,1608036,15
3151,656865,20
3152,2785017,15
3153,2098408,15
3155,1202956,20
3156,2949646,15
3157,1758975,15
3158,3091816,15
3159,913451,15
3161,224449,15
3162,1910288,20
3163,2802933,15
3164,2128594,15
3166,2103195,15
3167,3172170,20
3168,988204,15
3171,378967,15
3172,3018385,15
3173,1082085,15
3174,69233,15
3175,1245302,15
3176,645088,15
3177,2957879,15
3178,3188025,15
3179,983904,15
3180,2177189,15
3181,2282714,15
3183,859417,15
3184,1052141,15
3185,3319199,15
3187,124285,15
3188,2729835,20
3189,1304800,15
3191,1190959,15
3192,3295919,15
3194,2622244,15
3195,1324704,15
3198,524905,15
3199,850051,15
3200,3320672,15
3201,984642,15
3202,2528201,20
3203,447700,15
3204,2092703,15
3205,245635,15
3206,1941494,15
3207,1812151,15
3209,2087003,15
3210,625829,15
3211,492459,15
3212,120169,15
3214,3121789,15
3215,2402459,20
3216,1461162,15
3217,3228819,15
3218,3198712,15
3219,632930,15
3220,3322557,15
3221,3112455,20
3226,1085460,20
3227,2076351,15
3228,605267,15
3229,2431735,15
3232,869470,15
3233,216000,15
3234,2667137,15
3235,3260554,20
3237,3380220,15
3239,3393060,15
3240,2953899,20
3241,1477393,20
3242,1673226,20
3248,1205716,15
3249,3286011,15
3251,116850,15
3252,2239647,15
3253,860673,15
3255,1113107,20
3256,2043009,15
3257,1976215,15
3261,1701939,15
3265,1174191,15
3266,1813235,15
3268,1845695,15
3269,1023945,15
3270,1184501,15
3271,2756486,15
3273,742327,15
3275,2388858,15
3276,672015,15
3278,2749515,15
3279,103869,15
3280,2966874,15
3281,2228786,15
3282,2201256,20
3283,1640271,15
3288,684652,15
3289,3110894,15
3290,2984595,15
3291,176235,15
3292,671054,20
3293,2314936,15
3294,2939254,15
3295,2306862,15
3296,1171381,15
3297,1417043,15
3298,19097,20
3299,2509672,15
3303,505497,20
3304,317106,15
3309,3243796,20
3312,1494298,15
3314,137868,20
3315,1844993,15
3317,2899823,20
3318,157583,20
3319,3167296,15
3320,1328977,15
3321,2011037,15
3322,2502397,15
3323,3202425,15
3325,2005340,15
3326,2076369,15
3328,2727663,15
3329,15929,15
3330,391564,15
3332,1284797,20
3333,1369197,15
3334,1144774,15
3335,435764,15
3336,705322,15
3338,1413637,15
3339,2478843,15
3341,2798466,15
3342,2977466,15
3343,3017762,15
3344,1881161,15
3345,2590769,15
3347,1452068,15
3348,3213842,15
3349,2707770,15
3350,2093868,20
3352,1322572,15
3353,2770147,15
3355,345048,15
3357,927561,15
3358,1529977,15
3359,1698281,15
3362,3333851,15
3364,1968258,15
3365,2265446,15
3366,1468705,15
3367,1460205,15
3369,1498305,15
3372,89864,15
3373,348086,15
3374,3334520,15
3375,2766077,15
3376,1047138,15
3377,286505,15
3379,1463775,15
3380,183548,15
3381,3097248,15
3382,658815,15
3383,726009,20
3384,2042806,15
3385,2310415,15
3388,2699552,15
3389,514604,15
3390,356229,15
3392,2513960,15
3393,1811385,15
3398,794887,15
3399,2160057,15
3400,954658,15
3402,3035802,15
3403,1667805,15
3404,513619,20
3405,862127,15
3406,1624731,15
3407,1087969,15
3413,243115,15
3415,632717,15
3418,1744143,15
3420,2317342,20
3421,324314,15
3422,3005037,15
3423,1152129,15
3426,109212,15
3427,1171001,15
3428,545065,15
3430,3348673,20
3431,1214783,15
3432,3121639,15
3434,2364765,15
3435,1112855,15
3437,1152411,15
3438,1229203,15
3441,3123692,15
3442,656956,15
3443,2655937,15
3444,1985245,15
3446,1972845,15
3447,2708199,15
3449,125765,15
3452,1423791,15
3454,3127552,15
3455,1521134,15
3459,432040,15
3460,385279,15
3462,1866675,15
3464,995244,15
3466,1284119,15
3468,439477,15
3469,2210570,15
3470,2730940,15
3471,617392,15
3472,3301101,15
3473,2229280,15
3474,3021866,15
3477,1940447,15
3478,3143940,15
3479,705418,15
3480,699712,15
3481,1667199,15
3483,3145116,15
3485,1467877,20
3487,3092057,15
3489,169843,15
3490,1681868,15
3491,1391123,15
3492,2989281,15
3493,1481909,15
3496,141850,15
3498,2460153,15
3499,2283530,15
3501,763344,15
3502,823916,15
3503,2278528,15
3504,2949376,15
3505,1981706,15
3507,824934,15
3509,1146409,20
3511,2568457,15
3512,903254,15
3513,559245,15
3515,2719208,15
3516,3203982,15
3519,2856078,15
3520,1202655,15
3521,1387529,15
3522,961436,20
3523,1371067,15
3524,2399369,20
3525,683555,15
3526,350829,15
3528,2915584,15
3529,2970746,15
3530,623638,15
3531,1120519,15
3534,906996,15
3535,751143,15
3536,1553355,15
3537,2220121,15
3538,577729,20
3540,1579884,15
3541,1038672,15
3544,603293,15
3545,2283673,15
3546,378601,15
3548,2708305,15
3549,2529072,20
3550,610994,15
3551,3368490,20
3552,1164285,15
3553,1490873,20
3554,833031,15
3555,3065371,15
3556,560049,15
3557,2067276,15
3559,1405998,15
3561,2565181,20
3562,3399539,15
3565,2811475,15
3566,770584,15
3567,1647333,15
3568,1617422,15
3571,1716870,15
3572,268452,20
3573,883730,15
3574,1270268,15
3579,1471161,20
3582,1448523,15
3583,810074,15
3584,2233216,15
3586,3046057,15
3587,885599,15
3588,1710895,20
3591,3010243,20
3592,1149855,15
3593,2208921,15
3594,3059060,15
3597,1705038,20
3599,21580,15
3600,2588460,15
3603,572704,15
3606,2342897,15
3607,2746322,15
3608,463192,15
3609,893211,15
3610,3241424,15
3612,821581,15
3613,129749,15
3614,2077472,20
3615,16453,15
3616,1514788,15
3617,30239,15
3619,3276300,15
3620,474578,20
3621,1876333,15
3624,3040202,15
3625,258203,15
3627,2387882,15
3628,944251,20
3629,381784,15
3630,2197354,15
3631,2290615,15
3633,2690954,15
3634,2212701,15
3635,3370037,15
3638,3113412,15
3639,1417278,20
3640,1600653,20
3641,1410815,15
3642,615051,15
3643,212317,20
3645,2285782,15
3646,1027387,20
3649,2966231,15
3650,1317441,15
3651,1564233,20
3652,920200,20
3654,94648,15
3656,2617017,15
3657,2259369,20
3658,3163983,15
3660,770877,15
3661,227418,15
3662,1583589,15
3663,2658264,15
3665,1980038,15
3666,2374107,15
3668,2670745,15
3670,1695380,15
3671,3173757,15
3672,3165786,15
3674,621035,15
3676,1661027,20
3677,2026445,15
3679,1155954,15
3681,957464,15
3682,2947127,15
3685,2392432,15
3686,666640,15
3688,1294728,15
3690,1406888,15
3691,2214253,15
3692,1932947,15
3694,3114672,20
3695,1705152,15
3697,1115227,15
3699,3041414,15
3701,3368307,15
3702,2221092,15
3704,664237,15
3707,1289338,15
3708,3364387,15
3709,3030590,15
3711,952753,15
3715,2338413,15
3719,2009940,15
3720,2397010,15
3721,1375394,15
3723,1877170,15
3724,3256057,15
3725,2728236,15
3727,268149,15
3729,322784,15
3730,1521518,15
3731,2528428,15
3732,1547261,15
3734,2733086,15
3737,368201,15
3738,2894390,15
3739,2770565,15
3740,775788,15
3741,3186485,15
3742,1351723,20
3743,904787,15
3744,2773834,15
3745,2004451,15
3748,1373932,15
3750,1293462,15
3753,3083626,15
3754,1474612,15
3756,1028054,15
3758,2799428,15
3759,343029,15
3760,1536560,15
3761,1124176,15
3763,2025182,15
3764,1771866,15
3766,974304,15
3772,2779087,15
3775,741800,15
3777,2284276,15
3778,7537,15
3781,1494281,15
3783,3354811,15
3784,3216481,20
3785,2414407,15
3788,518525,15
3789,3269853,15
3791,1726218,15
3792,2449995,15
3794,1579001,20
3795,120644,15
3797,3042683,15
3799,710669,20
3800,213264,15
3801,2274684,15
3802,3108582,15
3804,863202,15
3805,1987507,15
3806,877873,20
3807,271311,20
3809,2450897,20
3810,1744744,15
3811,12983,15
3812,1062989,20
3814,270320,15
3815,3344697,15
3817,1911886,15
3818,1257512,15
3821,1719217,15
3822,2651687,15
3823,2244267,20
3824,618426,15
3825,2970747,15
3827,1684202,15
3829,2003469,15
3830,1611268,15
3831,2615857,15
3832,1275117,20
3833,1500519,15
3834,3380157,15
3837,33785,20
3838,2338783,15
3840,3176551,15
3843,568071,15
3844,1815604,15
3845,1924117,15
3846,1230442,15
3847,1907791,15
3848,3136374,15
3850,112067,15
3851,1132402,15
3852,3182743,15
3853,2465647,15
3854,1392272,15
3855,2706682,15
3857,2237858,15
3858,2030586,15
3859,50141,15
3862,1286122,20
3863,1094143,15
3864,1478236,15
3865,2448726,15
3870,349642,15
3871,1395872,15
3872,1838380,15
3874,466864,15
3875,2028477,15
3876,2483315,15
3881,1969397,15
3884,946526,15
3885,3153213,15
3886,262161,15
3887,3153772,15
3888,1117020,20
3889,2592947,15
3890,3233180,15
3891,253409,15
3893,2493143,15
3897,2019002,15
3898,2316304,15
3899,2375236,15
3900,529548,15
3902,653545,15
3903,881743,15
3904,17188,15
3905,283068,15
3906,3165557,20
3907,2081436,15
3909,2805884,20
3910,2749321,15
3911,2528352,15
3912,2709723,20
3914,2860400,15
3915,3217178,15
3916,2042436,20
3919,2069010,20
3920,1809422,15
3921,2255561,15
3922,2759119,15
3923,241949,15
3924,2170025,15
3925,2845159,15
3927,2459190,20
3929,510859,15
3931,655265,15
3932,1305076,15
3933,1476658,15
3934,792176,15
3935,1448317,20
3936,584504,15
3937,2831849,15
3938,394490,15
3939,157238,15
3940,2538048,15
3941,2862599,15
3942,2484274,15
3943,710176,20
3948,3045999,15
3949,2356986,15
3951,2176024,15
3953,522405,15
3954,406754,15
3955,2112573,15
3958,2298404,15
3960,3130851,15
3961,2317982,20
3962,953853,15
3963,2410303,15
3965,1822861,20
3966,70859,15
3970,2444571,15
3971,2847278,20
3972,2501169,15
3974,2529021,15
3978,1565964,15
3983,2367142,15
3985,1247668,20
3986,3418208,15
3988,2692485,15
3990,3215844,15
3991,887214,15
3992,2742866,15
3993,1629441,15
3994,3147506,15
3995,2237500,15
3996,299062,15
3997,1003547,15
3999,279404,20
4000,2001710,15
4001,2860970,15
4003,368678,15
4004,3277922,15
4011,2209655,15
4012,1002464,15
4014,2887308,15
4015,1750845,15
4016,2903334,15
4017,234956,15
4018,2638990,15
4019,1976795,15
4020,673227,15
4022,3232858,15
4023,1108252,15
4025,2992549,15
4026,2209811,15
4028,571641,15
4029,3129480,15
4030,2320620,20
4031,3165701,15
4035,3353089,15
4036,449483,15
4037,821724,20
4038,3072637,20
4040,3314361,15
4042,1588921,15
4043,1576440,15
4045,2569211,15
4046,729238,15
4051,420243,20
4052,3099309,15
4054,928607,15
4055,3098422,15
4056,346741,15
4059,1806166,15
4060,2960144,20
4061,2940392,20
4062,2514509,15
4063,126797,15
4066,2611686,15
4067,1395617,15
4068,1610041,15
4069,2878103,15
4070,1566512,15
4072,462482,15
4074,961061,15
4075,509434,15
4076,1385314,15
4078,2573455,15
4080,3338030,15
4081,2049705,15
4082,457570,15
4083,1907811,15
4086,1378236,15
4087,2845138,15
4089,2747702,20
4092,3057029,15
4093,2751745,15
4095,1316364,15
4096,3165649,15
4097,2430013,15
4099,1217452,15
4101,2255388,20
4102,3308740,15
4104,743125,15
4105,2286816,15
4108,2451290,15
4110,239498,15
4112,493849,15
4113,2545323,15
4114,345946,20
4115,1683960,20
4118,154383,15
4120,1903586,15
4121,147110,15
4123,145975,15
4124,1018987,15
4129,1187492,15
4130,1316210,15
4132,292628,15
4133,580697,15
4136,884252,15
4137,1749724,20
4138,2963630,15
4140,1756193,15
4141,2079514,15
4143,1063946,15
4145,869810,15
4146,3075474,15
4147,2556652,20
4148,3151659,15
4149,3127342,15
4151,1722326,20
4152,2721738,20
4153,708825,15
4154,827476,15
4156,1868999,15
4157,1332748,15
4158,3352911,15
4162,2643683,15
4164,1884526,15
4165,1249629,15
4166,2359073,20
4167,435768,15
4169,1630900,15
4170,2077976,15
4171,3099286,15
4172,1970863,20
4173,851189,15
4175,1266426,15
4178,2889501,20
4180,2270027,15
4181,3408321,15
4183,1869965,15
4184,1635247,15
4185,2680284,15
4187,1886091,15
4188,1025204,15
4189,1278411,15
4191,2127412,15
4192,1174219,15
4193,1061507,15
4194,1538485,15
4197,196624,15
4199,1233543,15
4200,2631175,15
4202,3410811,15
4203,2935824,15
4205,412188,15
4206,1380699,15
4207,603880,15
4209,1164713,15
4212,315850,15
4215,1403288,20
4216,1981703,15
4217,178653,15
4219,936091,15
4221,2084012,20
4224,543294,15
4225,2725069,15
4228,1421216,15
4230,3210857,20
4231,281715,15
4232,1144838,15
4233,1003556,15
4234,2321003,20
4235,758378,15
4237,2114410,15
4239,2715304,15
4241,1592151,15
4242,2407582,15
4243,1302031,15
4244,1871132,15
4246,1392441,15
4247,446296,15
4250,2126136,15
4251,3255483,15
4252,311048,15
4254,448773,15
4255,2102727,20
4256,1883548,15
4258,1156496,15
4260,2956539,15
4261,3368213,15
4262,104586,20
4263,2270080,15
4264,2969849,15
4265,528034,15
4266,510758,15
4268,2819791,15
4269,2800201,15
4270,2946173,15
4271,1734377,20
4273,929316,15
4274,2494013,15
4275,1710038,15
4276,1720980,15
4278,2377906,15
4279,452441,15
4280,1849848,15
4281,2831368,15
4283,2279874,15
4284,1682211,15
4285,327575,15
4286,1266458,15
4287,2575089,15
4289,2245073,15
4292,637857,15
4293,1493686,15
4294,1299917,15
4296,998249,15
4300,3015740,15
4301,1755500,15
4304,3396202,15
4306,1112056,15
4307,2322916,15
4312,3223998,15
4313,1222515,15
4314,2094075,15
4315,1809354,15
4316,588592,15
4317,518710,15
4318,2923823,15
4319,2823450,15
4321,845527,15
4324,1027526,15
4325,2341875,15
4326,1890287,15
4327,97063,15
4328,2051294,15
4329,572846,15
4330,310611,20
4331,791056,15
4332,3245169,15
4334,1374304,15
4338,3041894,15
4339,954960,20
4342,947894,15
4343,991079,15
4344,355069,15
4347,145138,20
4348,867496,15
4349,2526471,15
4350,2944196,15
4351,1568779,15
4354,3200062,15
4355,3065300,15
4356,344890,15
4361,2893155,15
4363,3288092,15
4365,165966,15
4367,257849,15
4368,897664,15
4369,14538,15
4372,788032,15
4373,1018206,15
4374,3107639,20
4375,2949150,15
4376,2537705,15
4377,330588,15
4378,1732283,15
4380,2793861,20
4384,303104,15
4385,1949438,15
4386,2418463,15
4390,2197222,15
4391,2781743,15
4392,1685469,15
4393,2485687,20
4394,2788665,15
4396,2651426,15
4397,2927937,20
4398,2751493,15
4399,740604,15
4400,3279747,15
4403,421430,15
4404,1074429,15
4405,240116,15
4406,611278,15
4407,3108267,20
4408,2913178,20
4409,1585817,15
4410,730844,15
4411,3057877,15
4414,821784,15
4415,867392,15
4418,1631801,15
4419,247434,15
4421,216629,15
4424,2056677,15
4425,283578,15
4427,2714700,15
4432,174291,15
4433,414798,15
4438,1639250,15
4439,493475,15
4441,3058342,15
4444,44845,15
4445,621183,15
4448,3403559,15
4452,937059,20
4453,1735565,15
4455,1328373,15
4456,2526152,15
4457,3058670,15
4458,2752103,15
4459,2325272,15
4460,2830040,15
4461,1767314,20
4465,2492576,15
4467,2159322,15
4468,2852047,15
4471,384430,15
4473,205479,15
4476,3124842,15
4477,2332093,15
4478,2174949,15
4483,3649,15
4484,1936092,15
4486,583113,15
4487,530221,20
4489,3283228,15
4491,2582118,15
4495,54098,15
4496,1737858,15
4499,1342893,15
4502,1146347,15
4503,3248472,15
4504,994256,15
4505,2510317,15
4506,1913571,20
4509,2857916,15
4510,685503,15
4512,2952996,15
4515,496883,15
4516,670406,15
4520,1905539,20
4522,1672503,20
4523,2867243,15
4529,2859800,15
4530,916851,15
4531,20990,15
4534,1103882,15
4535,870731,15
4537,1355219,15
4538,799945,15
4540,3300623,15
4541,2207317,15
4542,2801600,15
4543,700442,20
4545,2692620,15
4546,2065125,15
4547,35949,15
4548,2527806,15
4550,2914554,15
4551,445791,15
4552,3282955,15
4553,781622,15
4555,35864,15
4557,1500608,15
4558,2158261,15
4559,1683867,15
4562,1565823,15
4563,172315,15
4565,1066556,20
4567,772960,15
4568,3351279,15
4569,1063038,15
4570,1075839,15
4571,3033935,15
4573,1379323,15
4574,2051059,15
4576,1737444,15
4577,2951138,15
4578,2749866,15
4581,544314,15
4582,2661815,15
4583,1388593,15
4588,297648,15
4589,1712033,15
4591,172847,15
4592,815874,15
4594,2589676,15
4596,2844786,15
4597,87715,15
4600,3244007,15
4602,2154941,15
4604,3376866,20
4605,385170,15
4606,251880,15
4607,2775408,15
4610,1342033,20
4611,993505,15
4613,2442789,20
4615,1636261,15
4616,1427365,15
4617,1090894,15
4618,430646,15
4620,3286896,15
4621,1583215,15
4623,702982,15
4624,1892224,15
4625,3095480,20
4626,1162504,20
4627,224062,15
4629,623591,15
4630,1720356,15
4631,805747,15
4632,2568082,15
4633,2165008,15
4634,2362454,15
4635,476328,15
4636,1182479,15
4638,2401354,15
4642,2349982,15
4643,525771,20
4645,2615153,15
4646,2400710,15
4647,1422490,15
4648,2881360,15
4650,1635763,15
4651,2659122,15
4652,295823,15
4653,1192940,15
4654,2675211,15
4655,1728020,15
4656,2237936,15
4657,490883,15
4659,613071,15
4661,2910638,15
4662,2943886,15
4663,944841,15
4664,2758024,15
4665,1317748,15
4666,278134,15
4667,2968597,15
4668,1095681,15
4669,485780,15
4670,3344027,15
4671,3392242,15
4672,1805705,15
4675,2678071,15
4677,387025,15
4679,644175,15
4681,2957244,15
4682,2460273,15
4683,1465664,20
4684,3376221,15
4685,2717601,15
4686,1139012,15
4688,1233389,20
4691,3120718,15
4695,2925161,15
4697,1228974,15
4700,285388,15
4702,2588383,15
4704,2080229,15
4706,262087,20
4708,2417249,15
4709,2064762,15
4711,1412215,15
4712,1239853,15
4713,3282604,15
4714,2988061,15
4715,2649354,15
4716,302645,15
4718,510773,20
4719,2297433,15
4721,360506,15
4723,2815192,15
4724,3040271,20
4725,518377,15
4726,340851,15
4728,52176,15
4730,3229295,15
4733,2480065,15
4735,1644626,15
4736,408001,15
4738,1473006,15
4744,1745489,15
4745,1469828,15
4749,3285446,15
4750,1676273,15
4751,2644076,15
4752,918345,15
4753,844238,15
4754,2288356,15
4761,2593288,15
4762,1952310,15
4763,916720,15
4764,1587869,15
4765,2088643,15
4767,1238511,15
4768,1751867,15
4769,3321425,15
4770,613626,15
4772,2153358,15
4775,295261,15
4777,1759327,15
4779,2153333,15
4781,1945523,15
4785,2447221,15
4787,1690385,15
4791,366375,15
4793,983325,20
4794,613638,15
4795,1689964,15
4796,1815680,15
4797,812425,15
4798,3340421,15
4799,1508738,15
4801,2845360,15
4802,3242731,15
4803,1466094,20
4805,853106,15
4808,3186774,15
4809,1340116,20
4810,1067731,15
4814,55149,15
4815,419571,15
4816,1637531,15
4817,432812,15
4818,2456108,15
4821,2140407,15
4822,220760,15
4824,208789,15
4826,2783544,15
4829,804120,15
4830,2360161,20
4831,2389574,15
4833,1167746,15
4834,3322419,15
4835,1138822,15
4839,1942666,15
4841,391346,15
4842,1007933,15
4843,2094707,15
4844,2145425,20
4847,833715,20
4848,503968,15
4849,3343080,15
4852,725713,20
4855,1341742,20
4856,3261138,15
4857,836851,15
4858,353483,15
4859,3353425,15
4861,862291,15
4866,2690501,15
4869,2809599,15
4870,2500021,15
4871,1839418,15
4873,1073038,15
4874,180247,15
4877,1354004,15
4879,737861,20
4884,3081848,15
4885,1853723,15
4886,3090159,15
4887,306460,20
4888,682438,15
4890,1935912,15
4895,1089204,15
4896,2101610,15
4897,809375,15
4900,926032,20
4902,1479276,15
4903,678298,15
4906,3114739,15
4907,3142723,15
4908,248212,15
4909,1775648,15
4910,3095713,15
4912,421868,15
4914,3405893,15
4915,2358456,15
4916,2107432,20
4917,1755170,15
4918,3082355,15
4920,3381608,15
4922,3347961,15
4923,2568367,15
4926,2021371,15
4927,848294,15
4930,1583092,15
4932,2745127,15
4933,3219837,15
4936,2540218,20
4937,3302929,15
4940,2302864,15
4941,2249313,20
4944,343818,15
4945,568601,15
4946,1080736,15
4947,562918,15
4948,346790,15
4949,1166491,20
4950,1453199,15
4951,822197,15
4952,1187354,15
4953,1108356,15
4954,996186,15
4955,173386,15
4956,2346695,15
4957,171914,15
4961,2007685,15
4962,1244073,20
4963,1028978,15
4964,2416010,15
4965,3395239,15
4966,521634,15
4968,1005001,15
4970,2544099,15
4972,3385060,15
4973,1761238,15
4974,1258418,15
4976,3339150,20
4980,3055700,15
4981,2538226,15
4984,2043219,15
4987,1183453,15
4988,1605416,15
4990,245625,15
4991,1742585,15
4993,1990708,15
4994,368504,15
4995,2537703,15
4996,3004032,15
4997,1142264,15
4998,504064,20
4999,1118329,20
5001,2841916,15
5003,1496020,15
5007,440714,15
5010,2060839,15
5011,138660,15
5012,1232893,20
5013,2726438,15
5014,472055,15
5015,1927260,15
5016,3016160,15
5018,3351145,15
5020,250335,15
5023,1524470,15
5024,2451174,15
5027,2242667,15
5029,890832,15
5030,1336313,15
5032,1908561,20
5033,2645493,15
5034,3283585,15
5036,107562,15
5038,1980909,15
5039,51660,15
5041,2040114,15
5046,1662038,15
5047,1019692,15
5049,804734,15
5054,219884,15
5055,511598,15
5057,3269851,15
5059,2698489,15
5061,2966280,15
5062,1024299,15
5063,2703741,15
5064,1734238,20
5065,1850602,15
5066,3294993,15
5068,1857852,15
5071,1640539,15
5073,1579908,15
5074,430374,20
5075,2338919,20
5076,1311384,15
5077,3216420,15
5079,1589825,15
5080,2757300,15
5081,380217,15
5083,606514,15
5084,1444333,15
5085,149036,15
5087,2129175,20
5088,2528001,15
5090,2281148,15
5091,422073,15
5094,3137503,15
5096,1296297,15
5097,2324943,15
5100,1957205,15
5102,1139866,15
5103,1816740,15
5105,788940,20
5106,1630189,15
5107,2504345,15
5109,1541116,15
5112,2230965,15
5113,770916,15
5114,1803731,15
5115,860197,15
5116,2305058,15
5117,1405149,15
5118,1885869,20
5119,3411167,15
5120,1362948,15
5123,2694333,15
5124,2168241,20
5125,2693316,15
5126,132936,15
5129,3113974,15
5130,3287073,15
5131,705795,20
5132,612556,15
5134,2509721,15
5135,81392,15
5136,495378,15
5137,262687,15
5138,2948334,15
5140,2191775,15
5142,607572,15
5143,454137,15
5145,2594524,15
5146,100549,15
5151,140639,15
5152,1213213,15
5153,739959,15
5154,2133133,15
5158,1057693,15
5161,2321945,20
5164,2523439,15
5165,917387,15
5166,2454855,15
5167,1563544,15
5168,701692,15
5172,936755,15
5174,3166972,20
5175,814876,15
5177,49506,20
5178,741524,15
5180,996241,15
5181,974268,20
5182,2293797,15
5185,2051087,20
5187,528568,15
5188,2130795,15
5189,581953,15
5192,3267907,15
5194,131382,20
5196,1311595,15
5200,1117693,15
5201,531280,15
5203,1516441,15
5205,569177,15
5207,3028094,15
5208,2935630,15
5214,2057460,15
5216,1108271,15
5217,2208998,15
5218,2133663,20
5220,3133379,20
5221,1460955,15
5222,2330446,15
5224,2123695,15
5226,1418944,15
5228,1188372,20
5229,338600,15
5231,1518691,15
5233,1418305,15
5234,2539004,15
5235,683275,15
5236,1844324,15
5237,1045151,15
5238,2171236,15
5241,3173563,20
5242,3326850,15
5244,1614963,15
5245,547769,15
5247,3113600,15
5251,1869076,15
5253,1727413,15
5255,3302132,15
5256,2532744,15
5257,1307519,15
5259,1805819,15
5260,2962172,15
5261,2054904,15
5262,1498915,15
5263,1417040,15
5264,1395571,15
5265,433131,15
5267,678292,15
5270,803269,15
5271,2781801,15
5273,3087122,15
5274,2232222,15
5277,741235,15
5281,252109,15
5283,2226752,15
5285,2527016,20
5286,2923870,15
5287,1111201,20
5288,701202,15
5289,1960265,15
5290,2892594,15
5291,1048799,15
5293,1795824,15
5294,326405,20
5295,2117038,15
5299,1383315,15
5300,2654923,15
5301,1659217,15
5302,976539,20
5304,2794349,15
5306,2616035,15
5308,1404086,15
5310,756643,15
5311,465549,15
5312,575569,15
5315,2153456,15
5316,303775,15
5317,1101779,15
5320,3408265,15
5321,1025779,15
5322,1633791,15
5323,3185337,15
5324,284816,15
5327,1687126,15
5329,1435403,15
5332,1921433,15
5334,166009,15
5335,1277631,20
5336,287015,15
5337,2222769,15
5339,3083600,15
5341,2004703,15
5343,1601331,15
5344,887556,15
5345,41175,15
5346,1707365,15
5349,2137900,15
5357,2247576,20
5358,2852099,15
5360,2434052,15
5364,41594,15
5365,3207982,15
5367,3290923,15
5368,2254270,15
5369,2943279,15
5370,555737,20
5371,418383,15
5372,3023914,20
5375,3252832,15
5377,2573636,15
5380,3093854,15
5381,1881338,15
5383,3130029,15
5384,1409854,20
5385,1098872,15
5386,1970631,15
5388,2101832,15
5389,495257,15
5391,1372409,15
5392,867109,15
5393,2356753,20
5394,2965758,15
5396,3091516,15
5397,1635597,20
5399,1218677,15
5400,380940,15
5401,755685,15
5402,1759675,20
5403,5117,15
5405,2374506,15
5406,997145,15
5407,1773203,15
5408,490464,15
5410,2131040,15
5411,204609,15
5412,2908061,15
5413,926050,15
5414,931018,20
5415,354341,15
5416,582316,15
5420,2336418,15
5423,1104458,15
5424,3152889,15
5425,3109756,15
5426,820408,15
5433,2227403,15
5434,3313539,15
5435,3412813,15
5436,2442276,15
5438,1248740,15
5439,3337089,15
5440,361061,15
5441,2867633,20
5443,1944536,15
5444,2557433,15
5445,2143941,15
5446,546385,15
5448,2329745,15
5451,2442443,15
5453,1817739,15
5454,571794,15
5455,468155,15
5456,1387522,15
5457,2591758,15
5458,836347,15
5460,2910061,15
5461,2147171,15
5462,3313698,15
5463,2864886,15
5464,1383432,20
5465,1256719,15
5466,317225,15
5467,2914982,15
5468,866534,15
5471,3302596,20
5472,142055,15
5477,1495595,15
5479,1877284,15
5482,52360,15
5485,1198625,15
5487,2181156,15
5488,919127,15
5492,1087344,20
5493,1491354,15
5494,821646,15
5499,1782463,15
5502,1077618,15
5504,1066202,15
5505,498536,15
5506,117370,15
5507,3372038,15
5509,2168446,15
5510,2513589,15
5511,2321370,15
5513,1397098,15
5514,2062131,15
5515,675163,15
5516,3118951,15
5517,2606396,15
5518,1104038,15
5521,2912924,15
5524,2336341,15
5525,3010719,15
5526,861905,15
5530,1518126,15
5531,473857,15
5532,1461827,15
5533,1167805,15
5534,925899,15
5536,1680224,15
5538,2956699,15
5539,1916936,20
5540,2411340,15
5541,120094,15
5542,2985117,15
5546,1285974,15
5547,767786,15
5548,962581,15
5550,3012148,15
5552,2957138,15
5553,2572181,15
5555,2165479,15
5557,1827527,15
5561,126154,15
5562,2355421,15
5563,19810,15
5565,2157804,15
5567,1603182,15
5572,2630293,20
5573,1889557,15
5575,2417877,20
5577,2243092,15
5578,687334,15
5579,2239863,15
5580,282578,15
5581,149889,15
5582,3047004,15
5584,646569,15
5586,2978924,15
5588,2810197,15
5591,332432,15
5592,1585349,15
5594,25936,15
5595,1012382,15
5597,75337,15
5599,1172369,20
5602,3150270,15
5603,3062003,15
5604,1376310,15
5606,2853230,15
5608,466685,15
5610,3031029,15
5613,996663,15
5616,3111547,15
5618,342632,15
5620,479890,15
5621,2198375,15
5622,568973,15
5623,862145,15
5624,2622636,15
5628,2707377,15
5631,162358,15
5632,2180240,15
5634,3312473,15
5638,3205641,15
5639,966163,15
5640,3297963,15
5644,2249752,15
5646,3195300,15
5647,246788,15
5648,2351297,15
5650,554212,15
5652,2822636,15
5653,2710764,20
5654,2973912,15
5655,1572833,15
5657,2616253,15
5658,1241712,15
5662,611030,15
5663,599726,15
5664,2431714,15
5665,3340928,15
5666,3219778,15
5668,866826,15
5669,3341511,15
5670,1036489,15
5671,1571632,20
5672,1801922,15
5674,284301,15
5675,956078,15
5676,70373,20
5677,1069154,15
5679,3232303,15
5681,1138617,15
5683,273758,15
5684,245956,15
5687,2211764,15
5691,1824304,15
5693,136310,15
5695,3390635,15
5696,2859230,15
5697,3012570,15
5698,1355205,15
5699,570166,15
5701,1850441,15
5702,2996759,15
5704,2988225,15
5705,2235940,20
5706,874527,15
5707,2847170,15
5709,1042847,15
5711,1524377,20
5713,698043,15
5715,3395231,20
5716,3159715,15
5718,2454962,15
5719,1299199,20
5720,2237993,15
5721,2671292,15
5722,2716130,15
5723,2329829,15
5724,2023522,20
5725,1854921,20
5728,3093037,15
5729,2702864,15
5730,157573,15
5731,1146669,20
5732,1025754,15
5735,1617884,15
5739,2790833,15
5742,3076219,15
5743,1116664,15
5744,1565968,15
5745,1613495,20
5747,1594075,15
5749,1756150,15
5750,2904561,15
5751,3416719,15
5753,1947311,15
5754,2073040,15
5756,623746,15
5759,3288987,15
5760,1203357,20
5761,785046,15
5762,2703550,20
5764,1718441,15
5767,373658,15
5768,435976,20
5769,1791067,15
5772,1703638,15
5773,1481879,15
5774,1716601,15
5775,717239,15
5776,715826,15
5777,1259414,15
5779,2352138,15
5781,1838278,15
5783,1583203,15
5784,3379008,15
5785,2939612,15
5786,3418070,15
5787,939694,15
5788,900625,15
5789,1940512,15
5791,1904157,15
5796,2441907,15
5797,2846819,15
5799,2388195,15
5800,3151742,15
5801,3076254,15
5802,596507,15
5803,574325,15
5805,3180377,15
5807,2406441,20
5810,1070240,15
5811,2296223,15
5812,106820,15
5813,1950438,15
5815,3249574,15
5816,2230818,15
5817,3138051,15
5818,956377,15
5819,3156314,15
5820,147599,15
5824,3360855,15
5825,833022,15
5826,3180521,15
5828,63759,15
5829,3256633,15
5830,370729,15
5831,1081481,20
5832,2776395,20
5835,2364440,15
5836,618397,15
5837,2082798,15
5838,135228,15
5839,1478806,15
5840,163290,15
5842,253281,15
5843,2643989,15
5844,1223154,15
5846,240564,15
5849,1787589,15
5850,1183074,15
5852,3033197,15
5853,1094408,15
5854,2674919,20
5856,2577341,15
5857,2976076,20
5860,956126,15
5861,1647866,15
5863,392248,15
5866,1806105,15
5867,3072984,15
5868,1817579,15
5869,867998,15
5870,510056,15
5872,3099234,15
5873,627973,15
5875,696902,15
5877,1020820,15
5878,1218374,15
5879,2365440,15
5882,2153132,15
5883,1598280,15
5884,1967034,15
5885,37961,15
5887,1013005,15
5889,3348660,15
5891,1422691,15
5893,42596,15
5894,2465064,20
5895,568898,15
5897,2352112,15
5901,1527377,15
5902,2794968,15
5903,2990521,15
5904,141757,15
5908,1909909,15
5911,1914888,15
5912,190203,15
5914,2531985,15
5915,3001794,15
5917,401259,15
5918,1374540,20
5920,2171669,15
5921,2560302,15
5922,1849852,15
5923,3258539,15
5924,2682208,20
5929,1386190,15
5930,293233,20
5932,1904945,15
5933,3155274,15
5935,3018587,15
5938,1588674,15
5939,2590493,15
5940,222325,15
5942,3200028,15
5945,1431633,15
5946,2588291,15
5947,2539915,15
5948,609243,20
5949,857496,15
5950,697470,15
5951,2310792,15
5953,1765872,15
5954,918183,15
5955,726786,20
5956,1010751,15
5957,2409809,20
5961,2943561,15
5964,2906085,20
5965,6096,15
5967,466334,15
5968,42199,15
5969,249380,15
5970,707861,15
5973,1253382,15
5974,1806687,15
5975,2116702,15
5976,1003391,15
5979,1884234,15
5980,802132,15
5981,562961,15
5982,74973,15
5984,1571785,15
5985,74454,15
5988,2987166,15
5989,925193,15
5990,337549,15
5991,675977,15
5992,2673506,15
5994,1205021,15
5995,189527,15
5996,2143077,15
5997,239814,15
5998,1586310,15
6000,3011446,20
6001,2968568,15
6003,655905,15
6004,591133,15
6005,2025988,15
6006,831944,15
6007,2682544,15
6010,1697477,15
6011,2211293,15
6013,1588440,15
6017,2338053,15
6019,2947914,15
6021,288423,15
6022,383311,15
6023,788654,15
6027,27938,15
6028,2043241,15
6030,3023963,15
6031,3229098,15
6032,248633,15
6033,2682741,15
6036,1149658,15
6037,1562572,15
6038,220587,15
6040,366083,15
6042,1467549,20
6044,2455015,15
6046,1188076,15
6047,210125,15
6050,468154,15
6051,2652370,20
6052,1332601,15
6053,2375556,15
6055,846022,15
6060,617633,15
6061,2489727,20
6062,2689194,20
6064,1720466,15
6065,1215617,20
6067,1592008,15
6069,2514087,15
6071,3132535,15
6072,3211759,15
6074,1033765,15
6077,3274913,15
6081,1340127,15
6082,2405792,15
6083,738088,15
6086,2630180,15
6090,1984502,15
6091,2943716,20
6093,490009,15
6094,895175,15
6095,958961,15
6096,1502558,15
6097,394545,15
6098,396033,15
6099,456934,15
6100,3316190,15
6103,228635,15
6105,944977,15
6107,924612,15
6108,27128,15
6111,875707,15
6113,938501,15
6114,2539767,15
6115,1795821,15
6117,613449,15
6119,1349658,15
6120,2047183,15
6123,2334361,15
6124,1161025,15
6125,2839811,15
6128,2587690,15
6129,1209041,20
6130,2698185,15
6131,1714863,15
6133,1096428,15
6134,832910,15
6137,496302,15
6140,3310656,15
6147,2535108,15
6150,1634261,15
6152,987794,15
6154,3020011,15
6158,1171505,15
6160,131121,15
6161,2415479,15
6162,38225,15
6163,2232336,20
6168,1145215,15
6169,2235664,15
6170,1916334,15
6171,671430,15
6172,3329239,15
6174,1815588,15
6176,1420448,15
6177,1677604,15
6178,307331,15
6179,210433,15
6180,757080,20
6182,3005512,15
6183,1998668,15
6185,870081,15
6186,1411181,15
6188,1194936,15
6189,779191,15
6191,890775,15
6192,586038,20
6193,2458107,15
6197,1999833,15
6198,1531665,15
6199,1685366,15
6200,1688014,20
6203,1816640,15
6204,3162382,15
6205,3122621,15
6209,1388904,15
6210,65712,15
6212,3324407,15
6213,2897804,20
6215,1883215,15
6216,489822,20
6218,321411,15
6220,3402393,15
6221,2815562,15
6222,1100189,15
6223,2458411,15
6224,3106417,15
6227,1906797,15
6228,996118,15
6229,1307439,20
6231,261256,15
6232,2387815,15
6234,2642398,15
6236,537578,15
6238,2292816,15
6239,2788315,15
6240,558267,15
6241,167592,15
6244,538261,20
6245,346370,15
6246,2937241,20
6247,2081972,15
6249,691227,15
6250,3054833,15
6253,662890,15
6254,1902934,15
6255,556676,15
6257,1721470,15
6258,545805,15
6259,2978717,15
6261,991824,15
6264,785800,15
6266,264142,20
6267,2948112,20
6268,1390731,15
6272,2996452,15
6273,767238,15
6274,1148254,15
6276,1046912,15
6277,756264,15
6280,519040,20
6284,3290567,15
6285,1605315,15
6286,2442778,15
6287,3232824,20
6288,1886835,15
6289,1790436,15
6290,2925339,20
6291,2219499,15
6292,3268542,15
6293,2952510,15
6295,804585,15
6296,3067911,15
6298,134944,15
6299,2020109,15
6300,1111243,15
6301,75315,15
6303,2983633,15
6304,2117526,15
6308,2529595,15
6309,565171,15
6310,2594901,15
6311,1928744,15
6313,49426,15
6315,390184,15
6316,1471500,15
6317,563024,15
6318,2099956,15
6319,1359304,15
6321,1810479,15
6322,3397467,15
6324,3325712,15
6325,2724405,20
6326,785145,15
6327,573663,15
6328,1467709,15
6329,2825607,15
6330,2795369,15
6331,2594162,15
6333,267573,15
6335,2595774,15
6337,1223097,15
6338,1088031,15
6341,344544,15
6344,1470188,15
6345,3121397,15
6346,2757760,15
6347,2626929,15
6349,1276116,15
6350,3335787,15
6351,2353315,15
6352,1008921,15
6353,689035,15
6354,2807795,20
6355,683104,15
6356,1806142,15
6357,3149915,15
6358,1550801,15
6359,803345,15
6360,1186823,15
6362,1049551,20
6363,1705646,20
6364,1569875,15
6365,556950,15
6366,2136076,15
6367,351516,20
6368,2569999,15
6369,255838,15
6370,294779,15
6371,1713171,15
6372,65571,15
6373,240779,15
6374,875903,20
6375,3019021,15
6376,719438,15
6378,3181217,15
6379,2136210,15
6380,1360521,15
6382,2529572,15
6383,247501,15
6384,868602,15
6385,1685725,15
6386,571592,15
6387,765102,15
6388,731070,20
6390,3388053,15
6391,203571,15
6393,3143478,15
6394,1528681,15
6395,715754,15
6396,2697478,15
6397,2170360,15
6398,257429,15
6399,316754,15
6400,2888512,15
6402,779372,15
6404,1228411,15
6406,2990304,15
6409,2806719,15
6410,426040,20
6412,265752,15
6417,2108221,15
6418,964302,15
6419,322217,15
6420,2531283,15
6422,503920,15
6426,641471,15
6428,2306725,15
6430,1497698,20
6431,3307643,15
6433,456576,15
6434,1910738,15
6437,2007908,15
6438,413586,15
6440,1944023,15
6442,1608362,15
6444,1803742,15
6447,2016060,15
6448,1660954,15
6449,3133352,15
6450,815342,15
6452,2309448,20
6454,1101230,20
6456,830926,20
6458,1361303,15
6459,828800,15
6460,365869,15
6461,3369002,15
6463,259284,15
6464,221978,15
6467,2611770,20
6469,1222927,15
6470,778199,15
6472,2346683,15
6473,2308722,15
6474,3394373,15
6476,1946998,20
6477,2578620,15
6479,3288149,15
6480,3386883,20
6487,1629205,15
6488,2616921,15
6489,1572061,20
6490,2078992,15
6492,3239633,20
6493,3089001,15
6494,2239028,15
6496,1741499,15
6497,425739,15
6499,1128869,15
6500,940995,15
6502,1135423,15
6503,245256,15
6504,1899246,15
6505,507039,15
6506,266045,15
6508,1176291,15
6509,1301324,15
6511,460639,20
6513,22146,15
6514,2754112,15
6515,1762777,15
6516,3048801,15
6517,219626,15
6518,1882629,15
6519,727694,15
6520,581942,15
6521,2685987,20
6524,1083033,15
6526,193768,15
6528,3227364,15
6529,143738,15
6530,692060,15
6535,1544916,15
6536,2839298,15
6537,893293,15
6538,1363351,15
6540,555930,15
6542,2444218,20
6543,647305,15
6545,529944,15
6546,2059142,15
6548,2794380,20
6549,2324739,20
6550,2212196,15
6552,1167672,15
6553,925093,15
6554,3327068,20
6555,3253438,15
6558,3143454,15
6559,181367,15
6560,1645521,15
6561,2896299,15
6563,2229453,15
6565,1439707,15
6566,1478819,15
6567,700547,20
6568,2262156,15
6569,2377830,15
6570,1381686,20
6571,2197259,15
6572,2833247,15
6573,1710331,20
6574,3058072,15
6575,69850,15
6576,2172582,15
6577,1444355,20
6578,966739,15
6580,688254,15
6585,1003159,15
6586,3420578,15
6587,2104535,15
6588,3128931,15
6590,3182753,15
6591,256465,20
6592,2306751,20
6593,2201113,15
6594,2634673,15
6597,1860044,15
6598,355076,20
6599,3403070,15
6601,1855298,15
6602,2172242,15
6603,1634424,20
6604,2348876,15
6605,3367450,15
6606,782972,15
6607,196025,20
6610,1087119,20
6611,3181072,15
6612,2556797,15
6613,3270831,15
6615,271846,15
6617,370558,15
6619,276045,15
6620,328595,20
6622,583979,15
6624,2335869,15
6630,1534835,15
6632,3104677,20
6633,2615095,15
6635,135032,15
6636,1430071,15
6637,110903,15
6639,987859,15
6641,2521844,15
6643,2301545,15
6644,1083238,15
6645,1105550,15
6647,1641853,15
6648,3173007,15
6649,1708123,15
6650,3285547,15
6651,3028599,15
6653,1909649,15
6655,328106,15
6656,985228,15
6657,2557105,15
6658,1845470,15
6664,2713530,15
6665,1375714,20
6666,2788794,15
6667,795782,15
6668,3257632,15
6669,1003687,15
6673,2106543,15
6675,1201156,15
6677,691402,15
6680,233748,15
6681,1000796,15
6682,2363041,15
6683,2032962,15
6684,1741182,15
6686,358437,15
6687,415295,15
6688,3419174,15
6689,1175416,15
6690,1695756,15
6692,974654,15
6693,1730385,15
6695,2956310,15
6696,2539849,15
6697,1852993,15
6699,688494,15
6701,773174,15
6702,2549917,15
6703,3294377,15
6704,323728,15
6705,2600311,20
6706,2743133,15
6707,3034307,15
6709,1330691,15
6710,1754722,20
6711,1265847,15
6712,235961,15
6713,441468,15
6714,277782,15
6718,1399352,15
6719,3319577,15
6720,2607157,15
6721,971724,15
6724,1099130,15
6725,1372644,15
6726,758962,15
6728,3040551,15
6731,1992128,15
6732,839395,15
6733,3367621,15
6734,1549183,15
6735,1693281,15
6736,3298305,15
6737,2389839,15
6738,2380548,15
6743,1888249,15
6745,381310,15
6746,654191,15
6747,2496369,15
6748,2146309,15
6749,70345,15
6750,2356557,15
6751,1132205,15
6752,1093716,15
6753,2080362,15
6756,879183,15
6757,261647,15
6758,1688118,20
6759,832208,15
6760,3393612,15
6763,1544630,15
6764,1874219,15
6766,896929,15
6767,2754810,15
6768,1378018,20
6769,3350445,15
6770,2217109,15
6771,1823439,15
6772,2399894,15
6773,1700205,15
6776,3268450,15
6777,64635,15
6778,2345207,15
6781,2576025,20
6783,3420745,15
6787,1762170,15
6788,2607284,15
6789,1568255,15
6790,1269508,15
6793,1149237,15
6795,2834002,15
6798,2252873,20
6800,843551,15
6801,253975,15
6802,234829,15
6803,3072535,15
6804,3304722,15
6808,1733328,15
6809,1147584,15
6810,135241,15
6811,2860931,15
6812,878025,15
6813,2533917,15
6814,1416669,20
6816,461416,15
6817,2767347,15
6819,2059346,20
6821,1553955,15
6823,2694521,15
6824,1515043,15
6825,2548219,15
6827,3222488,15
6828,1830784,15
6829,2469081,15
6830,1701639,15
6831,265931,15
6834,2245800,15
6835,1011589,15
6836,2606324,15
6837,1670032,20
6838,1160109,15
6841,2818183,15
6842,1273082,15
6843,3124570,15
6844,3269523,15
6845,394773,15
6848,863490,15
6849,3237445,15
6850,1528746,15
6852,3008187,15
6854,2879504,15
6855,84713,15
6856,1914851,15
6857,1923271,20
6858,2556812,15
6861,507658,15
6862,3117568,15
6863,2619185,15
6867,1484201,15
6868,2841979,15
6869,2891807,15
6870,132488,15
6871,3052818,15
6872,1416481,15
6873,89929,15
6874,2520400,15
6875,188859,15
6876,1564044,15
6880,186912,15
6881,1233783,15
6882,1386451,15
6886,595645,15
6888,2257470,15
6891,1399060,15
6893,2835996,15
6894,1799238,15
6895,181311,15
6896,2786434,15
6897,2520846,15
6900,2762492,15
6901,3176777,15
6902,101270,15
6904,1516094,15
6906,21605,15
6907,819661,15
6908,1584264,15
6909,1997735,15
6910,529859,15
6911,1899034,15
6913,2939927,15
6917,1269178,15
6919,3128169,15
6920,3166604,15
6921,863205,15
6923,1150080,15
6924,251077,15
6925,3099595,15
6926,3295870,15
6929,2171905,15
6932,3008525,15
6933,3188368,20
6934,3326897,15
6935,1710089,15
6936,2218047,15
6938,1112493,15
6942,110341,15
6943,1049848,15
6947,1415782,15
6948,2963724,15
6952,1710552,20
6954,2702800,15
6955,2408819,15
6956,1651642,15
6957,916190,15
6959,148733,15
6962,433395,15
6963,214395,15
6964,1903316,15
6966,800586,15
6968,3188977,15
6969,2605826,15
6970,1734200,15
6972,3350872,15
6973,504934,15
6976,119952,20
6979,2422831,15
6983,1894619,15
6984,2036495,15
6986,143219,15
6988,1269971,15
6990,3563,15
6992,2074228,20
6993,2133510,15
6994,2957155,15
6997,2117918,15
6998,1483451,15
6999,3014780,15
7004,1075754,15
7005,2792404,15
7006,3306601,20
7007,301906,15
7008,2979193,15
7009,1335634,15
7012,2722840,15
7013,3356032,15
7015,983456,15
7018,1672436,15
7022,3317182,20
7025,3101805,15
7026,1927033,15
7027,3193669,15
7028,427111,20
7029,391854,15
7030,212512,15
7031,2636271,15
7032,246460,15
7034,2175276,15
7036,1615676,20
7037,1308583,15
7038,2337424,15
7040,2465868,15
7041,2709144,20
7042,2078323,15
7043,113160,15
7044,790889,15
7046,3327445,15
7047,361117,15
7048,251665,15
7049,3182184,15
7056,1798758,15
7058,529816,20
7059,1320409,15
7060,1546783,15
7061,1671293,20
7062,1807381,15
7063,1440577,15
7064,15664,15
7066,859962,15
7067,195836,15
7068,1852087,15
7073,2140264,15
7075,2284740,15
7077,1045639,20
7079,2484222,20
7080,2363623,15
7081,56308,20
7082,2682835,20
7085,978871,20
7086,22290,15
7087,1197092,15
7089,1479492,20
7091,328212,15
7094,2593215,20
7095,2051745,15
7096,471117,15
7098,1074183,15
7099,2681753,15
7100,30200,15
7101,3095656,15
7103,700754,15
7104,1054848,15
7106,614817,20
7107,2355191,15
7108,635170,20
7111,453386,15
7113,701669,15
7114,2387817,20
7115,1071665,15
7116,2755671,15
7117,1711249,15
7118,576844,15
7119,1587840,15
7120,2131977,15
7122,2355455,20
7124,1117949,20
7125,718305,20
7127,779276,15
7128,1083103,15
7129,317784,15
7130,1816476,15
7131,1256148,15
7132,1689859,20
7133,618863,15
7134,835864,15
7135,888132,20
7136,544303,15
7137,1198148,15
7140,462115,15
7144,800908,15
7147,2876509,15
7150,2009656,15
7152,2251730,15
7153,1303024,20
7155,1916157,15
7156,1004910,15
7157,1086385,15
7158,1592217,15
7159,2952019,15
7160,1291254,15
7161,2095649,20
7163,1273284,15
7164,674887,15
7165,274489,15
7166,2788147,15
7169,732917,15
7171,1115493,15
7172,3817,15
7173,3054919,15
7174,3061522,15
7177,634045,15
7179,2184236,15
7180,2041246,15
7182,1695649,15
7183,959864,15
7184,2107112,15
7186,2224065,15
7189,826567,15
7191,1828169,15
7194,2584093,15
7196,605197,15
7197,335822,15
7198,2067696,15
7203,2472404,20
7205,398248,20
7206,3227162,15
7207,598000,20
7208,2181916,15
7209,731202,15
7210,744627,15
7212,406662,15
7213,750686,15
7215,1739364,15
7217,729932,15
7220,2213879,15
7221,898804,15
7223,506143,15
7224,1435518,15
7225,672803,15
7226,670619,15
7227,1948998,15
7229,2831938,15
7230,2862160,15
7231,3217718,15
7233,899153,15
7236,974602,15
7238,2666509,15
7241,1234508,15
7243,2202137,15
7244,2069420,15
7245,1109229,15
7246,2961664,15
7247,2678708,15
7252,205856,15
7254,1846705,15
7255,1331655,15
7258,1865,15
7259,2523501,20
7260,127277,15
7262,2515644,15
7265,2298547,20
7267,302665,15
7268,3136121,20
7269,1526160,15
7270,2399873,15
7271,3055327,15
7272,2427127,20
7277,908938,15
7278,1292533,15
7280,3031761,15
7281,3348057,15
7284,1400835,15
7285,2748015,20
7286,1631916,15
7288,1246366,15
7290,2685244,15
7291,2788603,15
7293,2461484,15
7294,1956438,15
7296,498746,15
7297,734795,15
7298,3302613,15
7299,1486614,15
7302,1249958,15
7304,3112578,15
7305,1112903,15
7307,3394929,15
7309,2002166,15
7310,1783355,15
7311,1997736,15
7313,2549191,15
7314,2134473,15
7316,517464,20
7317,1637482,15
7318,316212,15
7319,1681728,15
7322,281209,15
7323,35309,15
7324,677884,15
7325,62714,15
7326,1622497,15
7327,2552199,15
7328,843426,15
7330,2761373,15
7332,1591118,15
7333,1337494,15
7334,128389,20
7336,761038,15
7338,965923,20
7339,269670,20
7340,2117630,15
7341,386540,20
7342,2469410,15
7343,2033222,15
7344,747800,15
7345,2417165,15
7346,2259963,15
7348,3285282,15
7350,1053033,15
7353,873976,20
7357,676515,15
7359,1492665,15
7361,769467,15
7363,2560289,15
7365,2962882,15
7366,1480010,15
7368,2889751,15
7369,1550632,15
7372,1527634,15
7373,3302372,20
7376,779344,15
7378,3034582,15
7379,1707403,15
7380,522364,15
7381,3395294,15
7383,213367,15
7384,1774009,15
7385,3099773,20
7386,1469186,15
7387,2970634,15
7388,681094,15
7389,2334892,15
7390,2633629,15
7391,1969280,15
7394,1937691,20
7395,15693,20
7396,2013150,20
7398,815903,20
7400,275891,15
7402,2481809,20
7403,2012459,15
7404,221196,15
7405,131580,15
7406,607741,15
7408,1947416,15
7410,464257,15
7411,2908834,15
7412,897781,20
7413,2341944,15
7414,808439,15
7417,3151483,15
7418,1264151,15
7421,202824,15
7422,2516844,15
7424,878948,15
7425,1091321,15
7430,2395604,20
7433,1484449,15
7435,2592138,20
7436,565000,15
7437,3024086,15
7438,289403,20
7439,1296014,15
7443,2049554,15
7446,2356941,15
7447,2522566,15
7449,275629,15
7450,602273,15
7451,723964,15
7453,711134,15
7454,2403964,15
7455,745430,20
7456,835777,15
7457,1194053,15
7460,376693,15
7461,3298365,15
7462,2551995,15
7463,2349132,15
7464,1891387,15
7466,1074617,15
7467,688586,20
7469,2467649,15
7470,1217144,15
7472,1482802,15
7474,996394,15
7476,2608976,15
7477,1303270,15
7478,1483276,15
7479,1456586,15
7482,1794428,15
7485,2091082,15
7487,2146999,15
7488,1729576,15
7489,226164,15
7491,835447,15
7492,2930476,20
7493,2092635,15
7494,2579493,15
7496,2741810,20
7498,898776,15
7501,1933734,15
7503,1092164,20
7504,1246296,15
7505,3246237,15
7506,212187,15
7507,2997922,15
7509,1903760,15
7510,667164,20
7511,3373980,15
7515,1070297,15
7519,2422571,15
7521,2444936,15
7524,1628020,15
7529,1858543,15
7531,2343470,15
7532,1454837,15
7533,1964829,15
7534,1529213,15
7535,121962,15
7536,2064121,20
7537,2932676,15
7541,997281,15
7543,1711258,15
7544,1206290,15
7545,1394120,15
7546,1256254,15
7547,1640736,15
7549,1363501,15
7550,1477370,15
7554,3080951,15
7555,279968,15
7556,2939651,15
7559,2173356,15
7560,1662594,15
7561,2284300,20
7562,1964852,15
7563,888728,20
7565,3135667,15
7572,3064683,15
7573,437298,15
7576,147478,15
7579,564976,15
7583,2419179,15
7585,2256067,15
7586,1646886,15
7588,3078076,15
7589,914653,15
7590,2672703,15
7591,2451177,15
7593,1249937,15
7594,125725,15
7595,3146511,15
7597,2505793,15
7599,1105757,15
7600,1843701,15
7601,3257791,15
7603,155622,15
7604,1360235,15
7605,1780468,15
7607,548442,15
7608,1631298,15
7609,1714999,15
7610,1678111,15
7611,1907042,15
7612,2187451,15
7614,3032651,15
7615,3381984,15
7616,420153,15
7618,1840753,15
7619,2291390,15
7620,1054567,15
7621,2592944,15
7623,1525906,15
7624,1337445,15
7626,2878121,15
7627,806509,20
7628,1688631,15
7629,2112974,15
7630,1889107,20
7631,1987659,15
7633,1320547,15
7634,604150,15
7635,1805471,15
7636,2658223,15
7637,2163248,15
7638,2383562,15
7642,714396,15
7643,579706,15
7644,3187545,15
7645,2348289,15
7646,2068415,15
7647,152389,15
7648,2194721,15
7650,2206668,15
7651,1538935,20
7653,2116139,15
7654,3363781,15
7655,1646768,15
7657,3389597,15
7658,3320996,15
7659,607444,20
7660,365284,15
7662,610267,15
7663,3382750,15
7664,2114854,15
7665,835967,15
7671,1100373,15
7672,802318,15
7673,1811122,15
7674,3129230,15
7675,3185698,20
7676,3331475,15
7677,401080,15
7678,2894944,20
7679,3167565,15
7682,1114308,15
7683,2460541,15
7684,2399246,15
7685,2718318,15
7687,3377126,15
7689,104854,20
7691,1994,15
7692,45800,20
7693,3126799,20
7694,2608974,15
7695,2072225,15
7697,2502067,15
7698,1698257,15
7701,1308850,15
7702,2289130,15
7705,365308,15
7706,959034,20
7707,2788541,15
7708,943670,15
7711,3252732,15
7712,3071253,15
7713,3244085,15
7715,203202,15
7718,2188272,15
7719,1641331,15
7720,1191513,15
7723,534390,15
7725,1220588,20
7726,849457,15
7728,2877419,15
7731,2481061,15
7732,3357211,15
7733,1447679,20
7734,631532,15
7737,20756,15
7741,1073618,15
7742,216313,15
7743,300920,15
7744,2696715,20
7745,1440295,15
7747,679038,15
7750,1266875,15
7751,802911,15
7752,2447178,20
7753,2972966,15
7755,2814258,15
7756,1965278,15
7758,2963581,15
7762,1685257,15
7765,1467152,15
7766,42461,15
7768,3190698,15
7769,1005372,15
7770,2484686,15
7771,2131591,20
7772,362593,15
7775,2958026,15
7776,243966,15
7777,2325900,20
7779,3183318,15
7780,2523212,15
7781,135287,15
7785,172849,15
7786,231206,15
7787,3131405,15
7789,3227165,15
7792,466138,15
7793,424027,20
7794,508716,15
7796,2342007,15
7797,22150,20
7798,3298981,15
7799,1530268,15
7802,929962,15
7803,1097607,15
7804,1931344,15
7805,3234811,15
7806,356376,15
7807,208550,15
7808,1264071,15
7809,1725977,20
7811,2779549,15
7812,1533841,15
7815,2365281,15
7817,1447472,15
7818,2622036,15
7821,1055208,15
7822,1045846,15
7823,246988,15
7824,2438301,15
7825,2044367,15
7826,2133203,15
7827,2029892,15
7828,918151,20
7829,2645153,15
7830,1723465,15
7831,3023207,15
7834,2646247,15
7835,2476860,15
7837,2299421,15
7839,1822335,15
7840,2863056,15
7841,1732701,15
7844,1893399,20
7848,550374,15
7849,2543842,15
7850,2057240,20
7852,751552,15
7853,127336,15
7855,646574,15
7856,1803885,15
7858,1435670,15
7861,1006312,15
7864,3405641,15
7865,2817564,20
7867,2227585,15
7868,88003,15
7869,2388026,15
7872,280954,15
7874,827126,20
7875,2204511,15
7878,327191,15
7879,3008385,20
7880,2855725,20
7881,1347147,15
7884,2745223,20
7885,624740,15
7887,523491,15
7889,1106395,15
7893,12510,15
7895,912906,15
7896,80103,15
7897,1521616,15
7898,2375350,15
7899,2585334,20
7900,3303646,15
7901,3271987,15
7902,1847849,15
7903,877269,15
7904,2754934,15
7908,238839,20
7910,424861,15
7911,2869295,15
7912,3040517,15
7913,1458758,20
7915,259168,15
7917,1518952,15
7918,988444,15
7919,982894,15
7920,2432380,15
7921,164000,15
7923,2215371,15
7924,1407186,15
7926,1484086,15
7928,2479500,15
7929,2392845,15
7932,825250,15
7933,1651524,15
7934,2960480,15
7937,2687199,20
7938,1853182,15
7939,2600191,15
7942,600173,15
7943,3405572,15
7944,1419490,20
7947,775341,15
7950,1636968,15
7952,2728308,15
7953,2940031,20
7955,195363,15
7957,2107332,15
7958,2632790,15
7960,1823242,15
7961,1145183,15
7962,1203222,15
7963,1565648,15
7964,3017273,15
7965,3402313,15
7967,791039,15
7968,1999121,15
7970,2066511,15
7971,1531000,20
7974,1674779,15
7975,3405205,15
7976,926016,15
7979,927476,15
7983,316737,15
7984,1178597,15
7985,2213250,15
7986,1667070,15
7988,2067227,15
7989,2014791,15
7990,2284913,15
7991,1422045,15
7992,3323129,15
7994,1454722,15
7995,795627,15
7997,176856,15
7998,3388210,15
7999,1688658,15
8001,1573128,15
8002,3238226,15
8005,2544486,15
8006,2981528,15
8008,1599402,15
8010,3313562,15
8012,2026131,15
8013,3183632,15
8014,991150,15
8015,1244507,15
8016,1288242,15
8018,3030877,15
8020,1934715,15
8021,2047052,15
8023,1567891,15
8024,305928,15
8025,2289673,15
8026,813713,15
8030,2000758,15
8031,1869518,15
8032,2592086,15
8033,1500710,20
8035,2454348,15
8037,2153536,15
8038,2407291,15
8039,315178,15
8041,1468569,15
8042,3360456,15
8043,2654165,15
8044,3164338,15
8045,375256,15
8047,2575332,20
8049,2500568,15
8051,1488589,20
8052,2604617,15
8054,499831,15
8055,2495911,15
8056,1405940,15
8057,993889,20
8058,1090224,20
8059,666096,15
8061,1391876,20
8062,219136,15
8063,3201609,20
8065,1546485,15
8066,547170,15
8067,1468188,15
8069,2408661,20
8070,3091404,15
8072,2077829,15
8074,951858,15
8075,1851420,15
8076,2995135,15
8078,2738557,15
8079,3331190,15
8081,1378640,15
8082,2896262,15
8086,2979182,15
8087,2811747,15
8088,427101,15
8089,2512954,15
8091,1121698,20
8093,331218,20
8096,2798748,15
8097,710162,15
8098,681658,20
8099,2954808,15
8100,2234322,15
8101,1917142,15
8103,2123797,15
8104,995649,15
8105,687408,15
8106,2041232,15
8107,1916401,15
8108,608208,15
8109,3194461,15
8110,2399306,15
8111,2301509,15
8112,289521,15
8115,2239721,15
8116,951487,15
8119,654256,20
8120,2472122,15
8123,1054114,15
8126,1016109,15
8128,2827233,15
8129,2191706,20
8130,3334683,15
8131,3141535,15
8132,816234,15
8135,219668,15
8136,3075592,15
8137,1002408,15
8138,138480,15
8141,1725325,15
8145,667315,15
8146,2255101,15
8147,1802615,15
8148,2555087,15
8149,2095000,15
8153,1240705,15
8154,2124577,15
8156,1457006,15
8159,324212,15
8160,42008,20
8161,101110,15
8162,749143,15
8163,1264040,15
8167,490951,15
8168,1009487,15
8169,515688,15
8170,1532797,15
8171,688936,15
8172,1928271,15
8173,530111,15
8174,162498,15
8175,2421816,15
8179,3068396,15
8180,3354259,15
8181,2624051,15
8182,485817,15
8184,184040,15
8185,2475921,15
8187,204706,15
8188,1068605,15
8190,2645053,15
8194,2494416,15
8195,879185,15
8197,350268,15
8198,2372384,15
8199,784887,15
8200,1138293,15
8201,1598240,15
8202,867396,20
8203,2028831,15
8205,254500,15
8206,2385139,20
8207,1162215,15
8208,3361343,15
8209,416471,15
8211,3102697,20
8214,687190,15
8215,294714,15
8217,2579798,15
8218,2154608,15
8219,1075974,15
8220,94667,15
8221,1594379,15
8222,183697,20
8223,2588003,15
8224,3285669,20
8226,3179424,15
8227,92364,15
8228,839208,15
8230,2879860,20
8231,551072,15
8234,631466,15
8237,430435,15
8239,2657891,15
8240,2009927,15
8242,3103,15
8243,210317,15
8244,3214914,15
8246,2961821,15
8247,353314,15
8248,2911803,15
8249,1679773,15
8250,2919217,15
8251,1954067,15
8253,1390212,15
8254,2025148,15
8255,341034,15
8256,2716624,15
8257,493288,15
8258,287585,15
8259,803642,20
8260,1884003,15
8261,2923136,15
8263,1376263,15
8264,60717,15
8265,57170,15
8266,2276920,15
8268,2229164,15
8269,716798,15
8270,2598678,20
8271,1310399,15
8272,1320080,20
8273,2660034,15
8274,1620710,20
8278,1120854,15
8279,641264,15
8281,2653335,20
8283,275445,15
8287,2974943,15
8288,25641,15
8289,388976,15
8290,3405079,20
8292,447070,15
8293,3419587,15
8296,3070593,15
8297,1308547,15
8299,2775865,15
8301,3082220,15
8302,294642,15
8305,995448,15
8308,319619,20
8309,239463,15
8310,581397,15
8311,2386254,15
8313,1123158,15
8314,1594200,15
8315,401573,15
8316,472807,15
8317,2789743,15
8321,2981341,20
8323,3345922,15
8325,847195,15
8327,66395,15
8329,2466983,15
8330,1752844,15
8331,1507586,20
8332,1059608,15
8333,2719054,15
8335,1877459,20
8336,2009928,15
8337,1259011,15
8338,1669448,15
8339,1453706,15
8341,1054308,15
8342,3015300,15
8343,1999795,15
8344,3287888,15
8346,78345,20
8348,2767214,15
8349,2597344,15
8350,2881865,15
8353,60130,15
8355,1391039,15
8356,739207,15
8358,310438,15
8359,3168674,15
8362,183856,20
8364,570667,15
8368,2487194,20
8369,2654766,15
8370,2928393,15
8371,3108637,15
8372,1158599,20
8374,20385,15
8375,1200682,15
8376,530284,15
8378,114435,20
8379,1842708,15
8380,2105801,15
8381,2345736,15
8382,317499,15
8383,970737,15
8385,1198240,15
8386,2346585,15
8388,2757811,15
8389,1734464,15
8390,332036,15
8391,1573822,20
8393,1242501,15
8394,3070510,15
8397,1553015,15
8398,2632365,20
8399,669814,15
8400,3200629,20
8402,529777,15
8403,1299056,15
8404,1132287,15
8405,1838327,15
8407,2112681,15
8408,567320,15
8409,1303793,20
8410,109225,15
8411,3146283,15
8412,1131771,15
8413,1015739,15
8416,1882643,15
8417,292801,20
8418,3112169,15
8419,2805743,20
8420,1883106,15
8421,2539123,15
8422,658637,15
8424,1848083,15
8425,3358350,15
8428,2290425,20
8429,3196025,15
8430,829781,15
8431,3366890,15
8432,935104,15
8434,2070814,15
8435,2437244,15
8436,2656811,15
8437,1451646,15
8438,1097439,15
8441,1527561,20
8442,106995,15
8444,1730778,15
8445,255114,15
8447,127452,20
8448,880997,15
8449,560203,15
8450,604869,15
8451,1664170,15
8452,798666,15
8456,3037241,15
8459,1829154,15
8460,323610,20
8462,1857727,15
8463,1283356,15
8464,2447166,15
8467,3038939,15
8469,2866088,15
8470,123921,15
8471,347228,15
8475,3125981,15
8477,1791645,15
8478,1420690,15
8480,3233009,15
8483,856024,15
8484,816400,15
8485,2856016,20
8487,1152633,15
8488,2712350,15
8489,2285434,15
8492,1629096,15
8493,1840199,15
8495,1700511,20
8500,2205966,20
8501,832219,20
8504,2417734,15
8506,2381888,20
8507,2523806,15
8508,1747191,15
8509,1171997,15
8510,42094,15
8511,1930882,15
8514,1099740,15
8515,2005055,15
8516,2876393,15
8517,2381669,15
8518,2264232,15
8519,1834884,15
8521,296725,15
8522,2787112,15
8523,1777538,15
8526,1287002,20
8527,904997,15
8530,2503868,15
8531,1408781,15
8532,626285,15
8533,1404945,15
8534,3249515,15
8535,109079,15
8536,506743,15
8537,724567,15
8538,3169809,15
8540,2547840,15
8542,2122707,15
8543,764949,15
8544,1659983,15
8546,3386759,15
8547,1049449,15
8549,1693529,15
8550,2932418,15
8552,962181,15
8555,1262136,15
8557,504757,15
8559,991741,15
8560,1403354,20
8561,2673470,15
8563,775542,15
8566,569677,15
8568,1444715,15
8569,353067,15
8570,682097,15
8571,1442670,15
8573,2084091,15
8574,234785,20
8577,2907997,15
8578,150112,15
8579,437303,15
8583,3026414,15
8584,3035413,20
8586,621214,20
8587,2816962,15
8589,802702,15
8590,2446157,15
8592,573858,15
8593,2501464,15
8595,1418857,15
8596,1296889,15
8599,2440104,15
8600,465407,15
8601,54809,15
8602,3016002,15
8603,3409119,15
8604,680553,15
8606,2229457,20
8607,3216774,15
8609,1906921,15
8610,875443,15
8612,2915945,15
8617,34210,15
8618,2207851,15
8619,938529,15
8621,2571386,15
8622,3022097,15
8624,2677911,20
8625,2330535,15
8627,144558,15
8628,1937689,15
8629,518208,15
8634,2724990,15
8635,3123324,15
8636,1927707,15
8637,2609541,15
8638,1622649,20
8639,202772,15
8641,2062697,15
8642,328412,15
8646,2767180,15
8647,518548,15
8649,1298503,15
8650,1230266,15
8654,1445071,15
8657,1665869,15
8661,997622,15
8662,1761911,15
8663,3344454,15
8664,1014758,20
8665,3053489,15
8666,2751326,15
8667,565507,15
8669,1145111,15
8670,2324050,15
8672,3378881,15
8674,2030022,20
8675,3386807,20
8676,2431272,15
8677,716091,15
8679,940905,15
8680,1053355,15
8681,2402120,15
8684,330007,15
8685,2762132,15
8686,1410450,20
8688,839512,15
8690,1586746,15
8692,3045183,15
8693,1283482,15
8695,1728389,15
8696,1483275,15
8698,1774393,20
8699,2427880,15
8701,2353823,15
8702,925199,15
8703,2699621,15
8704,2769359,15
8706,319276,15
8707,2877507,15
8708,2702267,15
8709,2753991,15
8711,3264488,15
8712,2648343,15
8714,2873600,15
8717,3227000,15
8720,684463,15
8721,2756159,15
8724,1082945,15
8725,2747908,15
8726,3006451,15
8727,637650,15
8728,1755578,15
8729,2608374,15
8730,2205167,15
8731,3070224,15
8732,1960245,15
8734,2819324,15
8735,556264,15
8736,917743,15
8738,610113,15
8740,2688053,20
8741,2105477,15
8742,1928764,15
8744,3409913,15
8745,1778887,15
8746,2993831,20
8747,539663,15
8748,3370725,15
8749,2782557,15
8750,2788078,20
8751,684228,20
8752,2222718,15
8753,1943213,15
8754,2939375,15
8755,1572623,15
8756,566425,15
8757,2751688,15
8759,335516,15
8760,684648,15
8761,3156384,15
8763,480827,15
8765,3420909,15
8766,437780,20
8767,1061826,20
8768,2299100,15
8769,130411,15
8770,2193981,15
8771,2150925,15
8772,3082386,15
8774,3378329,15
8775,1778118,15
8776,2830281,15
8777,172193,15
8778,346746,15
8779,1246824,15
8782,1928396,15
8784,1720200,15
8786,500607,15
8788,1704142,15
8789,3075311,20
8792,3382467,15
8793,1464663,15
8794,1757388,15
8795,3048584,15
8800,3164955,15
8801,647049,20
8802,2251214,15
8803,1231924,15
8805,1575040,15
8807,921634,15
8808,2513262,15
8810,3132848,15
8814,1202027,15
8816,2718607,15
8817,2642857,15
8819,1633891,15
8820,2313862,15
8821,2024332,15
8822,611935,15
8824,3300621,15
8825,1908508,15
8827,3115090,15
8828,2000366,15
8829,1513372,15
8830,2963894,15
8831,19241,15
8832,251148,15
8834,52794,15
8835,3024135,20
8836,99201,15
8838,1053851,15
8839,1178651,15
8841,3397867,15
8842,2785732,20
8844,2877273,15
8845,3335224,15
8846,673470,15
8847,848946,15
8848,470719,15
8850,1217568,15
8851,1422749,15
8852,138552,20
8853,88434,15
8855,2839041,15
8856,1679657,15
8857,2429281,15
8858,514954,15
8859,783268,15
8860,2107550,15
8863,360088,15
8866,2881770,15
8869,729040,15
8873,1958399,15
8875,1342905,15
8877,1025970,15
8878,2282532,15
8879,965720,15
8883,2200863,15
8884,1895655,20
8885,3133395,15
8886,2639668,15
8887,3300947,15
8889,3071196,15
8891,1403513,15
8892,1121824,20
8893,3081327,15
8894,1979499,15
8901,811149,15
8905,776140,15
8906,3396790,15
8907,717086,15
8909,2042060,15
8913,2239159,15
8914,2611704,15
8916,1754980,15
8917,1877054,15
8918,2166329,15
8919,113473,15
8922,2205805,15
8925,2628908,15
8930,1949172,20
8935,2678406,15
8936,2699812,15
8939,3286590,15
8940,1551349,15
8941,434047,20
8943,1102358,15
8944,2952596,15
8946,2898194,15
8948,893103,15
8950,3115131,20
8951,722653,20
8952,1977142,15
8955,2022240,15
8956,147872,15
8957,1020001,15
8958,2293167,15
8960,3314969,15
8961,2901098,15
8962,307081,15
8963,1669653,15
8964,2967667,15
8965,1807697,20
8966,1962350,15
8967,524452,15
8971,3368917,15
8972,41810,15
8974,637152,20
8975,577424,15
8979,494935,15
8982,478232,15
8983,2424811,15
8985,844297,15
8986,1752992,20
8987,230792,15
8988,3193047,15
8989,804459,15
8990,897000,15
8991,1467944,15
8992,2753626,15
8993,1028759,15
8995,2563118,15
8996,1065078,15
8997,665772,15
8998,899607,15
8999,42730,15
9000,831974,15
9002,1285156,15
9003,1404288,15
9004,2571095,15
9007,2460965,15
9009,766671,15
9011,1297444,15
9012,1690821,15
9013,270758,15
9015,1917974,20
9016,2726332,15
9018,1094987,15
9021,2368002,15
9024,1808034,15
9025,796973,15
9026,1128308,15
9028,1139330,20
9030,1959522,15
9031,903128,15
9032,2651528,15
9033,2730565,15
9034,2626831,15
9035,101815,15
9038,1759693,15
9039,985034,15
9042,637136,15
9043,521049,20
9045,1436141,15
9046,2559397,15
9047,2244372,15
9048,346171,15
9049,2548565,15
9051,221175,15
9052,124860,15
9053,1078536,15
9054,3069396,15
9057,1578988,20
9059,411405,15
9060,3149676,15
9061,1603437,15
9062,814144,15
9064,1773374,15
9066,1399117,15
9067,3245195,15
9068,3289335,15
9069,1021523,15
9070,1301401,15
9072,2681577,15
9073,3054926,15
9074,2685527,15
9075,191427,15
9077,2696026,15
9078,2672820,15
9079,679197,15
9080,3123179,15
9081,2250222,15
9082,3284115,15
9083,500175,20
9084,2438764,15
9085,1011289,15
9086,1433200,15
9087,1331849,15
9089,798081,15
9090,1495714,15
9092,2125993,20
9093,2816101,15
9094,1505540,15
9097,3126177,15
9098,1576267,15
9099,1001539,15
9104,76458,15
9105,2242601,15
9106,1990044,15
9107,2037068,15
9108,3294975,15
9109,3063121,15
9110,2899238,15
9111,1240776,15
9112,2965980,15
9113,3192932,15
9114,2850884,15
9115,1164706,15
9116,2913354,15
9117,1511988,15
9118,1532450,15
9121,2413014,15
9122,219512,15
9124,802838,15
9125,2866006,20
9126,1623951,15
9128,3333726,15
9130,1167884,15
9131,2484156,15
9136,2506397,15
9137,413030,15
9139,2330143,15
9141,1318485,15
9143,3352189,15
9144,1632579,15
9145,3267002,15
9147,2282120,15
9148,2361570,15
9149,1509921,15
9150,940480,20
9153,1564434,15
9154,1569763,15
9155,1416486,15
9156,3276861,15
9159,3194880,15
9160,2851109,20
9161,951105,15
9162,1424130,15
9164,2267897,15
9165,1934814,15
9168,3168154,15
9169,2561926,15
9170,1599873,15
9171,1999364,15
9172,2110952,20
9176,474914,15
9177,3023521,15
9182,3157693,15
9183,2278291,15
9184,3333941,15
9186,2102977,15
9187,2855096,15
9188,693041,15
9190,1695091,15
9191,516998,15
9192,811727,15
9194,3287843,15
9195,2956387,15
9197,2912870,15
9198,2416061,15
9199,2241347,20
9200,2909867,15
9201,738415,15
9202,2081068,15
9203,2559013,15
9204,1246354,15
9205,2367128,15
9207,1917704,15
9208,941421,20
9209,1794608,15
9211,3084277,15
9212,1358775,15
9213,2881165,15
9214,2010027,15
9217,2917874,15
9220,3136516,15
9221,1054275,15
9223,1818551,15
9224,2387016,15
9225,2546071,15
9226,940058,15
9227,300481,20
9230,2684070,15
9232,2474127,15
9234,1611547,15
9235,471886,15
9236,1709599,20
9239,811540,15
9240,3364789,15
9241,1376269,15
9242,1946618,15
9244,939532,15
9245,2348331,15
9247,154116,15
9248,2391914,15
9250,1674173,15
9251,2405808,20
9255,2356392,20
9256,2304577,15
9258,2161983,15
9266,2699399,15
9267,1970017,15
9270,641528,20
9271,1564598,15
9273,1135060,15
9274,112518,15
9278,929263,15
9280,124383,20
9281,1984804,15
9283,1968947,15
9284,1562185,15
9285,3175848,15
9286,3170559,20
9288,1576711,15
9289,3182752,15
9291,311051,20
9293,2179967,15
9296,1049060,15
9297,1797084,15
9298,2301319,20
9299,2491563,15
9300,2756058,15
9301,2574708,15
9303,732115,15
9304,122647,15
9305,531589,15
9306,613327,15
9308,2698762,15
9310,3256605,15
9311,1733735,20
9312,787916,15
9313,272821,15
9314,1286315,15
9316,3012515,15
9317,323612,15
9318,3079540,15
9319,2635738,20
9321,555738,20
9323,2381161,15
9325,1585144,15
9326,1479924,15
9327,2159682,15
9328,2178635,15
9332,2779669,15
9336,2693767,15
9337,677069,15
9338,706607,15
9339,2062237,15
9341,2968643,15
9342,3180214,15
9343,3405525,15
9344,1638222,15
9345,1524614,15
9346,1643983,15
9352,1045791,15
9354,1625848,15
9356,2158275,15
9357,3151283,15
9358,1766808,15
9359,260951,15
9363,3319264,15
9365,2912520,15
9366,2242377,15
9367,7464,15
9370,2855144,15
9371,421737,15
9373,1917122,15
9374,890067,15
9375,657930,15
9376,901188,15
9377,1951985,20
9378,1471427,15
9379,1125658,15
9380,2043918,15
9382,3205708,15
9383,2163713,15
9384,2024429,15
9385,723161,15
9387,1692518,15
9388,2367186,15
9389,1031867,15
9391,3197855,15
9394,1766238,15
9395,1678632,15
9396,2703981,20
9397,1501013,15
9398,2284512,15
9399,1278670,15
9400,2455985,20
9401,3119375,15
9402,1607431,15
9403,322502,15
9404,1855780,15
9405,1750837,15
9407,2963858,15
9408,1983082,15
9409,160061,15
9410,274163,15
9411,452780,15
9412,494774,15
9414,2499369,15
9417,2198831,15
9421,2800822,15
9423,629282,15
9424,2895525,15
9426,206487,15
9427,3006360,15
9428,563809,15
9430,1774535,15
9431,3330212,20
9432,2293556,15
9433,1747216,15
9437,76901,15
9438,2271379,15
9439,1931394,15
9440,2233663,20
9441,508017,15
9442,436895,15
9446,2773046,15
9447,2185389,20
9448,2199663,15
9449,394009,20
9451,2789458,15
9452,2400076,15
9453,1943670,15
9456,1580473,15
9457,1495261,15
9458,2349189,15
9461,2643660,15
9462,1930379,15
9463,1806087,15
9464,1637290,15
9465,2029167,15
9466,2848773,20
9467,1514924,15
9468,2883809,15
9469,1410248,15
9470,247223,15
9472,3269980,15
9474,2338390,15
9475,940592,20
9476,2128733,15
9478,739120,15
9480,582998,15
9482,2200330,15
9483,2339899,15
9484,2739474,15
9489,1981826,15
9492,2911987,15
9493,1743551,15
9494,206009,15
9496,1770200,15
9501,2343361,20
9502,3261714,20
9503,1169043,15
9504,2372626,15
9505,1029551,15
9506,3316558,15
9507,570776,15
9508,1927323,15
9509,2596289,15
9510,3015138,15
9511,1594415,20
9512,2489224,15
9523,2933173,15
9524,2375057,15
9526,1901402,15
9527,2630334,15
9530,646325,15
9531,2953383,15
9532,1241847,15
9533,2764079,15
9538,2406953,20
9540,3175903,20
9541,1898493,15
9542,2693661,15
9544,655086,15
9546,742065,15
9547,2785817,15
9549,662967,15
9550,953730,20
9551,2797216,15
9553,64604,15
9554,1480461,15
9555,1182749,15
9556,2692819,15
9557,788963,15
9558,625600,15
9560,2163140,15
9562,1749920,15
9563,718344,15
9564,597879,15
9565,3297110,15
9567,655163,15
9570,1413306,15
9572,804794,15
9573,3020061,15
9574,569016,15
9575,1784991,15
9577,2985576,15
9578,2207979,15
9581,1137937,15
9582,624451,15
9583,1535207,15
9584,478478,15
9585,302277,15
9586,3095720,15
9587,2692314,15
9591,3095532,15
9592,1475860,15
9593,1795630,15
9594,2636675,20
9595,1307803,15
9596,3189732,20
9598,2338861,15
9599,1133243,15
9600,1837306,15
9601,1111197,20
9602,664871,15
9603,1645934,15
9606,1331480,15
9607,328008,15
9608,1532514,15
9611,3229353,15
9612,1851504,20
9613,1987004,15
9615,2880127,15
9616,1783490,15
9618,1538719,20
9620,2216521,15
9621,1278230,15
9622,1856681,15
9623,2385324,15
9624,1369066,15
9626,1098496,15
9627,3380609,15
9629,2784824,15
9631,501607,15
9632,2733186,15
9634,2091825,15
9636,2737,15
9639,2528290,20
9640,206208,15
9641,2671484,15
9642,3241785,15
9643,1298685,15
9644,1602140,15
9645,1056182,15
9655,2265006,15
9656,1942583,15
9657,647604,20
9658,1853381,15
9659,2559247,20
9661,1939439,15
9662,1891836,15
9663,1179224,15
9664,1740247,15
9665,1281176,15
9667,3046402,15
9669,1763448,15
9671,2001299,15
9672,3234142,15
9675,272402,20
9678,2507223,15
9679,792929,15
9680,2004605,15
9681,935947,20
9682,2645471,20
9683,670134,15
9684,135370,15
9686,839291,15
9689,1794530,15
9690,886497,15
9691,3256306,15
9692,1872084,15
9693,2247813,15
9694,304053,15
9695,175753,15
9696,1316527,15
9697,1839263,20
9701,3052694,15
9703,1258672,15
9707,2918292,15
9710,437020,15
9711,121908,15
9713,1245420,15
9714,2741915,15
9716,2370185,15
9717,1328862,15
9718,2049529,15
9719,2308032,20
9720,1511261,15
9721,1922797,15
9722,1009613,15
9723,1141221,15
9724,2253814,20
9725,1147840,15
9730,1131541,15
9731,2555673,15
9732,2939491,15
9734,2446176,15
9735,255925,15
9736,752860,15
9738,2045645,15
9739,1234102,15
9741,2041211,15
9742,702738,15
9743,1850778,20
9744,1555809,15
9746,715484,15
9747,1619900,15
9749,3096968,15
9750,2034704,15
9751,1406601,15
9752,901254,15
9753,3318840,20
9755,232471,15
9757,2883280,20
9760,2464586,15
9762,1098421,20
9763,99728,15
9764,2345522,15
9765,1234702,15
9766,1091838,15
9771,2062230,15
9772,615484,15
9773,239246,15
9774,421738,15
9775,3162935,20
9776,1702958,20
9777,1885553,15
9778,1639973,15
9781,1235065,15
9782,2506157,15
9783,1143890,15
9785,2614366,15
9787,1154225,15
9788,1445967,15
9789,435377,15
9790,1422276,15
9794,1766658,15
9796,526672,15
9797,1879454,15
9804,2721710,15
9806,1798692,15
9807,1443723,15
9808,3420084,15
9809,1982178,15
9810,3373549,15
9813,138712,15
9814,2882080,15
9815,1113964,15
9816,307612,15
9817,403977,15
9818,2277868,15
9819,3284564,15
9820,229274,15
9821,171737,15
9822,75017,15
9823,3305393,15
9825,1960062,15
9826,674254,20
9827,735248,15
9828,26319,20
9833,2033128,20
9834,741872,15
9835,1268911,20
9837,231252,15
9840,1202948,15
9841,2313690,15
9843,2354127,15
9844,2415008,15
9846,1713913,20
9847,1215883,15
9849,208311,20
9851,566237,15
9852,148391,15
9853,1364686,15
9854,1140749,20
9855,2603699,15
9860,1433914,15
9861,494823,15
9862,1545811,15
9863,817214,15
9864,292873,15
9865,583472,20
9866,2673461,15
9867,121243,15
9868,599318,15
9869,992387,15
9870,2417805,15
9871,2516417,20
9872,2871876,15
9873,993271,15
9875,1816774,15
9876,828195,15
9878,2527003,15
9879,2418149,15
9880,1131607,15
9881,1102189,15
9883,2407155,15
9884,1698765,15
9886,2374313,15
9887,2597998,15
9889,580104,15
9892,1862623,20
9893,2639086,20
9895,2520504,15
9897,2561789,15
9898,1243751,15
9900,303162,15
9904,1819937,20
9906,1981812,15
9907,3035454,15
9908,1647498,15
9910,1120627,15
9911,1007013,15
9914,2413257,15
9916,1874563,15
9918,792423,15
9921,659639,15
9923,1119644,15
9924,2846517,15
9926,1890216,15
9927,1641713,15
9928,130009,15
9929,2975853,15
9930,3104193,15
9931,2972707,15
9932,1722490,20
9935,2290217,15
9936,1463802,15
9937,273817,15
9941,1503619,15
9942,1545006,20
9943,109884,15
9944,628608,20
9945,1894267,15
9946,3037727,15
9950,484322,15
9953,2117313,15
9954,1743585,15
9956,1059881,15
9959,2874803,15
9960,338341,15
9961,1700139,15
9962,172904,15
9963,3140813,15
9964,1033343,15
9966,2618590,15
9968,1073773,15
9969,2837392,15
9971,1060362,15
9972,2740916,15
9976,1891981,15
9978,248025,20
9979,2806846,15
9981,144242,15
9982,2988622,15
9983,2897892,20
9984,2096824,15
9985,410005,15
9986,933467,15
9987,1132563,15
9988,1960662,15
9989,493909,15
9990,234281,15
9991,2033740,15
9992,2232651,15
9993,1395339,15
9994,1086612,15
9998,984901,15
10000,1925217,15
10003,341786,15
10005,3073390,20
10006,13061,15
10007,759719,15
10008,1766627,15
10009,2991567,15
10010,662126,15
10011,1285044,15
10012,1974816,15
10017,1085426,15
10019,2999416,15
10020,3205936,15
10021,1205593,15
10023,1323945,15
10024,2866314,20
10027,1947502,15
10029,57325,15
10031,76034,15
10032,384115,15
10034,2273446,15
10035,2571394,15
10037,845243,15
10039,369780,15
10041,200912,15
10043,1078827,15
10044,430474,15
10045,1207658,15
10046,557937,15
10047,613409,15
10048,1778304,15
10049,1170216,15
10050,1915818,15
10051,2443572,15
10052,2617160,20
10053,2828188,15
10054,1611798,15
10055,2988580,15
10056,2071238,15
10057,2024477,15
10058,545188,20
10059,1501078,15
10060,634092,15
10063,185420,15
10064,1859252,20
10066,2328204,15
10067,1762945,15
10068,1503133,15
10070,2566736,15
10072,3292699,15
10074,2093180,20
10075,95930,15
10076,1800578,20
10077,1292785,20
10078,808234,15
10081,1585194,15
10082,2561847,15
10083,1824320,15
10085,158120,15
10087,2678777,15
10091,3377673,15
10092,1128403,15
10095,3156861,15
10096,2225077,15
10097,3118327,15
10098,1365748,15
10099,545353,15
10101,2459907,15
10102,664037,20
10104,2705969,15
10105,2540740,15
10108,2082740,20
10109,3124699,15
10110,223024,15
10111,338746,15
10112,3404165,15
10113,3152383,15
10115,3188936,20
10116,2420393,15
10117,281006,15
10118,2456910,15
10119,1149383,15
10120,1875974,15
10121,1641550,20
10122,2189003,15
10123,1467810,15
10124,1280579,15
10125,1275,15
10126,471511,15
10127,356885,15
10128,2477714,15
10129,331036,15
10131,2732451,15
10132,1504369,15
10133,3356092,15
10135,2336721,15
10136,183086,15
10137,2782450,20
10138,862656,15
10139,3231821,15
10141,1446923,15
10143,1224997,15
10144,3355744,15
10146,1444395,15
10147,3313141,20
10149,1205936,15
10151,1410958,15
10152,449000,15
10153,404319,15
10154,667075,20
10155,2564563,15
10157,258448,15
10158,959447,15
10159,2007699,20
10160,703049,15
10161,2304789,20
10162,2724893,20
10164,3146535,15
10165,2367237,15
10169,2489258,15
10170,1197106,15
10172,1521280,15
10174,1647345,15
10175,2660812,15
10178,2886762,15
10179,845214,15
10180,2268838,15
10181,1605458,15
10183,657820,15
10184,396266,15
10190,921703,15
10191,1682133,20
10193,2278169,15
10195,1914031,15
10196,848729,15
10197,49060,15
10198,2192574,20
10202,264314,15
10203,1341739,15
10204,1138498,15
10206,3413065,15
10207,110358,20
10208,3311642,15
10209,1252240,15
10211,2492190,20
10212,1650709,20
10213,318303,15
10215,3063575,20
10217,2013530,15
10218,2623306,15
10221,1554188,15
10222,2972208,15
10225,2053602,15
10226,1641488,15
10227,3161609,20
10229,2875144,15
10230,2170273,15
10231,2031324,15
10232,3411373,20
10233,1569425,15
10234,2739730,15
10237,841459,15
10238,1187622,15
10241,3412026,15
10245,3135779,15
10246,185650,15
10248,1831636,20
10250,1650346,15
10251,2994375,15
10252,2481009,15
10253,976540,15
10255,473706,20
10256,1172004,15
10257,1481396,15
10258,2241350,15
10259,3121171,15
10260,1662306,15
10261,2887350,15
10262,624117,15
10263,662900,15
10264,1087199,15
10267,1465254,15
10268,3134040,15
10269,1209579,15
10270,1670003,15
10272,2904219,20
10273,2540061,20
10274,3246369,15
10280,85766,15
10282,2970375,15
10283,1678287,15
10284,2565895,15
10285,18778,15
10289,1653007,15
10290,574787,15
10291,25918,15
10292,546353,15
10294,769294,15
10296,543142,15
10297,2252910,15
10298,429796,20
10300,682623,15
10301,2532356,15
10303,1146922,15
10307,1623979,15
10308,1418427,15
10310,518916,15
10311,3108601,15
10312,2683684,15
10313,2930779,15
10314,830514,15
10315,2539920,15
10316,3373830,20
10318,1732218,15
10320,155267,15
10321,3040906,15
10322,533603,15
10323,2071745,15
10324,2556318,15
10325,487006,15
10326,3121749,15
10327,1441788,20
10329,2354209,15
10331,1329971,15
10333,793065,15
10336,1444920,20
10337,1200662,15
10339,1791830,15
10340,306863,15
10341,416543,15
10342,1176548,15
10343,152825,15
10345,2329694,15
10346,306737,15
10347,725390,20
10348,139567,20
10349,2157458,15
10350,2001903,15
10351,368229,15
10352,737824,20
10354,3373495,15
10356,2038358,15
10357,1543345,15
10359,1448591,15
10360,1340769,15
10362,678040,20
10363,1037550,20
10364,410275,15
10366,3165871,15
10369,2965348,15
10371,884027,15
10373,3378249,20
10374,1081898,20
10376,2242297,15
10377,802493,15
10378,2027484,20
10380,2066460,15
10381,171269,15
10382,2638123,15
10384,786204,15
10388,1746634,15
10391,1245310,15
10392,945343,15
10395,2555193,15
10396,627640,15
10397,1755335,15
10400,132189,15
10401,1669821,15
10403,50672,15
10408,1279174,15
10409,2492446,15
10410,426461,15
10411,3183401,15
10415,2634049,15
10417,1364493,15
10418,1928387,15
10420,2178527,15
10421,477338,15
10423,1608858,15
10424,2321451,15
10425,2472111,15
10426,1243782,15
10427,2704337,15
10429,1758889,15
10434,3133912,20
10436,723954,15
10437,989292,15
10439,3375875,15
10440,2576964,20
10442,2025234,15
10446,969084,15
10447,1799460,15
10450,519959,15
10451,2305021,15
10452,1693905,15
10453,152346,15
10457,3158089,15
10460,2827366,15
10462,236195,15
10463,2155104,15
10464,3326340,15
10465,1159337,15
10466,2991946,20
10467,1138127,15
10468,2405987,15
10469,2703181,20
10470,945645,20
10471,2200358,15
10473,1244392,20
10474,104914,15
10476,428180,20
10479,3107705,15
10480,888882,15
10482,1321931,15
10483,726253,15
10484,901442,20
10487,2406812,15
10488,488552,15
10489,1871848,15
10491,380373,15
10493,1905739,20
10494,2277943,20
10496,3383981,15
10497,2725772,15
10498,3307701,15
10499,1715124,15
10500,1133995,15
10502,500018,20
10503,835409,20
10505,3199136,15
10506,3051812,15
10507,1690868,15
10508,2703789,15
10509,138406,20
10511,24417,15
10512,807022,15
10514,34402,15
10515,2093934,20
10516,2917308,20
10518,1729967,15
10519,863556,15
10522,776102,15
10523,1744099,15
10525,1639777,15
10526,2632697,15
10528,852885,15
10529,1263648,15
10532,833248,15
10533,2008071,15
10537,1802860,15
10538,2091968,15
10539,1134754,15
10540,2543702,15
10542,2821066,15
10545,1168293,15
10554,2677945,15
10555,1804619,15
10556,21894,15
10560,2200467,15
10561,2829275,15
10562,2005194,15
10564,2891297,15
10565,947827,15
10567,1898358,20
10568,2403984,15
10569,2428216,15
10570,1094413,20
10571,845915,15
10572,1370770,15
10574,2123353,20
10575,3128264,20
10576,1275421,15
10577,1573881,15
10579,855536,15
10580,248360,15
10581,142237,15
10583,480601,15
10589,2523323,15
10593,1224991,15
10595,1660556,15
10597,2622008,20
10598,1631632,20
10599,99164,15
10600,186320,15
10602,48238,15
10603,222525,15
10604,2709828,20
10605,708529,15
10606,3324692,15
10608,3173999,15
10609,1601283,20
10610,996709,15
10612,2787365,15
10615,1895839,15
10616,2363958,15
10617,516310,15
10624,2976188,15
10625,2754274,20
10626,2725509,15
10627,2390131,15
10628,1158817,20
10630,2573934,20
10632,1560562,15
10633,2635431,15
10636,3305566,15
10637,1830025,15
10638,2486392,15
10639,823885,20
10640,2984828,15
10641,2806203,15
10644,2744308,15
10646,1206622,20
10647,3288540,15
10650,1096099,15
10651,2859317,15
10652,3317957,20
10654,748716,15
10655,3205941,15
10657,958684,15
10658,206368,15
10659,896566,20
10660,2342226,15
10661,365206,15
10663,2206453,20
10664,2288509,15
10665,930789,20
10666,1785150,20
10667,1680573,15
10668,2108451,20
10669,2001958,15
10671,1233647,15
10672,1289468,15
10673,385529,15
10674,1392755,15
10677,982737,15
10680,3330505,15
10681,409421,15
10682,1118929,15
10683,1394230,15
10684,2372367,15
10686,3156419,15
10687,2405175,15
10689,2192510,15
10690,3217758,15
10691,1912125,15
10692,1020181,15
10694,2023055,15
10696,2994540,15
10697,1128976,20
10699,964480,15
10700,1013273,15
10701,505274,15
10702,3216263,15
10703,1239709,15
10704,1099985,15
10706,125763,15
10708,708143,15
10710,2899815,15
10711,1501027,15
10712,427588,20
10713,2171676,15
10714,247605,15
10715,1898907,15
10716,2783183,15
10717,2656636,15
10718,2691459,15
10719,1437932,15
10720,1966426,15
10722,1432153,15
10723,1633266,15
10725,764109,15
10727,1594794,20
10728,759472,15
10732,3090372,15
10734,1982547,15
10736,2374528,15
10737,1213263,15
10738,95704,15
10739,1778978,15
10741,2032666,15
10742,887086,15
10744,2118295,15
10745,1852627,15
10747,1220113,15
10748,2611140,15
10750,508831,15
10755,817907,15
10757,1610399,15
10759,3029940,15
10760,520760,15
10762,1172791,15
10765,2748772,20
10767,2564213,15
10768,1331069,15
10772,514518,15
10775,819471,15
10776,3073757,15
10777,1752263,15
10779,2168028,15
10781,119731,15
10782,2813011,15
10783,2354539,15
10785,3313529,15
10786,2505862,15
10787,2594571,15
10789,114834,15
10790,2463876,15
10791,2016932,15
10792,2359606,15
10793,782149,15
10795,776056,15
10796,2944345,15
10798,906584,15
10802,2367350,15
10804,295923,20
10808,2300792,15
10809,2273336,15
10812,2906829,20
10814,627406,20
10815,1297873,15
10816,2204031,15
10817,2195917,15
10818,2011971,15
10819,1607569,20
10823,1318896,15
10828,61688,15
10829,3286917,15
10830,131245,15
10831,3208000,15
10832,2993339,20
10833,549874,20
10834,604295,15
10838,2136867,15
10839,2332555,15
10840,3018238,15
10842,1539583,15
10843,2664379,15
10845,2073836,15
10846,2737588,15
10847,679653,20
10849,799804,15
10850,266087,15
10851,1786766,20
10853,1055435,20
10855,2972266,15
10856,1158146,15
10857,2126016,15
10858,1973299,15
10859,2178820,15
10861,461681,15
10862,1986011,15
10866,1919262,15
10868,3254868,15
10869,39906,15
10870,2971601,15
10871,760043,20
10872,1222092,15
10873,160363,15
10874,2203814,15
10875,1347685,15
10876,1945851,15
10877,594671,15
10879,822999,15
10880,1997220,15
10881,1227878,15
10882,3023089,15
10883,102139,15
10884,2141950,15
10887,1442049,15
10888,3232710,15
10889,2015722,15
10892,1000872,15
10893,3029366,15
10894,2141576,15
10895,480398,15
10896,905865,15
10897,905359,20
10899,2961516,15
10902,378419,15
10904,1704012,15
10905,432727,15
10906,305715,20
10907,2816210,15
10908,376848,15
10909,2928663,15
10910,1457031,15
10911,3260568,15
10912,1559192,15
10913,2878405,15
10914,1159046,20
10916,2758802,15
10917,1786308,15
10919,2606534,20
10920,1932545,15
10923,1753418,15
10924,1962070,20
10925,3090500,15
10927,1366408,15
10928,3321236,20
10929,360433,15
10930,2407797,20
10931,1866783,20
10935,3408598,15
10937,3361868,15
10938,963887,15
10939,176623,15
10941,827320,20
10942,1574057,15
10943,1556180,15
10946,2740309,15
10948,2868546,15
10949,73755,15
10950,426515,15
10952,1842550,20
10953,1808565,15
10954,3347452,15
10955,1388768,15
10956,164730,20
10959,2826369,15
10960,1032588,15
10962,885503,15
10963,2484520,15
10964,3300488,15
10965,1355074,15
10968,2191380,15
10971,965823,15
10974,511799,15
10975,2852008,15
10976,158901,15
10977,885761,20
10978,1612635,15
10980,1673932,15
10981,1106547,15
10982,160041,15
10983,584606,15
10984,3141118,15
10986,74471,15
10988,47112,15
10989,471604,15
10990,525905,15
10991,2599151,15
10993,2030855,15
10995,3361629,15
10996,3097324,15
10997,1416676,20
10998,1077630,15
10999,1408658,15
11000,429225,15
11003,3052260,15
11004,1925279,15
11005,217132,15
11006,1259258,15
11007,2664504,15
11008,865350,15
11009,1885812,15
11012,485065,15
11016,1519806,15
11017,3017190,15
11018,2791136,15
11019,2265723,15
11020,2421131,15
11021,1071831,15
11022,3057553,15
11023,2168318,15
11024,1028526,15
11025,492675,15
11026,508989,15
11028,1926530,20
11031,1500468,15
11032,2649888,15
11033,272324,15
11034,1913415,15
11035,891787,15
11036,546758,15
11038,1185316,15
11039,1086038,15
11040,2871756,15
11041,3234308,15
11042,53744,15
11043,1768608,15
11044,1973408,15
11049,90515,20
11050,2308586,20
11052,171021,15
11055,781602,15
11056,1460561,20
11059,470982,20
11062,1159362,15
11063,1786153,15
11067,2592149,15
11068,2200909,15
11069,1340911,15
11072,1493822,15
11076,498278,15
11077,633448,15
11080,431063,15
11082,2796457,20
11084,1211040,15
11085,1070002,15
11086,950298,15
11087,143987,15
11089,2642147,15
11090,228642,15
11093,3122475,15
11094,1586622,15
11096,2029682,15
11097,2583863,15
11098,1369850,15
11100,2206064,15
11101,2377994,15
11102,653049,15
11103,1520527,15
11104,320787,15
11105,874950,15
11106,2154407,15
11107,700401,15
11108,2173966,15
11109,3231635,15
11111,222937,15
11114,1689987,15
11117,247231,15
11119,2823689,20
11120,344787,15
11121,158567,15
11122,749376,15
11124,768266,15
11126,1838838,15
11127,1695962,15
11129,2155886,15
11132,1578525,15
11133,1621991,15
11135,2162707,15
11136,1199147,15
11137,3166240,15
11138,801845,15
11142,1205584,20
11144,2385551,15
11145,1294714,15
11146,1521866,15
11148,2374300,20
11150,357910,15
11152,534272,15
11153,2669405,20
11154,2285910,15
11155,2163832,15
11156,212386,15
11157,809761,20
11162,1246622,15
11164,1399191,15
11166,2020574,15
11167,2111359,15
11169,1706444,15
11170,2335469,15
11173,1777268,15
11174,3221089,15
11176,1003217,20
11177,1943053,20
11178,823366,15
11179,2579872,15
11180,1742191,15
11181,2951741,15
11182,927201,15
11185,152926,15
11190,874376,15
11192,1071098,15
11194,2882528,15
11198,551693,15
11203,1773500,20
11204,662037,15
11205,1841685,20
11206,3286273,20
11210,736763,15
11212,155463,20
11213,3121742,15
11214,101460,15
11215,2451697,15
11216,3118270,15
11217,2377311,15
11220,1914356,20
11221,298782,15
11226,1432311,15
11227,2897455,15
11228,1219568,15
11229,2662049,15
11230,3357441,15
11233,2236203,15
11234,1539584,15
11235,1601032,15
11236,1800279,15
11237,2439944,20
11238,201919,15
11239,2169235,15
11240,954084,15
11241,1524400,15
11242,2964444,15
11244,2794399,15
11246,2726034,20
11247,2921237,15
11249,25524,15
11250,1831299,15
11255,286998,15
11257,981265,15
11258,768230,15
11261,2603846,15
11262,2847071,15
11266,1144310,15
11269,217490,15
11270,1469728,15
11271,1278803,15
11272,1640460,15
11273,3264377,15
11274,2886792,15
11276,2971210,15
11278,452077,15
11280,1975016,15
11281,141438,20
11282,916461,15
11285,2873290,15
11286,2576807,15
11290,2021926,20
11291,1107821,15
11292,3386423,15
11293,701440,15
11294,1094597,15
11296,1722579,15
11297,2439828,15
11299,2575578,20
11300,2213597,15
11301,2748154,15
11302,1627140,15
11303,1223240,15
11304,470065,15
11305,2688029,15
11307,2162248,15
11308,519537,15
11309,1395361,15
11311,818446,15
11312,113940,15
11314,2574947,15
11315,717426,20
11316,1856208,15
11317,2103185,15
11320,1655736,20
11321,3413620,15
11322,1041266,15
11323,1962402,15
11324,2646462,20
11325,369311,15
11326,3072215,15
11327,89477,15
11328,2974056,15
11330,3402913,15
11331,2098091,15
11332,1731767,15
11333,2985500,15
11335,2634088,15
11336,2895796,15
11337,1472907,20
11340,23046,15
11341,2851908,15
11343,1962812,15
11344,906429,15
11346,3342181,15
11347,2371345,15
11348,2279114,15
11350,400333,15
11351,1292405,15
11352,2445318,15
11354,222492,15
11355,2531749,15
11356,1977284,15
11358,679570,20
11359,2784167,15
11360,1579865,20
11362,2360933,15
11365,2259739,15
11367,3280124,15
11369,1523614,15
11371,762699,15
11372,2476735,15
11373,222078,15
11374,149469,15
11375,1331338,15
11377,81943,15
11378,3250285,15
11380,185752,15
11381,786678,15
11382,923377,15
11383,635524,15
11384,1352439,15
11385,2465589,15
11386,805527,15
11387,1793461,15
11388,425852,15
11389,1220758,15
11391,2128343,20
11392,1185135,15
11393,655420,20
11394,885662,15
11397,2361192,15
11399,9238,15
11400,3158492,15
11401,94196,15
11403,1936815,15
11404,1153548,15
11405,2365341,15
11407,276698,15
11409,1762753,15
11414,1958914,15
11415,1203749,15
11416,2389516,15
11418,498732,15
11419,2900220,15
11421,689985,15
11422,2976499,15
11425,3112521,15
11427,2041263,15
11428,2632223,15
11429,2574491,15
11432,2348610,15
11435,149544,15
11436,3326658,15
11437,825794,15
11439,68562,15
11443,47505,15
11444,237826,20
11445,3176070,15
11446,2209671,20
11449,2757574,15
11450,1687414,15
11452,2313941,15
11454,3299436,15
11455,1391619,15
11456,12950,15
11458,752936,15
11460,606775,20
11461,1134758,15
11462,2925676,15
11463,854407,20
11465,1680642,15
11467,569204,15
11468,1455829,20
11469,1301800,15
11470,1107632,15
11473,1178982,15
11475,1595455,15
11476,451312,15
11477,499965,15
11478,229056,15
11479,930826,15
11481,366139,15
11482,367896,15
11484,2195299,15
11488,3348784,15
11489,448094,15
11490,35657,15
11493,1345333,15
11494,3353851,15
11496,3350543,15
11498,640331,15
11502,3110633,15
11507,3375320,20
11508,3290442,20
11510,1107422,15
11511,1935685,20
11512,3331158,15
11513,724060,15
11514,1091563,15
11515,1646790,20
11516,469764,15
11517,1207505,20
11518,1039668,20
11519,1703282,15
11521,860179,15
11522,3227965,15
11523,367524,20
11524,3276296,20
11525,2476242,15
11526,1056930,15
11527,533557,15
11528,21572,15
11532,354383,15
11533,17590,15
11534,1528524,15
11538,953411,15
11543,115663,15
11544,251278,20
11545,486168,15
11547,558525,15
11548,1870819,15
11549,322308,15
11550,2282905,15
11552,46409,15
11553,3202592,15
11554,639510,15
11561,429911,15
11563,1953082,15
11564,2650480,15
11567,1329810,15
11568,2773028,15
11569,1294497,15
11570,2823836,15
11571,343620,15
11574,864152,15
11576,17779,15
11577,1340380,20
11578,576119,15
11580,3079630,20
11581,3003527,15
11582,879381,15
11584,623412,15
11585,2102912,15
11586,2077954,15
11587,1948564,15
11588,645766,20
11589,1043517,20
11593,502234,15
11594,2709325,15
11595,2308118,15
11596,200538,15
11597,1733989,15
11602,3162925,15
11605,566436,15
11606,1352588,15
11607,537469,15
11609,1243936,15
11610,3076524,15
11612,1966922,15
11613,1678369,15
11614,1590725,15
11615,882052,15
11616,702538,20
11618,2584612,20
11619,3255816,15
11622,2052934,15
11623,1567473,15
11625,910603,15
11626,915278,15
11629,2826712,15
11632,1982135,15
11634,2049204,15
11635,3233603,15
11636,2022462,15
11637,3211644,20
11639,3314057,15
11642,600763,15
11644,1871121,20
11647,3056069,15
11649,1414681,15
11650,967588,15
11652,2778732,15
11653,3301888,15
11654,3019237,15
11655,2586323,15
11656,172821,15
11657,1895184,15
11663,125697,15
11664,3116004,15
11665,2168520,20
11668,2762322,20
11669,1567242,15
11670,2775305,15
11671,882338,15
11673,2169090,15
11674,353096,15
11675,2040449,20
11677,2035823,15
11678,2300745,15
11680,2071759,15
11683,528180,15
11685,2265121,15
11687,2653210,15
11688,1364405,15
11689,308603,20
11690,1073917,15
11691,2439486,15
11692,2004043,15
11694,3053589,20
11695,1011646,20
11696,1731154,15
11698,2597307,15
11699,504039,15
11701,2820777,20
11702,225724,15
11703,1574677,15
11705,2974464,20
11706,2733564,15
11707,3127959,15
11709,3395246,15
11710,1796602,15
11711,2927278,15
11713,3293871,15
11715,1523133,15
11716,1916221,15
11717,3306741,15
11718,2625179,15
11719,2271916,20
11721,950271,15
11724,3339223,15
11725,651690,15
11726,15113,15
11727,1778033,15
11728,3231347,15
11729,729404,15
11730,3309624,15
11732,3019026,15
11733,696920,15
11735,2279094,15
11737,484525,15
11738,1338131,15
11739,101598,15
11741,396334,15
11742,3294279,15
11743,952669,15
11744,462983,15
11745,1967202,15
11746,3134149,15
11750,28800,15
11751,3137461,15
11752,1877119,15
11753,895383,15
11755,89020,15
11756,2071551,20
11757,1281366,15
11759,3349579,15
11760,2849239,15
11761,1060022,15
11762,2625685,15
11763,1255774,15
11765,3132273,15
11766,1827025,15
11768,2842300,15
11771,635139,15
11773,3292827,15
11774,2603036,15
11775,1505561,20
11777,98981,20
11779,2025872,15
11781,1595284,20
11782,2238395,15
11784,2551964,15
11785,2281846,15
11786,942368,15
11788,1245161,15
11789,1109561,20
11790,2369130,15
11791,3325581,15
11793,885697,20
11794,1462895,15
11795,3199571,15
11798,499444,20
11799,619154,15
11801,3222536,15
11804,912332,15
11807,616177,15
11808,1276663,20
11809,3361601,15
11811,1845203,15
11812,1154741,15
11813,533395,15
11814,1444997,15
11816,2055549,15
11817,5836,15
11819,3136932,15
11820,3313508,15
11821,499301,15
11823,410692,15
11827,3126527,15
11828,382606,15
11829,321195,15
11831,752271,15
11832,1280447,15
11833,1084119,15
11836,825830,15
11837,2813839,15
11838,2663815,15
11840,3220283,15
11841,1187366,15
11842,3196736,15
11843,227008,15
11844,2544282,15
11845,1134912,15
11846,2021358,15
11849,1000687,15
11850,877501,15
11854,181758,15
11855,2488329,20
11858,2802509,15
11859,3163408,15
11860,2795946,15
11861,1908691,15
11862,1317983,15
11864,2155114,20
11865,1386387,15
11867,1184231,15
11868,2148890,15
11870,1533253,15
11871,2620292,15
11872,1813443,15
11873,2454421,20
11875,1805334,15
11876,930116,15
11880,903321,15
11883,2065899,15
11884,2834476,15
11885,2940878,15
11886,1739787,20
11887,1339128,15
11888,1301526,20
11889,2433323,15
11890,3235047,15
11891,1588632,15
11892,833480,15
11893,2566223,15
11894,132208,15
11895,934024,15
11896,1774529,15
11900,622413,15
11904,2366351,15
11909,2676264,15
11911,2751445,15
11913,445115,15
11915,1710450,15
11916,571163,15
11918,2451116,15
11919,1103217,15
11920,35754,15
11921,290834,15
11922,2896031,15
11923,2082591,15
11924,579533,15
11925,2117969,15
11926,3092014,15
11927,1263651,15
11929,58231,15
11930,3366184,20
11931,1255926,15
11933,1005994,15
11934,1686917,15
11936,3297903,15
11937,1452404,15
11938,1247328,20
11941,1671061,15
11942,925972,15
11944,755398,15
11947,734233,15
11948,2035870,15
11949,1292773,15
11950,37767,15
11952,1732695,20
11953,3355653,15
11954,2436718,15
11955,243187,15
11956,3087142,15
11958,2011188,15
11960,2495714,15
11961,1114050,15
11962,1885914,15
11964,1372732,15
11966,780584,15
11967,1356238,15
11969,1305321,15
11970,2656237,15
11971,2548859,15
11973,2915786,20
11974,1148594,15
11977,678815,15
11978,2729221,15
11979,1589474,15
11981,474553,15
11982,563730,15
11984,764273,20
11986,1190330,15
11991,3109784,15
11994,2953731,15
11996,187522,15
11998,1927790,15
11999,925319,15
12000,2263691,15
12001,3391640,15
12002,1304291,15
12005,111766,15
12006,1227666,15
12007,145494,15
12012,2252267,20
12013,2228306,20
12015,3081542,15
12016,2119833,15
12017,1574479,20
12018,435712,15
12020,166830,15
12022,2333827,20
12023,1918334,20
12025,1541493,15
12027,710068,15
12028,3366089,15
12029,378089,15
12030,2272307,15
12031,1383434,15
12032,3398724,15
12033,2577496,15
12035,373796,15
12037,1004231,15
12038,246260,15
12039,2997903,20
12040,1504799,15
12041,3064107,15
12042,2673417,15
12043,3279840,15
12046,3226413,15
12047,2012600,15
12048,686547,15
12050,1228563,15
12051,2781816,15
12053,1583532,15
12054,2374121,15
12056,1695308,15
12058,163919,15
12061,141776,15
12062,1806907,15
12064,2405764,15
12065,896691,15
12066,1224055,15
12068,866006,15
12069,3094911,20
12070,2064654,20
12071,354603,15
12072,1048541,15
12073,2247210,15
12077,517755,15
12079,1861843,15
12080,185629,15
12082,3188246,15
12083,2518836,15
12084,2576987,15
12086,795979,15
12087,3375076,15
12088,85887,15
12090,2717272,20
12091,110704,15
12094,2846577,20
12096,295902,15
12097,561727,20
12100,1339982,15
12101,2045880,20
12102,3257359,20
12104,2214563,15
12106,3343614,15
12107,2566109,15
12108,2191035,20
12109,1013528,15
12110,2502885,15
12111,1029063,20
12112,3050388,15
12113,1235824,20
12117,3259208,20
12119,677290,15
12121,2515162,15
12122,614930,15
12123,2122846,15
12125,2298906,15
12127,2752861,15
12128,518859,15
12129,1388834,15
12132,1800023,20
12134,522886,15
12135,3205398,15
12136,3329570,20
12137,467469,15
12138,929712,15
12139,20319,15
12140,3318405,15
12144,385032,15
12145,2039344,15
12147,1771707,15
12148,2845319,15
12149,3411801,15
12151,2414503,15
12152,508458,15
12153,576717,15
12154,1567186,15
12156,315478,15
12157,3268929,20
12158,1022255,15
12159,556842,15
12160,3192131,15
12162,3028726,15
12163,1742967,15
12164,2805821,15
12165,2434629,15
12167,1594614,15
12168,472316,15
12169,2593658,15
12170,725350,15
12171,2600922,15
12174,1860789,15
12175,2065716,15
12176,1461296,15
12177,1326857,15
12178,89173,15
12179,3075265,20
12181,1369945,15
12182,712725,15
12183,148956,15
12184,3205014,20
12185,551070,15
12188,448538,20
12189,366692,15
12190,1309616,20
12191,2600155,15
12192,2462271,15
12193,2967234,15
12194,2047958,15
12195,926797,20
12198,840010,15
12203,3409091,15
12206,2920566,15
12208,278071,15
12209,1016348,15
12213,2458638,20
12214,2555248,15
12215,2783423,15
12216,500923,15
12217,1095950,15
12218,3184646,15
12219,1896522,15
12220,1543176,15
12221,1184616,15
12223,221278,15
12226,3037775,20
12227,2709507,15
12230,2357185,15
12232,179387,15
12234,2025458,15
12236,1893829,15
12237,1008621,15
12239,2488275,15
12240,2851377,15
12242,96611,15
12243,2574287,15
12244,2457567,20
12246,1515732,15
12249,741112,15
12250,1754509,15
12251,353933,15
12252,1646020,20
12253,625435,15
12254,2987952,20
12255,1477034,15
12257,2110556,15
12259,3259168,15
12262,2272595,15
12265,2720881,15
12267,679732,15
12272,1477894,15
12273,2861239,15
12274,3206292,15
12275,68293,20
12278,1841546,15
12279,3124247,15
12281,1769203,15
12283,1246469,15
12284,1845857,15
12285,490253,15
12286,3057211,15
12288,1359196,15
12289,3182887,15
12292,2177217,15
12293,797091,15
12296,1233568,15
12298,49139,15
12299,566776,15
12300,1430532,15
12301,216128,15
12302,3347893,15
12303,895484,15
12304,669881,15
12305,3127892,15
12307,2793441,15
12308,1310199,15
12309,1951996,15
12310,2798992,20
12313,1585941,15
12314,1050494,15
12315,2930475,15
12316,739330,15
12317,1706166,15
12318,987771,15
12320,1312261,15
12322,3408611,15
12326,332688,15
12327,414130,15
12328,3140408,20
12329,1966141,15
12331,2665764,20
12333,244194,15
12334,1324218,20
12335,2863876,15
12337,1429721,15
12342,3042493,15
12344,133191,15
12345,3173330,15
12347,796605,15
12348,1912517,15
12349,2415129,15
12350,3248658,15
12352,2170889,15
12353,575015,15
12356,797601,15
12357,1379754,15
12359,867276,15
12360,400662,15
12363,2106566,15
12365,699766,15
12366,800019,15
12367,876884,15
12368,2333998,15
12370,2385484,20
12371,596662,15
12375,448264,15
12376,837835,15
12377,410798,20
12378,964617,15
12379,3127986,15
12380,453684,15
12381,2069265,15
12382,3322280,15
12383,1530942,15
12384,426392,15
12385,2820091,20
12387,78067,15
12388,660810,15
12390,3285444,15
12391,1205529,15
12392,139649,15
12395,2976665,15
12396,261856,15
12397,141765,20
12399,2647313,15
12400,445877,15
12404,148720,15
12406,895924,15
12409,1306817,15
12410,3263556,15
12412,1121184,15
12414,1287180,15
12415,2967189,15
12417,2193405,15
12418,2052374,15
12419,1101291,15
12420,495592,15
12424,885980,15
12426,2347239,15
12427,2383190,20
12428,1502196,15
12429,2378126,15
12431,2414768,15
12433,2100851,15
12434,802728,15
12435,1409376,15
12436,3056268,15
12438,1714408,20
12439,117806,15
12440,2527140,15
12442,974375,15
12443,197691,15
12444,2678091,15
12445,2384666,15
12446,1358769,15
12450,2502169,15
12451,868868,15
12452,428204,15
12455,2278706,15
12456,1804342,15
12457,3267892,15
12458,1295707,15
12459,315033,15
12462,3022346,15
12463,1884595,20
12464,905224,15
12467,3318949,15
12468,3403276,20
12469,161532,15
12470,380510,15
12471,2124602,15
12472,498444,20
12473,393046,15
12477,2933525,15
12478,2110830,15
12479,659027,15
12480,720489,15
12482,306930,15
12483,99647,15
12484,2360670,15
12487,1870973,20
12492,2439930,20
12493,120692,15
12494,1320037,15
12495,317922,15
12496,819760,15
12498,2149143,15
12499,1349968,20
12500,3103941,15
12501,2445311,15
12502,190392,15
12506,2209703,15
12508,942507,20
12509,3061697,15
12510,2589912,15
12511,1167785,15
12515,3203312,15
12516,2743766,15
12517,2116264,15
12518,2592132,15
12519,3016010,20
12523,1251891,15
12524,3068628,15
12526,794516,15
12527,2769317,15
12528,343773,20
12530,1322296,15
12531,1134695,15
12532,425015,15
12533,1916555,15
12537,2031258,15
12538,3407863,15
12539,872512,15
12540,3063772,20
12541,3401356,15
12543,2729018,15
12544,2743048,15
12546,1922152,15
12547,245941,15
12550,2235347,15
12551,2043452,15
12552,393282,15
12553,1875419,15
12554,2172704,15
12555,3012446,20
12556,454134,20
12558,2284038,15
12559,2795182,15
12561,2474406,15
12564,2045918,15
12565,1311452,15
12567,998051,15
12569,2671753,15
12571,2517539,15
12573,500678,20
12575,1891948,15
12577,1256652,15
12578,231307,15
12579,236593,15
12580,2090155,15
12581,1691325,15
12582,627473,15
12583,311586,15
12584,1294875,15
12585,1511784,15
12587,363403,15
12589,2642510,15
12594,2126231,15
12596,2478970,15
12597,1203788,15
12599,710018,15
12600,1102680,15
12601,164965,20
12604,1992899,15
12605,2710950,15
12606,2738518,15
12607,2749602,15
12608,360622,15
12609,529521,15
12611,173773,20
12612,2916120,15
12615,902928,15
12616,1669971,15
12617,2512755,15
12620,95695,15
12621,249628,15
12623,286268,15
12624,367487,15
12627,2599298,15
12628,2919624,15
12629,1839477,15
12630,1817017,15
12631,2747734,15
12633,3183447,15
12635,3134942,15
12637,2468174,15
12639,1979433,15
12640,1354400,15
12643,1165654,15
12644,1339529,15
12645,666361,15
12646,771279,15
12648,3371172,20
12649,1354224,15
12650,340458,20
12651,2213491,15
12652,2678123,20
12653,1840453,15
12654,2208923,15
12655,1161653,15
12661,1273418,15
12663,1592915,20
12664,3270637,20
12665,403531,15
12666,2728884,20
12667,1536640,20
12668,3068478,15
12669,2957963,20
12670,2623533,15
12671,722813,15
12673,3040525,15
12674,845147,15
12676,992807,15
12677,1871803,15
12680,1242971,15
12681,2147971,15
12683,1424049,15
12685,2787395,15
12686,712864,15
12687,2157590,15
12688,913866,15
12691,256678,15
12692,2857171,15
12693,805290,20
12695,469231,15
12696,105917,15
12697,2839911,15
12698,2499574,15
12699,189832,15
12700,2793273,15
12702,261257,15
12703,409234,15
12704,2772917,20
12705,2871213,20
12706,1186120,15
12707,822631,15
12710,1339970,15
12713,554299,15
12714,3190985,15
12715,2343478,15
12716,94740,15
12717,3363589,15
12718,227017,15
12719,2779623,15
12720,2095385,15
12721,1846499,15
12723,926344,20
12725,696750,20
12726,3035289,15
12728,3094759,15
12729,1681269,15
12730,2823563,20
12734,1987374,15
12735,2729861,15
12736,2077847,15
12738,2482286,15
12739,1959851,15
12741,709182,15
12742,1632600,15
12743,1298953,15
12745,432907,15
12746,2178450,15
12748,2205450,15
12749,44628,15
12750,2136309,15
12753,2074691,20
12754,374457,15
12755,641965,15
12756,1556924,15
12758,467577,15
12759,886002,20
12762,4790,15
12764,2137529,20
12766,518647,15
12767,963593,15
12768,3415254,15
12770,872847,15
12772,2371276,15
12773,605149,15
12775,1961129,20
12776,3337672,20
12777,1926536,20
12780,1032953,15
12781,3058562,20
12782,1687390,15
12783,1888251,15
12784,1246286,15
12787,2568117,15
12788,2085421,15
12789,106526,20
12790,1779144,20
12791,114084,15
12793,2680536,15
12794,1044816,15
12795,2956895,15
12798,291051,15
12799,355545,15
12800,3253960,15
12801,1536305,20
12802,2666789,15
12803,3216715,20
12804,1011502,15
12805,2487466,15
12806,2238400,15
12807,1008897,15
12809,3094342,15
12810,1363891,15
12811,1409113,15
12815,2409283,15
12816,1190809,15
12817,1397328,15
12820,2159962,15
12821,1804452,20
12822,2132458,15
12824,186328,15
12825,1745729,15
12826,2019150,15
12827,2690222,15
12829,2215656,15
12830,2401226,15
12831,3294988,20
12833,1421448,15
12834,3097401,15
12836,1344429,15
12837,1289566,15
12839,2973810,20
12840,2972917,15
12841,1469311,15
12844,2420709,15
12845,2911866,15
12848,172371,15
12850,2260168,15
12851,1204222,15
12854,1180759,15
12857,2603211,15
12858,1349135,15
12859,3015647,15
12861,484955,15
12864,2015591,15
12865,2261273,15
12866,1812468,15
12867,1697670,15
12868,2106441,20
12869,402151,15
12870,3117850,20
12872,281020,15
12873,2135355,15
12874,3030448,20
12875,2195858,15
12876,2375643,15
12877,629103,15
12878,184531,15
12879,1454660,15
12882,2960267,15
12883,686286,15
12886,1698904,15
12890,126034,15
12891,1261899,15
12892,1217332,15
12893,1394605,15
12894,717290,15
12895,650795,15
12897,2227568,15
12898,3313311,15
12899,2364201,15
12902,2010013,15
12903,876685,15
12905,3221339,15
12907,1933545,15
12909,795077,15
12912,2507193,15
12914,1374923,15
12916,237486,15
12917,1416373,15
12918,100228,15
12920,1800154,15
12922,2275182,15
12923,2367570,15
12927,2221008,15
12928,2207346,15
12929,741558,15
12931,417873,15
12932,83692,15
12934,2230325,15
12937,676480,15
12938,1038834,15
12939,2761168,15
12941,906490,15
12942,1536941,15
12943,830030,15
12944,145707,15
12945,2586632,15
12946,2372298,15
12947,2781887,15
12948,1316788,15
12949,567005,15
12950,3406192,15
12952,2554696,15
12953,822091,15
12954,1761756,15
12956,2075791,15
12958,2981847,15
12959,1757393,20
12960,1061057,15
12961,3109516,15
12962,1700639,20
12963,1144065,15
12965,827482,20
12966,2394629,15
12968,2729693,15
12969,1985754,15
12976,2608932,15
12977,3319544,15
12978,2857617,15
12979,200675,15
12981,2023966,20
12982,1773467,15
12984,2348983,15
12985,1313997,15
12989,313893,15
12990,22594,15
12991,1902309,15
12992,1054032,15
12993,2041429,15
12994,1844554,15
12995,1518987,15
12996,1766998,15
12997,1678154,15
12999,1222725,15
13000,2412638,20
13001,2117198,15
13002,1039029,15
13003,1168146,20
13005,2448259,15
13007,698056,15
13008,852864,20
13009,1951845,20
13010,159580,15
13011,1036202,15
13013,2008424,15
13014,2542164,20
13015,2712705,20
13017,232235,15
13018,474002,15
13019,280459,15
13020,808448,15
13021,2631856,15
13022,2816973,15
13024,1580622,15
13025,240161,15
13026,1101803,15
13027,1390361,15
13028,1608840,15
13029,532740,15
13030,2539638,15
13036,2631268,20
13038,805877,15
13041,193515,15
13043,2831788,20
13044,2424429,20
13045,1896004,20
13046,1034135,15
13049,1908775,20
13052,2634874,15
13056,1428332,15
13059,588977,15
13060,2495644,15
13064,1202935,15
13065,2594149,15
13066,1330069,15
13069,2746741,15
13070,933777,15
13071,145097,15
13072,644853,20
13073,501713,15
13074,1374576,15
13075,3262237,20
13076,2354015,15
13079,1759279,20
13080,125590,15
13082,2033758,15
13084,728892,15
13086,880165,15
13087,2570401,15
13088,2588380,15
13089,1468309,15
13091,690661,15
13094,866177,15
13095,2893787,15
13097,1899899,15
13098,867258,15
13101,3314350,15
13103,231491,15
13104,1422481,15
13105,1485761,15
13106,1421729,15
13107,384332,15
13108,2746445,15
13109,2490620,15
13110,2342962,15
13111,528505,15
13112,1734269,15
13114,366323,15
13115,719123,15
13116,520482,15
13117,683037,15
13119,2495094,15
13120,2662715,20
13121,3420798,15
13122,2043405,15
13124,1580104,15
13125,1550089,15
13126,2736483,15
13128,3239858,15
13132,913247,15
13133,2901036,15
13134,2601590,15
13135,2097655,15
13136,2832351,15
13137,704533,15
13139,780220,15
13140,3300225,20
13142,2917550,15
13143,759578,15
13144,3305941,15
13145,1182805,15
13147,461518,15
13149,3034291,20
13150,1693846,15
13151,1061670,20
13152,496261,15
13153,2668021,15
13154,3028812,15
13155,2671049,15
13156,1734158,15
13157,3030199,15
13158,990950,15
13159,735568,20
13160,983282,15
13164,1900023,15
13165,1290113,15
13166,1194069,15
13167,413760,15
13169,2191292,15
13170,700552,20
13171,1204827,15
13172,1472544,15
13173,575840,15
13174,1871546,15
13175,832870,15
13177,832501,15
13178,1804498,15
13179,1857799,15
13180,2151049,15
13181,1031409,15
13182,3277850,20
13183,1192204,15
13185,1991672,15
13187,3201647,15
13188,2406497,15
13189,778097,15
13190,767469,15
13192,2289597,15
13193,367286,15
13196,1556551,15
13197,1402475,15
13198,3411827,15
13199,3303746,15
13200,3041489,15
13201,2091237,15
13203,3058170,15
13204,2827861,20
13205,2138170,20
13208,1884326,15
13211,1889864,20
13212,664833,15
13215,2849216,15
13216,1596695,15
13217,3085367,15
13218,99103,20
13220,2325970,15
13221,2900281,15
13222,1518979,15
13223,1861244,15
13224,1148225,15
13225,1603427,15
13228,1086342,15
13229,102605,15
13230,576366,15
13231,3168014,15
13232,554467,15
13235,2129997,15
13236,3047713,15
13238,1202451,15
13240,1413909,15
13245,3022459,15
13246,229154,15
13249,3412017,15
13252,3334048,15
13253,2371581,15
13254,3172071,15
13256,2275703,15
13260,446292,15
13261,3270160,15
13263,2959404,20
13265,2218804,15
13269,1606808,15
13270,2979652,15
13271,1204132,15
13274,2383365,15
13276,639240,15
13277,2617386,15
13278,1871430,15
13279,2633759,15
13280,928535,15
13282,1064969,20
13283,739159,15
13286,18064,15
13288,3356686,20
13289,1732918,15
13290,2036848,15
13291,2196089,15
13293,3001028,15
13295,1343887,15
13297,2874716,15
13299,172972,20
13300,998448,15
13302,2447778,15
13304,3025488,15
13306,3189826,15
13307,31376,20
13308,1371172,15
13309,1725670,15
13310,3093786,15
13311,1722518,15
13312,738880,15
13313,2425526,15
13314,3094059,20
13315,1083382,20
13316,211446,15
13319,2036550,15
13320,3069165,15
13321,2054676,15
13324,2556650,15
13327,623972,15
13328,3261797,20
13330,210330,15
13332,940810,15
13333,1784507,15
13334,2555064,15
13335,1095033,15
13336,622724,15
13338,1668081,20
13339,1865924,20
13340,1880232,15
13342,1300999,15
13343,1903849,15
13345,3410917,15
13346,147259,15
13348,402669,15
13352,62452,15
13356,523965,15
13357,3196908,15
13358,2667121,15
13359,2013038,15
13360,1744921,15
13361,454253,20
13363,2884029,15
13365,1417924,20
13368,2307730,15
13369,341755,15
13372,1514806,15
13374,2405560,15
13375,2384688,15
13376,2164651,15
13379,3339510,15
13380,2265209,15
13381,222724,20
13384,1764805,15
13385,3158888,15
13386,2991604,15
13387,3243918,15
13389,2568586,15
13390,3030462,15
13391,2018759,15
13392,1092360,15
13394,255407,15
13398,918472,15
13399,2741470,15
13400,2654843,15
13408,210689,15
13410,617961,15
13411,3198987,15
13413,3363993,15
13414,747891,15
13415,555041,15
13416,1894457,15
13418,1753531,15
13420,2843863,15
13423,2328626,15
13424,2721824,15
13426,106898,15
13427,1629983,20
13428,3337864,20
13430,2520749,15
13431,2553016,15
13434,2149394,15
13436,2658465,15
13437,1726396,15
13438,2593344,15
13440,3418674,15
13442,755452,20
13443,2959386,15
13446,938502,15
13449,1773456,15
13450,2449055,20
13453,1444816,15
13455,2682605,15
13457,1436874,15
13459,38242,15
13460,183486,15
13461,3064839,15
13464,1321948,15
13465,3405067,15
13466,2984487,15
13468,536398,20
13469,400129,15
13470,2167603,20
13471,293401,15
13472,2769459,15
13473,1581195,20
13474,2580173,15
13476,1113190,15
13478,1356247,15
13481,1980502,15
13482,2255401,15
13483,2324813,15
13485,2834880,15
13486,2198842,15
13487,724124,15
13488,998676,15
13489,3411002,15
13490,1615098,15
13491,3345684,15
13492,464859,15
13495,2083778,15
13496,973696,20
13497,2331812,15
13498,766044,20
13499,1645422,20
13501,305282,15
13504,875589,15
13505,998395,15
13506,440391,15
13507,146026,15
13508,2497643,15
13510,3149755,20
13512,1350856,15
13513,3032557,15
13514,2642027,15
13515,467380,15
13517,76638,15
13519,2552799,15
13520,812930,15
13521,923638,20
13526,2740856,15
13527,1009794,15
13528,162853,15
13530,3280904,20
13532,2827227,20
13533,3234118,20
13534,2468570,20
13536,3222733,15
13537,2609281,15
13539,3418112,15
13540,514587,15
13541,484972,15
13543,2448261,15
13548,2556499,15
13549,1931758,15
13550,654450,15
13551,142134,15
13552,615537,15
13553,3378984,15
13554,659035,20
13556,21115,15
13557,904554,15
13558,2324363,15
13559,2232288,15
13560,838423,15
13561,926206,15
13562,494997,15
13563,1598459,15
13564,3366558,15
13565,1529178,15
13566,1530567,15
13567,304183,15
13568,590838,15
13570,804882,20
13571,2470051,15
13572,1798127,15
13575,3314197,15
13576,949504,15
13577,2339621,20
13578,521770,15
13579,1786191,15
13580,236304,20
13581,676855,15
13583,381087,15
13584,781574,15
13586,1352679,15
13587,3083652,15
13588,3093427,15
13589,282086,15
13590,1283023,15
13591,2312024,15
13592,1144085,15
13593,1683454,15
13595,1680497,20
13596,2855242,15
13597,2867182,15
13598,3286428,15
13600,250261,15
13601,2612492,15
13602,2328484,15
13604,977120,15
13606,770436,15
13608,1851653,15
13609,2382532,15
13610,3225851,15
13611,31343,15
13614,2095019,15
13615,2875267,15
13616,1678677,15
13617,1016640,20
13618,2092891,15
13619,283717,20
13622,244650,20
13624,1005324,15
13625,1597183,15
13628,1015989,15
13630,1562020,15
13632,1095600,15
13634,1847145,20
13636,2007284,15
13637,3289941,15
13638,826616,15
13639,705779,15
13640,2927022,15
13641,2530152,15
13642,89631,20
13643,1980155,15
13645,1883498,15
13646,619871,20
13647,1217436,20
13648,644718,20
13649,3184095,15
13650,201143,15
13651,2893887,15
13653,2414685,15
13654,2370347,20
13655,250772,20
13656,1487748,15
13658,1719431,15
13659,2742289,20
13660,780086,15
13661,2952023,20
13663,2245232,15
13664,674745,15
13665,1046702,15
13666,1346626,15
13667,2441911,15
13669,196307,15
13670,3257464,15
13671,1693554,15
13673,2307440,15
13675,2343021,15
13678,828603,15
13679,1805454,15
13680,2713913,15
13682,1675137,15
13683,2835742,15
13684,2201458,15
13687,3182288,15
13688,2284346,15
13689,864520,15
13690,848908,15
13692,2263927,20
13693,1608723,15
13694,932334,15
13695,1051234,15
13696,937920,15
13697,2593031,15
13698,1809132,15
13701,1616477,20
13702,2951904,15
13703,2104745,15
13704,155718,15
13706,3038761,15
13707,2090491,15
13708,2899804,15
13710,2276541,20
13713,1529059,15
13715,1949985,15
13716,1102354,20
13717,22486,15
13718,2082128,15
13719,342826,15
13720,2777454,20
13721,2838600,15
13722,1842652,15
13724,2997833,15
13726,2957173,20
13727,2028860,15
13728,3006028,20
13729,1294006,15
13733,2964525,20
13736,2682462,15
13738,2499593,15
13739,1393300,15
13740,3307989,15
13741,2509864,15
13744,2090224,15
13746,1634837,15
13747,3236400,15
13748,154733,15
13749,610301,15
13750,613572,15
13751,1284941,20
13752,1856471,15
13754,3070584,15
13757,2646613,20
13758,449185,20
13762,3267080,15
13763,698353,15
13765,662633,15
13766,2907836,15
13768,1026717,15
13769,1530106,15
13770,1945293,15
13772,708325,15
13774,2615892,15
13775,1739256,15
13776,1856597,15
13777,2185011,15
13778,2141738,20
13780,2649100,15
13781,1621047,20
13783,1891802,20
13785,2819313,15
13787,94949,20
13788,120400,15
13791,2270454,15
13793,1330024,15
13794,3006404,15
13795,2222559,15
13796,99742,15
13797,2170334,15
13798,1416950,15
13800,1823338,15
13802,1122026,15
13805,1476727,15
13807,488743,15
13810,1598620,15
13811,2473199,15
13816,2102595,15
13817,700511,15
13818,3178233,15
13819,2782697,15
13821,2687260,15
13822,3065269,15
13824,2048137,15
13826,3032717,15
13827,3249084,15
13828,2465964,20
13829,1052239,15
13831,2687697,20
13832,435162,15
13833,2408731,15
13834,525305,15
13835,34229,15
13838,359620,15
13839,3327578,15
13840,1649379,15
13841,1688137,15
13844,357884,15
13846,749682,15
13848,1174931,15
13849,952153,15
13850,1175956,15
13851,299234,15
13852,58240,15
13854,896722,15
13855,1653724,15
13856,2075821,15
13857,2125330,15
13858,890226,15
13859,1471125,15
13860,2354427,15
13861,1576381,15
13862,2062390,15
13864,3372391,15
13865,758001,15
13866,2516998,15
13867,727348,15
13868,1523093,15
13869,2304406,15
13871,3204584,15
13872,3080036,15
13873,2306466,15
13875,1142181,15
13877,2448247,15
13878,2671959,15
13880,2514824,15
13881,167976,15
13883,3387843,15
13884,332321,15
13885,358461,15
13886,3360123,15
13887,2824617,15
13888,52488,15
13890,1263519,15
13891,779852,15
13892,3247780,15
13895,370496,15
13896,2696259,15
13898,2943800,15
13899,1393357,15
13900,2713524,15
13903,942662,15
13904,1054273,15
13906,927936,15
13909,2924726,15
13910,2143111,15
13911,976000,15
13912,868141,20
13913,429065,20
13914,146992,15
13915,2399490,15
13916,1028477,15
13917,859568,15
13918,2592614,15
13920,2700790,15
13921,192510,15
13922,1696231,20
13923,919639,15
13926,2950610,20
13927,3128588,20
13931,3359859,15
13932,2626601,15
13934,609924,15
13935,1548462,15
13936,1700712,20
13937,1119657,15
13938,1561758,15
13941,607197,15
13943,2396403,15
13944,3419083,15
13945,2968325,15
13948,1698482,15
13949,95496,15
13950,1711946,15
13951,2799570,15
13952,2423500,15
13953,3324802,15
13954,1671188,15
13955,3052721,15
13959,244569,15
13960,2827281,15
13962,665932,15
13965,2634070,15
13966,274392,15
13968,3014392,15
13970,2184149,15
13972,654983,15
13973,3157227,15
13975,1838398,15
13976,2651936,15
13977,321522,15
13979,482591,15
13981,254133,20
13982,3076437,15
13985,2938420,15
13987,1207758,15
13988,3192702,15
13990,2702723,20
13991,1645773,15
13992,3379948,15
13993,1112090,15
13994,1227618,15
13996,1215531,15
13997,2656699,15
13998,481396,15
13999,2074781,15
14000,1919564,20
14001,2406157,15
14002,2837660,15
14003,723720,15
14004,543409,15
14006,762881,15
14009,2198621,15
14011,3391848,15
14013,696906,15
14015,1201609,15
14016,3087940,15
14017,1973405,15
14021,1647915,15
14022,2259438,20
14023,3027002,15
14024,1180612,15
14025,945143,15
14026,2658127,15
14029,14119,15
14031,1777849,15
14032,2210849,15
14034,2281269,15
14037,1794443,15
14038,1650697,15
14041,2477271,15
14042,883488,20
14043,177042,15
14044,2610607,15
14047,1771882,15
14051,1179172,15
14052,162529,20
14059,1951424,15
14060,883058,15
14061,2459899,15
14063,184958,15
14065,2335838,20
14066,1118214,20
14069,926977,15
14071,357394,20
14072,2395807,15
14073,3100658,15
14076,284718,15
14078,2919813,15
14081,2090751,15
14082,2076160,20
14085,725118,15
14087,2128080,15
14088,2369789,20
14090,404414,15
14091,129226,15
14094,739320,15
14095,3020847,15
14096,1042204,15
14099,2336446,15
14100,30614,15
14101,3234513,15
14106,1305542,15
14107,1622855,15
14108,908448,15
14112,3016749,20
14114,35376,15
14118,107382,15
14122,45727,15
14123,1061137,15
14124,1421213,15
14126,918038,15
14127,2981529,15
14128,14571,20
14132,309680,15
14133,2234232,15
14135,283749,20
14136,3217164,15
14137,201713,15
14139,285891,15
14142,3379296,15
14143,1785527,15
14144,2982202,15
14145,2525047,15
14149,2611626,15
14151,9294,15
14152,1754781,15
14153,65821,20
14154,1120662,15
14156,2686617,20
14157,2333011,15
14160,2611078,15
14161,3258741,15
14162,1946763,15
14163,2404926,15
14167,547638,15
14169,3021465,15
14173,505813,20
14175,984441,15
14176,705836,15
14178,1507197,15
14181,1697329,15
14182,708928,15
14183,1815193,15
14184,644625,15
14188,69358,15
14191,1755762,20
14192,590947,15
14193,2968532,15
14194,2231164,15
14196,961340,15
14197,2892388,15
14198,3077323,15
14199,2401770,20
14201,877284,15
14202,2697281,20
14203,3154832,20
14204,82427,15
14205,121608,15
14207,2658800,15
14208,2374442,15
14210,2560365,15
14212,2654752,15
14213,2349320,15
14214,1109043,15
14215,805875,15
14216,152155,15
14217,3225381,15
14218,2556765,15
14219,208163,15
14220,2916443,15
14221,3032475,15
14222,3291225,15
14224,2146397,15
14225,1825902,15
14228,273923,15
14229,2823286,15
14230,3191764,15
14236,34504,20
14239,792527,15
14240,1983952,15
14241,2439811,15
14243,125235,15
14246,1717947,20
14247,2808863,15
14248,3282380,15
14254,2509409,15
14258,210109,15
14259,941434,15
14260,850978,15
14261,1425832,15
14262,1069408,15
14263,70075,15
14264,2880532,15
14266,2840731,15
14267,331074,15
14269,2166530,15
14270,303071,20
14271,2212924,15
14272,842720,15
14274,1152176,15
14275,1491201,15
14276,449956,15
14278,2826382,15
14279,2537714,15
14280,1080911,20
14281,886397,15
14284,715628,15
14285,1298463,15
14286,1393302,15
14287,2812708,15
14288,1059442,15
14289,2624138,15
14290,2392510,20
14291,2097711,15
14292,969724,15
14293,1902410,15
14294,3008050,15
14295,3283872,15
14297,1007074,15
14298,2459501,15
14299,178731,15
14300,3202788,15
14301,2746588,15
14302,1450401,15
14303,1610710,20
14305,571524,15
14311,2311135,15
14312,209361,15
14313,1940634,15
14314,270186,15
14315,2909518,15
14316,945469,15
14317,719848,15
14318,2996158,15
14319,2084380,15
14320,109561,15
14321,563443,15
14323,1560744,15
14325,2870090,20
14327,2978219,15
14330,537001,15
14331,1866029,15
14332,2416912,15
14333,232987,15
14335,2516735,15
14336,3197352,15
14338,623967,15
14339,1850633,15
14341,3293812,15
14342,77038,15
14345,349327,15
14346,550918,15
14347,3361891,15
14351,934345,15
14352,1440466,15
14353,2860883,15
14354,1005487,15
14356,2294773,20
14358,1809881,15
14359,2721500,15
14360,2629300,15
14361,1613280,20
14362,1146920,15
14364,2487998,15
14367,1724773,15
14369,671964,15
14370,3360678,15
14371,330577,20
14372,2837244,15
14373,3223187,15
14374,154947,15
14375,2494517,15
14377,1726527,15
14379,3365933,15
14380,2761994,15
14381,1202318,15
14383,2599484,15
14385,209416,15
14386,1826703,15
14388,2214374,20
14390,2172343,15
14392,577420,15
14393,964991,15
14396,2955250,15
14398,2418937,15
14399,1270865,20
14400,1061852,15
14401,1546557,15
14402,2411509,15
14403,1680104,20
14404,861259,15
14406,3294265,15
14407,2618479,20
14408,63895,15
14409,1577312,15
14416,913338,15
14417,3232809,15
14418,2940412,15
14421,2458775,15
14423,2933215,20
14428,579973,15
14429,1254740,15
14430,2275346,20
14431,3110690,15
14432,353582,15
14433,2275237,15
14434,3132723,15
14435,492189,20
14437,1411962,20
14438,779342,15
14440,140002,15
14441,946219,20
14442,3401119,15
14444,3110459,15
14447,1260028,15
14448,1822380,15
14449,482916,15
14451,1124431,15
14452,3246051,20
14453,2466956,15
14454,520869,15
14455,1315877,15
14457,8191,15
14459,1916492,15
14460,1376097,20
14461,2113184,15
14462,1102575,15
14463,1910452,15
14464,338433,15
14465,3240188,15
14466,3327219,15
14467,239341,15
14468,977904,15
14470,1719723,15
14471,3217566,20
14472,2414445,15
14473,3346726,15
14476,1589214,15
14477,2175079,15
14478,642754,20
14482,2017578,15
14483,762502,15
14484,1806653,15
14485,3300922,15
14486,2345085,15
14487,1134449,15
14493,536530,15
14494,1091472,15
14495,314026,15
14497,2643097,20
14499,2021,15
14502,274198,15
14503,2820072,20
14504,225454,15
14506,3187808,15
14509,2563565,15
14510,2929869,15
14513,2031865,15
14514,594188,20
14517,2587342,15
14518,1942129,15
14519,1684871,15
14520,1114374,15
14521,1544360,15
14522,542423,15
14524,780947,15
14526,3310997,15
14528,2831426,15
14529,2289183,15
14531,2632418,15
14532,2603922,15
14533,1673670,15
14534,2593422,15
14535,2100012,15
14536,3373385,15
14537,2321796,15
14538,1020085,15
14539,2181096,15
14540,3270817,15
14541,2079998,15
14542,1678433,15
14543,2365304,20
14549,430230,15
14550,3283066,15
14551,1619921,15
14552,466650,15
14553,1245799,15
14556,2820386,15
14557,3332547,20
14558,296267,15
14561,528565,15
14562,421850,15
14563,2791614,15
14565,2345346,15
14567,1762242,15
14568,257238,15
14571,534708,15
14573,3353560,15
14574,3371625,15
14575,2337913,15
14576,2381920,15
14578,237091,15
14580,2774782,15
14583,1745158,15
14584,2109213,15
14585,148679,15
14586,2299431,15
14589,2322312,15
14590,1420194,15
14591,2925694,15
14592,1541175,15
14594,2358175,15
14596,1115133,15
14598,2329378,15
14599,2931385,15
14602,2977985,15
14606,675142,20
14607,2417399,15
14608,508740,15
14609,2210020,15
14610,2822047,15
14614,450171,20
14615,1546339,15
14616,2213846,15
14618,985782,15
14619,3349076,15
14620,2341975,15
14623,2193328,15
14624,172016,15
14627,453167,15
14628,1741706,15
14630,2545537,15
14633,624483,15
14634,2613330,15
14635,3104733,15
14636,2521372,15
14641,1684619,15
14643,3369597,15
14644,3254556,15
14645,1529840,15
14646,2781097,15
14647,657310,15
14648,2664257,20
14649,3114776,15
14651,3308750,15
14653,21270,15
14656,15748,15
14657,591545,15
14658,1721591,15
14659,1135828,20
14662,3360373,15
14664,2142647,15
14665,1806635,15
14666,373616,15
14667,385249,15
14668,143383,15
14669,2220405,15
14671,394840,15
14673,2564031,15
14674,2760470,15
14675,3116126,20
14676,2400613,15
14678,989699,15
14679,3136579,15
14680,750814,15
14681,1298846,15
14682,2437029,20
14683,3129129,15
14686,2798733,15
14688,2809028,15
14689,733419,15
14690,1831733,15
14692,2022681,15
14694,3056870,15
14695,812088,15
14697,1251235,15
14698,1913507,15
14699,1681768,15
14700,351300,15
14701,1454192,15
14702,2484513,15
14703,2901802,15
14704,2012720,15
14706,1370419,15
14707,2871833,15
14708,2553693,15
14709,740090,15
14710,2203872,15
14711,1135055,15
14712,2860606,15
14713,2782420,20
14714,1213965,15
14716,3388288,15
14717,3340489,15
14718,2755731,15
14719,2697867,15
14721,611483,15
14722,579402,15
14723,1519345,15
14724,1937345,15
14725,129823,15
14726,991617,15
14727,3357089,20
14730,1332674,15
14731,3397701,15
14732,642691,15
14733,1993873,15
14736,948508,15
14737,47379,15
14738,3190672,15
14740,2932939,15
14741,547884,15
14742,1798982,15
14744,2833905,15
14746,3288080,15
14747,1220114,15
14749,3061157,15
14750,1955923,15
14753,1088821,15
14754,1246148,15
14755,1469331,15
14756,2140133,15
14757,894159,15
14758,1141725,15
14759,1116600,20
14760,1072017,15
14761,2838799,15
14762,1560402,15
14764,1172757,15
14767,441779,15
14768,2462790,15
14769,1476233,15
14770,1707938,20
14771,1129567,15
14772,2723151,15
14774,1266748,15
14775,211686,15
14777,1315064,15
14778,238864,15
14782,2893634,15
14783,2743643,15
14790,2307999,15
14791,1012772,20
14793,3047053,15
14794,1439338,15
14795,3246614,15
14797,1322865,15
14798,698287,15
14800,247949,15
14802,3065959,20
14805,2620187,15
14806,2640175,15
14808,1760104,15
14810,2939836,15
14811,1373279,15
14812,2674292,15
14813,149733,20
14814,1467143,15
14815,2023063,15
14816,688898,15
14818,1842890,15
14822,1755202,15
14823,66938,15
14824,2113530,15
14826,3396220,15
14828,1183423,15
14830,2984769,15
14832,2823768,20
14833,185923,15
14834,703832,20
14837,2275470,15
14840,551852,15
14842,883860,15
14843,2340640,20
14845,80079,15
14847,3070123,15
14848,1095629,15
14849,1101511,15
14851,234094,15
14852,783810,15
14853,455072,15
14854,3116518,15
14856,1249635,15
14859,2213641,15
14860,3153396,15
14861,2435366,15
14862,1959575,15
14864,2138812,15
14865,3005601,15
14867,1544721,15
14868,579214,15
14871,265845,20
14872,1743184,15
14873,1688768,20
14874,2904632,15
14875,2508385,15
14876,1925503,15
14877,727824,15
14878,948102,15
14879,1445901,15
14882,2212948,20
14883,1037303,15
14885,3137119,20
14886,306745,15
14888,2282006,15
14891,746637,15
14892,3220153,15
14893,925619,15
14894,591040,15
14895,2633971,15
14896,1483706,15
14897,3209642,15
14898,1505650,15
14901,1951193,15
14904,1628986,15
14906,1080805,15
14908,1500282,15
14909,1471547,15
14910,468768,20
14911,2292544,15
14912,2900431,15
14913,1966314,15
14914,2543964,15
14916,32022,15
14917,1971790,15
14918,2256582,15
14919,3019797,15
14920,3260713,15
14921,544598,15
14922,3190507,15
14924,558896,15
14925,819420,20
14926,154783,15
14928,2975575,20
14929,2924246,15
14930,618877,15
14932,3157282,15
14933,2988062,20
14935,2679881,20
14937,1881623,20
14939,117221,15
14940,2893284,15
14941,1651005,15
14945,7200,20
14946,875513,15
14950,1671844,20
14953,2484665,15
14956,839965,15
14961,3168214,20
14963,2184191,15
14964,1277514,15
14970,924408,15
14971,2090036,15
14972,2612566,15
14974,2399463,20
14976,1305984,15
14977,2342821,15
14978,2842525,15
14979,926573,20
14980,1335865,20
14982,1692125,20
14983,2812203,20
14985,74005,15
14986,2293609,15
14990,461839,20
14991,34097,15
14994,3414779,15
14995,2976143,15
14996,1383526,15
14997,2144039,15
14998,2477391,15
14999,2543120,15
15000,1083482,20
15002,1735277,15
15003,2724210,15
15004,1675222,15
15005,692425,15
15006,2970820,20
15008,554703,15
15009,2994213,15
15010,1462865,15
15012,2269288,15
15013,1183675,15
15015,940498,15
15016,3202281,15
15017,1957702,15
15018,118127,15
15019,3363954,15
15020,2374112,15
15023,1573495,15
15024,1257210,15
15025,2864818,15
15026,589268,15
15028,2083131,15
15029,1132752,15
15031,1347162,15
15033,1515484,15
15035,1642073,15
15036,2045857,15
15037,347574,15
15039,548285,15
15040,2235859,15
15042,658484,15
15044,2234470,15
15045,2911631,15
15047,2499035,15
15050,721033,15
15052,2131526,15
15053,1398566,15
15054,1034599,15
15055,239974,15
15058,278757,15
15061,690189,15
15064,1042557,15
15065,2215619,15
15067,964072,20
15068,2368469,15
15071,1313358,15
15073,1653886,15
15074,834524,20
15077,3386681,15
15078,1369310,15
15079,842884,15
15081,3260604,15
15085,1572420,15
15086,875423,20
15087,3147218,15
15088,1362850,15
15090,530788,15
15094,2406830,20
15095,1373207,15
15097,1569841,15
15101,2060389,15
15102,1303464,15
15103,1694016,15
15105,1091388,15
15106,1540246,15
15108,3128547,15
15110,509181,15
15111,886676,15
15116,186973,20
15117,83526,15
15118,2613427,15
15119,2497907,15
15120,377618,15
15124,360670,15
15126,3359278,15
15127,968187,15
15129,2271557,15
15130,768539,20
15133,2401400,15
15135,619649,15
15136,3047575,20
15137,2031318,15
15139,523743,15
15140,2089703,15
15141,552208,15
15145,430062,15
15146,403132,15
15147,2877347,15
15148,2434200,15
15149,2650082,15
15150,2306790,15
15151,2137969,15
15152,1823683,15
15153,311214,15
15154,1074099,15
15157,1676903,15
15159,3307749,20
15160,151405,15
15162,2785138,15
15163,1168031,20
15165,737855,15
15166,2952049,15
15168,1533630,15
15169,1496836,15
15172,339029,15
15173,11650,20
15175,506337,15
15177,1809632,15
15178,3174463,15
15179,2485089,15
15182,1372137,15
15185,2382657,20
15186,2739213,15
15187,2174636,15
15188,3298921,15
15189,2674061,15
15191,1099810,15
15194,1019333,20
15195,1778633,15
15197,2736163,15
15199,1112646,15
15200,2130554,15
15203,1992348,15
15204,1497327,15
15206,801665,20
15209,2190076,15
15210,1779258,15
15213,50566,15
15215,1486954,20
15216,3372072,15
15217,2118546,15
15218,1646204,15
15220,494727,15
15222,3388545,15
15223,415580,15
15224,3019520,15
15225,2383660,15
15226,1778972,15
15227,1447229,15
15230,2598052,15
15232,2593802,15
15233,3256278,15
15235,1283521,15
15236,1068467,15
15240,203015,15
15241,2798495,20
15242,1852583,15
15243,1876853,15
15244,3068452,15
15245,2520851,20
15247,788881,20
15249,1470193,15
15251,1703628,20
15252,1642057,15
15253,2308039,15
15254,2171984,15
15256,3152977,20
15257,2548875,15
15260,853220,15
15264,1131690,15
15267,3328869,15
15268,2733084,15
15269,246642,15
15272,3006256,15
15273,72394,15
15274,1099712,15
15276,1871732,15
15277,676935,15
15278,710418,15
15282,1791769,15
15283,2051090,15
15284,1464747,15
15285,1455985,15
15287,609424,15
15288,717052,15
15290,2822615,20
15291,905436,15
15292,1203392,20
15293,2798086,15
15294,1216338,15
15296,1792574,15
15298,1132466,20
15299,890693,15
15300,2345039,15
15301,1525623,15
15302,456793,15
15303,2667615,15
15305,1198743,15
15308,738867,15
15311,1977792,15
15312,1229131,15
15313,858251,15
15314,1416737,15
15316,3071888,20
15318,2863346,15
15319,1426308,15
15321,2320239,15
15322,1856428,15
15323,3350476,15
15325,363596,15
15326,3370355,15
15330,1507888,15
15332,2474634,15
15334,2120184,15
15336,2769848,15
15337,1899269,20
15338,2398278,15
15341,808283,15
15342,2016696,15
15344,569968,15
15345,2209829,15
15347,520502,15
15348,3063458,15
15349,984585,15
15354,569862,15
15355,880152,15
15356,2960571,20
15357,2216604,15
15359,40000,15
15361,3166728,15
15363,476772,15
15364,3139712,15
15366,2374503,15
15368,481279,15
15369,625507,15
15370,1648905,20
15371,2800170,15
15372,1377631,15
15374,3055266,20
15376,261781,15
15377,1224480,15
15378,3251113,15
15379,3385733,20
15380,907631,15
15381,2500884,15
15384,1492000,15
15385,1699140,20
15386,440406,15
15387,3032834,15
15388,1351875,15
15389,1116392,15
15390,1131189,15
15393,1207254,15
15394,1850342,15
15396,2255066,15
15398,2645483,20
15399,1499288,15
15401,3090732,15
15402,3077673,15
15403,3391856,15
15404,2026583,15
15406,3006370,15
15407,150877,15
15408,3130178,15
15409,717984,20
15412,1733154,20
15413,200616,15
15415,3382264,20
15417,1156649,15
15418,2010983,20
15419,1966908,15
15422,31190,15
15425,1347899,15
15426,3047334,20
15427,3094174,15
15428,3162251,15
15429,2713561,15
15430,3347123,20
15432,3035627,15
15433,1502009,15
15434,1927880,20
15436,1969433,15
15437,1727800,15
15438,37346,15
15442,1832028,15
15444,2668914,15
15445,2148449,15
15446,2524170,15
15448,1116201,15
15449,2621260,15
15451,3019404,15
15452,2964873,15
15454,2935725,15
15455,1937501,15
15457,1387657,15
15459,672587,15
15460,30623,15
15461,3328343,15
15465,2721525,20
15467,3411938,15
15468,1476910,15
15469,1078987,15
15470,3073468,20
15471,2715506,15
15475,1590263,15
15477,806390,15
15478,660550,15
15480,1791775,15
15483,2793400,15
15484,3261778,15
15485,3210485,15
15486,2528147,15
15488,2183448,15
15489,3143569,15
15490,2516068,20
15491,1201391,15
15492,2885831,15
15493,924022,15
15495,270812,15
15498,814705,15
15499,2910660,15
15500,822478,15
15502,1263713,15
15503,2654358,15
15508,1596454,15
15510,2793618,20
15511,2554815,15
15512,1774104,15
15513,2400103,15
15515,723224,20
15517,379211,15
15520,2291112,15
15523,475169,15
15524,879904,15
15525,2925420,15
15526,3031739,15
15527,2466989,15
15528,464465,15
15529,263754,15
15530,3300869,15
15531,2188459,15
15532,488051,15
15533,2874700,15
15535,310663,15
15538,409846,15
15539,3153673,20
15540,3107097,20
15541,244302,15
15542,3262710,15
15545,3132583,15
15546,1534161,15
15547,2980196,15
15548,695041,15
15549,2835373,15
15550,2363390,15
15551,3334729,20
15553,39604,15
15554,446984,20
15555,2595387,15
15556,2856940,20
15558,799155,20
15560,1594052,15
15561,3263757,15
15562,457567,15
15564,433481,15
15565,3256044,15
15566,1197196,15
15567,1443195,20
15570,755961,20
15571,1649707,15
15572,2796534,20
15574,2027608,20
15576,1684526,15
15577,3333924,15
15578,1191066,15
15579,1335196,15
15580,1207500,15
15581,2770248,15
15583,583579,15
15586,2474486,15
15587,2164868,15
15588,459325,15
15590,3036679,15
15591,1761850,15
15592,80707,15
15593,2717055,15
15594,584172,15
15595,1704078,15
15596,1748262,15
15598,1373979,15
15600,2748829,15
15601,2364483,15
15602,2569324,15
15603,344730,15
15604,2191832,15
15605,2303111,15
15607,218219,15
15608,1131586,15
15609,2178599,15
15610,1439573,15
15611,3104870,15
15614,474510,20
15615,2244392,15
15616,1425003,15
15617,1397783,15
15618,482286,15
15619,1295505,15
15620,1930765,15
15621,1298857,15
15625,687396,20
15626,2810520,15
15627,1030665,15
15629,108981,15
15631,1631166,15
15632,2957644,15
15633,1495251,15
15636,837197,15
15637,1521957,15
15639,2233788,15
15640,1571838,15
15641,2407507,15
15642,946399,15
15646,1076748,15
15647,1366437,15
15650,2023433,15
15652,2691623,20
15653,3418965,15
15654,2731251,15
15655,2170977,15
15656,34346,15
15657,1841370,20
15661,2960217,15
15662,636905,15
15663,735705,15
15667,1715688,15
15669,2610020,15
15671,3265833,15
15672,1686503,15
15674,3321080,15
15675,3280849,15
15676,789779,15
15677,2559865,15
15679,1103180,15
15680,3102542,20
15681,3015490,15
15684,837947,15
15685,752048,15
15686,2302363,20
15687,1281009,15
15688,2942001,15
15690,566056,15
15691,3352295,15
15692,2951422,15
15694,3358857,15
15695,2960183,20
15696,527854,15
15697,598501,15
15700,733339,15
15704,1730951,15
15706,700497,20
15708,2774984,15
15709,766035,15
15710,1492530,15
15711,2843291,15
15713,155151,20
15714,2623198,15
15715,3375737,15
15716,2282938,15
15717,1149491,15
15719,2546536,15
15720,1245915,15
15722,646827,15
15723,2175115,15
15724,2857963,15
15725,193325,15
15726,3009684,15
15727,3399883,15
15728,1705383,15
15730,2047304,15
15731,628237,15
15735,3396089,15
15737,2983105,15
15738,1576749,15
15739,1175175,15
15740,2292411,15
15741,1553382,15
15742,2270575,15
15744,113486,15
15747,524693,20
15749,1497320,15
15751,926338,20
15752,89670,15
15754,416573,15
15757,571272,15
15758,898333,15
15760,3062313,15
15761,1880353,15
15762,197367,15
15764,2386289,15
15765,3189498,20
15766,952105,20
15769,2677834,15
15771,2826383,15
15773,2556803,20
15775,1019081,20
15776,1164859,15
15780,2676217,15
15781,1356882,15
15786,918861,15
15788,1339872,15
15789,809596,15
15790,3373162,15
15791,428347,20
15792,1601868,15
15794,1790105,15
15795,396796,20
15796,171574,20
15799,2561674,15
15803,1493086,15
15804,268281,15
15806,138909,15
15808,1649026,15
15812,2681477,15
15816,1402595,15
15818,3420996,15
15819,1490104,15
15821,550777,20
15822,153136,20
15824,2567169,15
15825,2280251,15
15826,2007362,15
15827,2365798,15
15828,1313200,15
15829,2690397,15
15830,1462887,15
15833,483910,15
15836,314692,15
15837,2140848,15
15838,3332853,15
15840,1967529,15
15842,2291140,15
15843,3409574,15
15844,392472,15
15846,993726,15
15847,563453,15
15848,2665845,15
15849,320973,15
15850,1098431,15
15851,1226073,20
15853,1392200,15
15854,2372304,15
15855,3295088,20
15856,2222757,15
15858,2457638,15
15859,1232386,15
15860,2544010,20
15861,1171455,15
15864,3009588,15
15865,2577982,15
15868,182133,15
15870,450103,15
15871,2078439,15
15872,1388903,15
15873,357882,20
15877,3070897,15
15878,1169627,15
15879,1886701,15
15880,385009,15
15881,2343559,15
15882,2116921,20
15887,1290164,15
15888,319919,15
15889,3120987,15
15890,2387078,15
15891,1400384,15
15894,252210,15
15895,1497613,15
15898,580362,15
15900,952025,15
15901,3361861,15
15903,2406840,15
15907,462884,15
15910,838676,15
15911,3147997,15
15913,1499576,15
15915,243259,15
15917,2345854,15
15918,2838837,15
15919,1397010,15
15920,2589917,15
15921,402204,15
15922,857191,15
15923,539679,15
15924,3297619,15
15925,356582,15
15926,1723708,15
15927,3305286,20
15929,1642339,15
15930,3155436,15
15931,658325,15
15932,1277893,15
15933,97891,15
15934,1237547,15
15936,1358796,15
15939,268029,20
15940,1521061,15
15941,2328981,15
15942,899183,15
15943,3261703,20
15944,1717588,15
15945,1532592,15
15946,1566338,15
15948,2475805,15
15950,1579104,20
15954,1555562,15
15957,1738366,20
15958,394070,15
15960,2690065,15
15961,729763,20
15962,1033858,15
15965,314234,15
15966,612324,15
15969,1794379,15
15970,2944495,15
15971,2300233,15
15972,1715082,20
15973,182299,15
15975,2785168,15
15976,697711,15
15978,966714,15
15980,2444208,15
15982,2298812,15
15984,1970629,15
15985,563646,15
15986,3095058,15
15987,1247458,15
15988,1293562,15
15989,11978,15
15990,941753,15
15991,3131903,15
15992,636092,15
15993,579551,15
15996,464673,20
15999,2473660,15
16002,837435,15
16007,1790681,15
16008,3278408,15
16009,2694854,15
16011,3399419,20
16013,900284,15
16014,2397200,20
16015,462881,15
16016,375970,15
16017,2545609,15
16021,2903164,15
16023,385989,15
16024,3073317,15
16026,1588416,15
16028,2698048,15
16029,2956141,15
16030,1723919,15
16032,1959513,20
16035,564611,15
16036,1209226,15
16037,1573024,15
16038,891012,15
16040,1692491,15
16041,2073548,20
16043,594009,15
16045,3006558,15
16046,1883872,15
16050,2027861,15
16051,755729,15
16052,2577353,15
16054,3148751,15
16056,1022611,15
16059,3346132,15
16060,1492666,20
16061,2701878,15
16063,1134724,15
16064,2162155,15
16065,778914,15
16067,1869689,15
16070,742608,20
16072,629173,15
16073,621600,15
16074,2183642,15
16076,2334360,15
16078,295476,15
16080,391513,15
16081,968859,15
16082,2565995,15
16084,2366895,15
16085,1968458,15
16086,2109551,15
16087,512117,15
16088,2910694,15
16090,2923156,15
16091,3076372,15
16092,687363,20
16094,1862413,20
16095,2626937,15
16096,1963947,15
16097,1796620,15
16102,77470,15
16103,3138237,15
16105,655974,15
16107,2090842,15
16109,2771529,15
16111,1042,15
16112,2036909,15
16115,1226259,20
16116,2494753,15
16118,1532273,15
16121,2965196,15
16122,2301776,15
16123,2687732,15
16125,93327,20
16126,1616029,15
16127,2951827,15
16128,108875,15
16130,2911938,15
16131,2356230,15
16132,7925,15
16133,403308,15
16135,2031384,15
16137,1819979,15
16138,1191987,15
16140,1740289,15
16145,1758699,15
16146,1667258,15
16147,1485179,20
16148,1171367,15
16149,2276456,15
16151,2051146,15
16152,950780,15
16154,2658913,15
16155,214372,15
16156,2219761,15
16157,1612763,15
16158,1672308,15
16159,335235,20
16161,2068888,15
16163,1198433,15
16164,2906986,20
16165,2960578,20
16172,606895,15
16173,1244967,15
16174,1664513,15
16175,3308645,15
16176,1784263,15
16178,476667,15
16179,1011830,15
16180,159551,15
16181,1675807,20
16182,1433609,15
16185,2492306,15
16186,1581197,15
16188,2635073,15
16189,1968046,15
16191,1352381,15
16192,1451084,15
16194,3182781,15
16195,2788426,15
16196,1489899,15
16199,2461977,15
16200,3182436,15
16201,471530,15
16202,1481108,15
16203,2731975,15
16206,1283574,15
16207,952023,15
16208,3219712,15
16209,2376526,15
16211,1736819,15
16212,1455441,15
16216,3055025,15
16217,2811965,20
16218,2501669,15
16219,1093629,15
16221,1245119,15
16222,1742571,15
16223,376075,20
16224,1929223,20
16225,2925425,15
16226,2731654,15
16227,3333605,15
16230,1425459,20
16231,2307055,15
16232,43838,15
16233,2484141,15
16235,3215471,15
16236,1593718,20
16237,2561824,15
16239,1772683,15
16240,307721,15
16241,3250713,20
16242,127877,15
16243,1582870,20
16245,1058673,15
16247,2006052,15
16248,586067,15
16249,2329680,15
16250,1450892,15
16251,21847,15
16252,2049830,15
16255,2859460,15
16256,292419,15
16257,1081409,15
16258,3395517,15
16259,1692392,15
16261,1310735,15
16262,172890,15
16264,1232943,15
16265,1907452,15
16266,273717,20
16267,1008188,15
16268,1667518,15
16270,542302,15
16271,607785,15
16273,3063480,15
16274,2766029,20
16276,2674803,20
16277,1743356,20
16278,357181,15
16279,1248204,15
16280,3101298,20
16281,169604,15
16283,751311,15
16284,2450906,20
16285,2243317,15
16287,1496326,15
16288,1052958,15
16289,1750030,15
16290,2638064,20
16291,132257,15
16296,2429569,15
16297,700878,15
16300,2398823,15
16301,1009730,15
16302,189195,15
16303,3052718,15
16305,398603,15
16308,697588,15
16309,3032587,15
16310,1655081,15
16311,1885581,15
16312,2252977,15
16313,3418749,20
16314,1737892,15
16318,281717,15
16321,3247375,15
16322,2081329,15
16323,898555,15
16331,2278918,15
16332,992346,15
16334,2624038,20
16337,399506,15
16338,870040,15
16342,276061,15
16344,3210863,15
16346,1207881,15
16348,2288215,15
16349,538371,15
16350,2945008,15
16351,2042604,15
16353,2099162,15
16354,2532695,15
16356,1521383,15
16357,2734003,15
16358,2855786,15
16359,2999275,15
16361,327228,15
16362,3042276,15
16363,728853,15
16366,2352698,20
16367,2896691,15
16369,1469465,15
16370,587776,15
16373,3420158,15
16376,353556,15
16378,2423682,20
16379,1846873,15
16381,1971911,15
16385,2318025,20
16386,3340256,15
16387,2429849,15
16390,335752,15
16391,2121896,15
16393,3240912,15
16394,2014827,20
16398,1744600,20
16399,1442861,20
16401,2250430,15
16402,2092003,15
16403,3102895,20
16406,2067165,15
16408,3300522,15
16409,2174564,15
16410,1780448,15
16411,1256522,15
16412,59889,15
16414,294628,15
16415,1770242,15
16416,214268,15
16417,1495638,15
16418,1209355,15
16419,1793811,15
16420,1721326,15
16422,2704959,15
16424,2184114,15
16426,88816,20
16427,1256517,15
16428,3132571,15
16430,2742125,15
16431,1653954,15
16434,1633686,15
16435,166523,15
16436,1336096,15
16437,3175596,15
16438,1051939,15
16439,1872318,15
16440,2959996,15
16441,1903331,15
16442,550557,20
16443,2532870,15
16444,15177,15
16445,2758181,15
16446,462720,15
16447,1997371,15
16448,2040364,15
16449,1160577,15
16450,429164,15
16451,2257607,20
16452,2582720,15
16453,2203126,15
16454,2107976,15
16455,1648950,15
16456,2778714,15
16459,1142009,15
16460,2189862,15
16462,106381,15
16467,2836280,15
16468,2953202,15
16469,1044715,15
16471,3323155,20
16472,2200375,15
16473,287014,15
16476,1840110,15
16478,3181817,15
16479,3029561,15
16480,2868034,15
16482,1615640,15
16484,3311259,15
16485,3275306,15
16487,749117,15
16488,2452154,15
16489,2534440,15
16490,806221,15
16492,1187025,15
16494,2327662,15
16500,2076354,15
16501,1610813,15
16504,1675105,15
16505,3313530,20
16506,62686,15
16508,2612306,20
16509,77146,15
16510,3265846,20
16511,1360798,15
16513,2872298,15
16514,942384,20
16515,87310,15
16516,1678727,15
16519,1347634,15
16520,2279603,15
16524,884183,15
16527,674441,15
16529,740903,15
16530,2738932,15
16531,2918993,20
16534,2464628,15
16536,2832133,20
16537,3210635,15
16538,879635,15
16539,2441682,15
16540,3140363,15
16541,2648295,15
16547,834642,15
16548,2076955,15
16549,2454054,15
16551,695480,15
16553,2742781,15
16554,2481344,20
16555,2377513,15
16556,1362769,15
16557,1746102,15
16558,691356,15
16561,2148498,20
16562,895797,15
16564,2212304,15
16567,1878514,15
16568,2606811,15
16570,1350728,15
16574,558998,20
16575,700600,15
16577,1136650,15
16578,3198219,15
16580,909064,20
16581,90135,20
16584,998097,15
16587,1053974,15
16588,824957,15
16589,2314429,15
16590,2509762,15
16592,805129,15
16593,124489,15
16594,111029,15
16596,145616,15
16597,306453,15
16598,13892,15
16600,45367,20
16601,3269300,20
16602,276655,15
16605,2726072,20
16606,1700713,15
16609,3051085,15
16610,2387602,15
16611,924274,15
16612,1419983,15
16615,559995,20
16617,2794285,15
16618,2584113,15
16619,1306949,15
16624,1946858,15
16625,49892,15
16626,2342579,15
16628,102540,15
16631,2975702,15
16632,368382,15
16634,216530,15
16635,1230459,15
16636,1212515,15
16639,3399385,15
16640,2789081,15
16641,2745583,15
16642,1611789,15
16644,1214216,15
16645,677496,15
16646,2018014,15
16647,1686949,15
16648,1112845,15
16650,2360975,15
16651,564377,15
16653,1836161,15
16655,274394,20
16656,314742,15
16657,323435,15
16658,3056173,15
16662,302557,15
16663,1467937,20
16665,1348824,15
16666,3114543,15
16672,3355225,15
16673,3266306,15
16674,1696902,15
16676,876546,15
16677,3352148,15
16680,2224541,15
16681,2567178,15
16684,2550709,20
16685,2406801,15
16686,2889922,15
16687,1489270,20
16688,1590198,15
16689,184818,15
16691,575323,15
16692,621461,15
16693,1940798,20
16694,391316,15
16695,453108,15
16698,153342,15
16699,1971398,15
16700,3385563,20
16701,410934,20
16702,436136,15
16704,521330,15
16705,961967,15
16706,1105771,15
16707,3403170,15
16710,2734430,15
16711,2045109,15
16712,2632945,15
16714,894938,15
16716,2520367,15
16718,1297248,20
16719,1223972,15
16720,647764,15
16721,903890,15
16723,612030,15
16724,175154,15
16725,3032939,15
16727,2898795,15
16728,3234765,15
16729,2033134,15
16731,368528,15
16732,184120,20
16733,2255528,15
16734,195041,15
16735,584311,15
16736,2993210,20
16737,478708,15
16738,1242379,15
16740,2864529,15
16741,315998,15
16742,836382,20
16743,969883,15
16745,2667836,15
16746,1464729,20
16748,678312,15
16750,611127,20
16753,568679,15
16754,1029246,15
16755,835466,15
16757,2896477,20
16758,820187,15
16759,1188445,15
16760,3048453,15
16761,2156270,15
16762,1059246,20
16764,2908470,15
16765,1346134,15
16766,1008914,15
16769,3035677,15
16770,3407799,15
16771,2348582,20
16775,1926460,15
16778,1089336,20
16779,3146709,15
16780,2480608,15
16781,2284451,15
16782,1418894,15
16783,1093575,15
16784,2174433,15
16786,2013467,15
16787,3346520,15
16789,3153058,15
16790,2149575,15
16792,3380456,15
16793,3110623,15
16794,921877,15
16795,2402053,15
16797,3152215,15
16798,2835298,15
16799,2508649,20
16800,1558399,15
16803,2778047,15
16806,2976922,15
16808,1283797,15
16809,2800041,20
16810,3047007,15
16811,941902,15
16812,2146645,15
16813,336083,15
16815,424691,15
16816,2158904,15
16817,2607097,15
16819,1931718,15
16822,1622396,15
16823,1534985,15
16824,2298583,15
16825,238365,15
16826,886638,15
16827,305030,15
16828,491526,15
16829,483767,20
16830,2114132,15
16831,1130380,15
16832,834377,20
16834,1870947,15
16835,2797483,15
16836,130743,15
16837,1557277,20
16839,1190883,15
16840,594643,15
16841,662319,20
16842,2527847,15
16843,3335194,15
16845,618483,15
16846,1592472,15
16847,3041066,15
16848,1152358,15
16849,434040,15
16850,385076,15
16853,2473383,15
16854,3230457,20
16856,1993469,15
16857,1144923,20
16859,3149461,15
16861,10667,15
16862,1415575,15
16865,202663,15
16866,1345274,15
16868,554373,20
16869,2878119,15
16870,2324528,15
16872,2905314,15
16873,3136689,15
16876,916436,15
16879,2481914,15
16880,3197584,15
16881,713394,15
16882,2805204,15
16883,1689448,15
16884,2181334,15
16885,2146705,20
16887,1816184,15
16890,3094413,15
16893,2534298,15
16895,2297951,20
16896,3069904,15
16897,222026,15
16899,1072329,15
16900,2227839,20
16901,310732,15
16902,1670462,15
16903,3240027,15
16904,2194988,15
16905,16423,15
16908,496657,15
16909,2232376,15
16910,229212,15
16911,73168,15
16912,682371,20
16913,2596427,15
16916,557947,15
16919,447894,15
16920,2659940,15
16921,2936292,15
16922,24431,20
16923,3072942,15
16924,3303619,15
16926,3003939,20
16928,1947031,15
16929,963315,15
16931,3067542,15
16932,1761280,20
16933,924659,15
16934,3315682,15
16935,1391623,20
16936,1115659,15
16937,515694,15
16938,310465,15
16939,3007553,15
16940,2395579,15
16942,503139,15
16946,1601841,15
16947,744664,20
16951,903205,15
16952,2299605,15
16953,130311,15
16954,3054594,15
16955,59018,20
16961,2905869,15
16962,457374,15
16963,1132066,15
16964,2859641,15
16965,1544581,15
16966,2381194,15
16968,75868,15
16970,358188,15
16971,1460455,15
16972,137387,15
16976,2224723,15
16978,2363142,15
16979,2773930,20
16982,3404562,15
16983,146917,15
16985,3328249,15
16986,3280008,20
16990,2389547,15
16991,1109725,15
16992,1519559,15
16995,1013315,15
16997,2218487,15
16999,3279739,20
17000,3098220,15
17003,3156546,15
17006,2834184,20
17007,3226970,15
17008,1798926,15
17009,899582,20
17011,1516183,15
17012,2459224,20
17014,3356856,15
17015,2414805,15
17017,62875,15
17018,2051180,20
17020,2920031,15
17021,3279365,15
17024,1291654,15
17025,824711,15
17026,3049921,15
17027,707011,15
17030,412190,15
17033,2157002,15
17034,2117601,15
17035,3371845,15
17036,2550055,15
17037,3389142,15
17038,1812853,15
17039,1190529,15
17040,757849,15
17042,416430,15
17043,2444994,15
17044,3056972,15
17047,2129258,15
17048,1858540,15
17049,1926655,15
17050,2352362,15
17051,3263328,15
17052,1120611,15
17053,2808899,15
17056,1432269,15
17057,3280847,15
17060,2371545,20
17062,187538,15
17067,3369098,15
17069,2750166,15
17070,1909694,15
17071,3085684,15
17072,3403951,15
17073,549445,15
17076,305301,20
17077,2159873,15
17079,716599,15
17080,1512764,15
17082,3198525,15
17084,53061,20
17085,767398,15
17086,671351,15
17087,2798445,15
17088,3047875,20
17092,3332923,15
17093,1128798,15
17094,2572698,15
17097,299686,15
17099,2231739,20
17100,272323,15
17101,312413,15
17104,610000,15
17106,1481354,15
17108,938694,20
17111,101241,15
17112,1326401,15
17113,179081,15
17115,1607057,15
17116,1921006,15
17118,1680006,20
17120,1995384,15
17121,1496343,15
17123,2209610,20
17124,833099,15
17126,1550074,15
17127,1533437,15
17131,1541547,15
17132,560841,15
17135,2206796,15
17136,660382,15
17137,3375726,15
17139,2036023,15
17140,1656773,15
17142,932804,15
17143,2272037,15
17145,1506572,15
17146,3135663,15
17147,959133,20
17148,663122,15
17149,1051904,15
17151,1403467,15
17152,293655,15
17154,270730,15
17156,3137311,15
17157,3105627,20
17158,708480,15
17159,1242750,15
17160,1650357,15
17161,2070706,15
17162,2643053,15
17163,2389929,20
17165,2895567,15
17167,2627370,15
17169,2579329,15
17170,1832253,15
17172,374092,15
17174,1909921,15
17176,166097,15
17177,3414361,20
17178,577070,15
17179,3125418,15
17180,1481167,20
17184,1100486,15
17185,449489,15
17186,2967773,20
17187,3377075,15
17188,2974492,15
17190,2204130,15
17191,44829,15
17192,2204297,20
17194,3144410,15
17196,2398478,15
17199,772665,15
17200,1621754,15
17201,1234752,20
17203,1313098,15
17205,194293,15
17206,1828951,15
17207,915128,15
17208,2568689,15
17209,3415165,15
17210,1045842,15
17211,886146,15
17214,2943083,15
17215,2041296,15
17216,1380851,15
17217,2036692,15
17218,2448383,15
17219,1406891,15
17221,162303,20
17223,1702905,15
17224,2842537,15
17226,294153,20
17227,96,15
17230,1594417,15
17234,2369623,20
17238,1801114,15
17240,243816,20
17242,2908318,15
17244,435927,15
17246,2838637,20
17247,3028527,20
17251,3340924,15
17252,74103,20
17253,2642974,15
17255,1127337,15
17257,982264,15
17258,1892887,15
17260,1470584,15
17262,939737,15
17268,1057012,15
17269,145998,15
17270,2130630,15
17271,2528397,15
17272,1163146,15
17273,2358530,20
17275,224376,15
17277,15091,15
17278,3111494,15
17280,1009965,15
17281,58101,15
17282,1893975,20
17283,544751,15
17285,2538940,15
17286,590579,15
17291,1565928,15
17292,2498263,15
17293,1353087,20
17294,2149627,15
17295,2712563,15
17296,2885153,15
17297,2768547,15
17300,3008131,15
17302,985541,15
17303,2307567,15
17304,2651180,15
17305,3346892,15
17307,40036,20
17308,270208,15
17312,3029225,15
17313,2550811,15
17315,3412296,15
17316,2549153,15
17317,1041376,15
17318,2594108,15
17319,1264704,15
17320,2948001,15
17321,2858584,15
17323,2440881,20
17324,361763,15
17325,704924,15
17326,2300805,15
17327,2332627,15
17328,2700691,15
17329,249145,15
17331,374946,15
17333,1058276,15
17334,1308026,15
17336,1776897,15
17338,1636153,20
17340,1940431,15
17341,1069233,15
17343,570260,20
17344,16303,20
17345,2471138,15
17347,195940,15
17348,2264216,15
17349,2852590,20
17351,776316,15
17353,2089069,15
17355,442840,15
17356,1128778,15
17357,2032220,15
17359,3319149,20
17360,1061556,15
17361,493108,15
17363,2438321,20
17364,1639858,15
17365,155814,15
17367,2929218,15
17369,974290,15
17370,3044251,15
17372,2630117,20
17373,2010336,15
17374,1565798,15
17376,3134340,15
17377,2355073,15
17378,391224,15
17380,570399,15
17382,3230253,15
17384,534466,15
17385,3292885,15
17388,3243551,20
17391,2403486,15
17393,2889405,15
17395,3211282,15
17396,841317,15
17398,3368187,15
17400,1413122,15
17402,3082353,15
17403,1649812,15
17404,1209267,15
17405,3278574,15
17408,141685,15
17409,3285700,15
17411,2507414,15
17413,388382,15
17415,2907520,15
17416,1062999,15
17418,2254237,15
17419,1300033,15
17420,2670527,15
17422,2747824,20
17423,1165839,15
17425,147149,15
17427,1705789,15
17430,908765,15
17431,2015984,15
17433,1544055,15
17434,202911,15
17435,193506,15
17437,255356,15
17438,670548,15
17440,3149875,15
17442,670297,15
17443,3136449,20
17444,77302,15
17445,900332,15
17446,115119,15
17447,83209,15
17449,3141287,15
17452,2852603,15
17453,2445459,20
17454,1875262,15
17455,1826432,15
17458,1807029,20
17459,134231,15
17461,2099728,15
17462,2290756,15
17463,1130687,15
17464,2092788,20
17465,1281458,15
17466,1376131,15
17467,2401708,15
17469,3101993,15
17472,736412,20
17473,2595812,15
17474,664803,15
17475,1300355,15
17476,228747,20
17477,2256293,15
17478,2282745,15
17479,942467,15
17482,1612798,15
17486,1572660,15
17487,3106007,15
17488,1679463,15
17489,2765336,15
17490,704959,20
17491,630561,15
17492,1855213,15
17493,1128297,20
17497,3310616,15
17498,2373069,15
17499,1088971,15
17500,801455,15
17501,1081689,15
17502,1477711,20
17505,465116,15
17506,493675,15
17507,2312229,20
17509,2968621,15
17511,265801,20
17512,3401943,15
17513,1571246,20
17515,3169127,15
17517,559863,15
17519,1474254,15
17520,1708925,15
17521,1913759,15
17526,2167135,15
17527,842676,15
17528,986036,15
17529,2157612,20
17530,1911494,15
17531,2711526,15
17533,2888438,15
17535,3070807,15
17536,1334830,15
17537,2357672,15
17538,2834333,15
17540,631899,15
17541,2764948,15
17542,103059,15
17543,806334,15
17545,2626854,15
17546,2345272,15
17547,1656544,15
17548,763066,15
17549,1674084,15
17550,768401,15
17553,874388,15
17555,1434772,15
17556,781940,15
17559,2746468,15
17560,367273,15
17561,1353452,15
17562,1423489,20
17565,592040,15
17566,601763,15
17567,3102311,15
17569,2891625,15
17572,1445405,15
17574,2193444,15
17575,326578,15
17576,641561,15
17578,1695389,15
17580,3264054,15
17581,1251765,15
17582,575219,15
17584,3124535,15
17585,1422755,15
17586,3356005,15
17588,3311149,15
17591,2436495,15
17592,3202051,15
17595,2369703,20
17597,610370,15
17599,2244287,15
17600,1567487,15
17601,1768894,15
17603,1043123,20
17605,2828538,15
17606,925221,15
17609,377894,15
17610,3113804,15
17611,2329989,15
17613,750732,15
17614,2262553,15
17617,1675485,15
17619,744638,15
17620,1159594,20
17621,2403991,15
17622,3258968,15
17625,2138325,15
17626,1415251,15
17627,314396,15
17628,420213,15
17630,188610,15
17631,2152745,20
17632,1400453,15
17634,1644933,20
17637,1920509,15
17640,1136424,20
17641,1870261,15
17642,1380241,20
17643,2703127,15
17645,2244730,15
17646,2871671,15
17647,929964,15
17648,1126034,15
17649,510513,15
17650,3072950,15
17651,2574308,15
17652,3408124,15
17655,774635,15
17657,192679,15
17658,1217976,15
17659,769965,20
17664,75659,15
17665,1457734,15
17668,1442543,15
17669,2884114,15
17676,369217,15
17677,2862281,20
17678,109393,15
17679,123766,15
17680,3075268,15
17681,49031,15
17683,450918,15
17684,2614130,15
17686,2867424,15
17687,1419868,15
17689,398549,15
17690,109090,15
17692,831751,15
17693,888417,20
17694,3397680,15
17695,3360275,15
17696,3212145,15
17697,1897104,15
17703,1180826,15
17707,2897287,15
17709,20194,15
17710,178288,15
17711,2962691,15
17712,2781247,15
17713,1833998,15
17714,226901,15
17718,1872188,20
17719,1679688,15
17720,2991464,15
17722,1858682,15
17723,2528177,20
17724,156835,15
17725,1049790,15
17726,2617807,15
17729,449099,15
17730,2876765,20
17731,2946607,15
17732,1668489,15
17733,2925068,15
17734,1611854,15
17735,1846625,15
17736,1475207,20
17737,922419,15
17739,3258445,15
17740,2455561,15
17742,2626150,15
17746,1795456,15
17747,455052,15
17748,3199506,15
17749,1544121,15
17750,3028327,15
17751,1538687,15
17752,2759905,15
17753,1496629,15
17754,982243,15
17756,2357911,15
17757,935746,20
17758,185809,15
17759,1838905,15
17760,1962180,15
17761,2649321,15
17764,2194691,15
17766,1710780,15
17767,1352330,15
17769,3142948,15
17770,743454,15
17771,2552626,20
17772,2719830,15
17773,2583750,15
17774,3282738,15
17777,3368362,15
17778,552806,15
17780,2545747,15
17781,848839,15
17783,2694215,15
17784,2827212,15
17785,2000776,15
17787,1064492,15
17788,1447416,15
17789,1684733,20
17790,2860565,15
17791,529920,15
17792,1326677,15
17793,888316,15
17795,2897385,15
17796,3193559,15
17797,1859893,15
17799,3342361,15
17800,1002754,15
17802,3048632,15
17803,200180,15
17807,2021386,15
17810,2640339,15
17812,2355747,15
17813,3249519,15
17814,751531,15
17815,248204,15
17816,1198620,15
17819,2880592,15
17821,1854378,15
17822,52013,15
17823,1804539,15
17826,2944435,20
17827,816353,15
17829,765021,15
17830,2966776,20
17832,1829470,15
17833,484969,15
17834,1134343,20
17835,790958,15
17836,758118,15
17837,281369,15
17838,886426,15
17839,78020,20
17840,2738367,20
17841,2769095,15
17843,1597150,15
17845,2624546,20
17846,1073899,15
17847,290314,15
17848,839921,15
17849,1410650,15
17853,1609544,15
17854,2596889,20
17858,63924,15
17859,2163310,15
17864,444273,15
17865,2073291,20
17867,1472474,20
17868,3106703,15
17870,1578544,15
17871,1763074,15
17873,2335954,15
17874,1088697,20
17875,3026279,15
17876,621251,15
17878,693175,15
17879,1232989,15
17881,1529650,20
17882,1364017,15
17883,2162206,15
17884,577924,15
17885,461909,15
17886,2421050,20
17888,2007505,15
17889,2637421,15
17890,2135452,15
17891,2841082,20
17893,2738847,15
17895,966059,15
17896,778075,15
17897,1787352,15
17899,2386699,15
17902,2543263,15
17903,230140,15
17904,1597688,15
17906,620556,15
17907,2915597,15
17909,1759946,15
17910,1298893,15
17912,45596,15
17914,2518554,15
17917,1807524,15
17919,2217022,15
17920,1736638,15
17924,112565,20
17925,2827182,15
17927,2788169,20
17928,1909342,15
17930,1036541,15
17934,2784689,15
17935,1544720,15
17937,581918,15
17938,3259781,20
17939,401992,15
17940,1026579,15
17943,1030220,20
17945,811809,15
17946,2438062,15
17947,1180062,15
17948,452070,20
17949,1349401,15
17951,2315689,15
17952,2036370,15
17956,3164480,15
17957,2791950,15
17959,453907,15
17962,2051794,15
17963,2335184,15
17964,1612360,15
17967,924576,15
17968,1658861,15
17969,3308745,15
17970,864012,15
17972,1812115,20
17973,370696,15
17975,2065119,15
17976,2528311,15
17980,1291501,20
17981,1616143,15
17982,2693773,15
17983,1583290,20
17984,139383,15
17986,2342899,15
17987,2308594,15
17989,2802371,15
17990,1038851,15
17993,1045354,20
17995,2406569,15
17998,192226,15
18000,2962935,15
18001,988715,15
18002,222834,15
18003,794491,15
18004,3385195,15
18006,2048363,20
18007,174141,15
18008,1768300,15
18009,1684059,15
18010,2421400,15
18011,541846,15
18012,405486,15
18013,3416762,15
18014,917878,15
18015,2887110,15
18016,806553,15
18017,2474158,15
18018,1249722,20
18019,1592241,15
18020,1939124,15
18021,168595,15
18022,30069,15
18023,1519762,15
18026,1808039,15
18027,1973857,15
18028,1184195,15
18029,3373093,15
18030,884749,15
18031,2809272,15
18034,2705316,15
18035,3237506,15
18036,2204371,15
18039,951593,15
18040,1806447,15
18041,1867515,15
18045,3411480,15
18047,1665355,20
18048,2517482,15
18053,1538287,15
18054,3151817,15
18055,1982274,15
18057,103711,15
18058,1345444,15
18063,3020992,15
18065,2546472,15
18066,1318792,15
18067,2597492,15
18068,718264,15
18071,2788348,15
18072,1809471,20
18074,506493,15
18075,587781,15
18078,3378288,15
18080,3340244,15
18084,3268933,20
18085,1350535,15
18086,1203583,15
18087,1807471,15
18088,744941,15
18092,1815603,15
18094,1461367,15
18095,3235454,15
18096,3019927,15
18097,672376,15
18099,403462,15
18100,2859016,15
18102,2478699,15
18105,2873233,15
18107,1558494,15
18109,1425044,15
18111,2564698,15
18112,384513,15
18113,778935,15
18114,812581,15
18115,200119,15
18116,739848,15
18117,2539273,15
18118,1927936,20
18119,1885477,15
18120,1299109,15
18123,2225378,15
18125,535443,20
18126,1003213,15
18127,133473,15
18128,2749302,15
18129,1136177,20
18130,2742404,20
18131,3298138,15
18132,1584690,15
18133,685151,15
18135,2742434,15
18137,2357137,15
18138,570657,15
18139,3135368,15
18140,2795318,15
18143,774701,15
18144,2021840,15
18146,19098,20
18148,1730875,15
18149,887037,20
18150,570772,20
18151,636084,20
18153,1513957,15
18154,2708108,20
18155,3106684,15
18157,1647954,15
18158,1921647,15
18159,1904543,20
18160,1140539,15
18161,2553139,15
18162,3332826,15
18164,2303106,15
18166,571345,15
18167,3396986,15
18170,59027,15
18171,3178471,15
18173,474655,15
18174,3138921,15
18175,2269430,15
18177,556972,15
18178,1099245,15
18179,1704729,15
18180,3023309,15
18181,3126462,15
18186,153260,20
18187,592051,20
18188,55941,15
18190,2526215,20
18191,17741,20
18192,594458,15
18193,2866121,15
18194,2351044,15
18195,3391176,15
18196,728553,15
18197,1670358,15
18198,376215,15
18199,2786736,15
18200,823453,15
18201,712375,15
18204,1313283,15
18205,2252183,15
18206,1128675,15
18207,172189,15
18209,1575031,15
18210,1545831,15
18211,1128430,15
18213,885861,20
18214,3396341,15
18215,2742937,15
18216,1264155,15
18218,1945405,15
18220,2394958,15
18221,517538,15
18222,3045127,15
18223,431782,15
18224,1821906,15
18225,2282717,15
18226,165654,15
18228,2855894,15
18229,1512495,15
18232,3160438,20
18233,2780693,15
18234,3101568,15
18238,2496568,15
18239,1864602,15
18240,3185848,15
18241,3212010,15
18243,2529407,20
18244,862889,15
18245,3359263,15
18246,1618850,15
18247,1270199,20
18250,207309,20
18251,112284,15
18252,1070962,15
18256,407010,15
18257,1613113,15
18258,89119,15
18259,1702661,15
18261,3237798,15
18266,603557,15
18268,2068488,15
18269,1621195,15
18270,2407809,20
18272,3133751,15
18275,2924323,15
18278,953176,15
18279,1227077,15
18281,3162638,15
18282,2495442,15
18283,642123,15
18284,3225566,15
18285,1633792,15
18286,3256996,20
18287,779722,15
18288,2734222,15
18290,982213,15
18292,3316583,15
18294,2312821,15
18296,2919941,20
18298,1800467,20
18299,2028409,15
18302,479191,15
18303,2789646,15
18304,896511,15
18305,2193503,15
18306,3193620,15
18308,282472,15
18310,2744830,15
18312,2151303,20
18313,1069077,15
18314,2490382,15
18315,3372070,15
18316,431164,15
18317,1230156,15
18318,2984774,20
18319,1351119,15
18323,1724087,15
18324,3371803,15
18325,2393101,15
18327,2378702,15
18328,1297675,15
18330,2457806,15
18332,3337162,20
18333,1998708,15
18335,1545705,15
18336,726910,15
18338,3270917,15
18340,3160975,15
18342,144813,15
18344,1501485,15
18345,947410,15
18346,597115,20
18349,1972482,15
18350,2497741,15
18351,1068636,15
18352,3418829,15
18353,1074049,15
18356,538111,15
18357,437571,20
18359,2411552,20
18361,1531855,15
18364,758227,15
18367,1252610,15
18368,3013338,15
18371,1702217,15
18372,1745061,20
18373,270959,15
18374,2017981,15
18375,1507516,15
18376,1615491,15
18378,479206,15
18379,2369515,15
18382,3308719,15
18383,2995287,15
18385,2452386,15
18388,3074800,15
18389,1839384,15
18390,1433598,15
18392,672711,15
18395,1216329,20
18396,1463055,15
18397,1478431,20
18399,3285413,15
18400,2948119,15
18403,1249192,15
18404,1940189,15
18405,2982572,15
18406,2931198,15
18407,1551634,15
18408,2244614,15
18409,598463,20
18410,2171517,15
18411,3055102,15
18412,245878,20
18413,1184825,15
18415,2758464,15
18416,433644,15
18420,750783,20
18423,2538781,15
18424,116549,15
18425,127709,15
18426,36436,15
18427,1349153,15
18428,2754747,15
18429,866358,20
18430,1306007,15
18431,536494,15
18432,3341049,15
18433,2017488,20
18435,1700248,20
18438,2829257,15
18439,2338322,15
18440,26064,15
18441,227791,15
18442,2977962,15
18445,2160982,15
18446,874074,15
18447,2727406,15
18449,577772,20
18450,2148100,15
18453,3205990,15
18454,2492173,15
18455,2398026,15
18457,1478781,15
18458,3155553,15
18460,2046369,15
18461,2358995,15
18462,128440,15
18463,2277131,15
18466,1831045,15
18467,788532,15
18468,3022875,15
18469,2672814,15
18472,1942249,20
18473,2534020,20
18474,136756,15
18476,1714983,15
18478,1200992,15
18481,2276882,15
18484,3388904,15
18485,2883176,15
18486,787841,20
18487,2985461,15
18488,2911760,15
18489,365138,15
18490,916216,15
18493,813117,15
18494,1538887,15
18496,3160455,15
18498,2631040,15
18499,1561995,15
18502,2769277,15
18504,1048103,20
18505,601928,15
18507,3201033,15
18512,3271558,15
18513,3017051,15
18515,2042975,15
18517,993999,15
18519,1983444,15
18523,813819,15
18524,2160422,15
18525,728346,15
18527,2527546,15
18528,2317039,15
18529,3418033,15
18531,2373623,15
18532,1233166,15
18534,504938,15
18535,3296309,15
18537,2459210,15
18538,2146702,15
18540,1688866,15
18541,1467072,15
18542,3217534,20
18544,1818390,15
18545,932619,15
18546,1765407,20
18547,2741462,15
18548,582604,15
18551,450970,20
18552,2246577,15
18556,2288481,15
18557,3308124,15
18561,1838280,15
18562,1121535,15
18564,2079489,15
18566,838813,20
18568,1349797,15
18570,3378654,15
18571,784506,20
18574,254274,15
18575,500500,15
18576,1425409,15
18577,2018728,15
18578,3313401,20
18579,2315025,15
18581,872637,20
18583,504390,15
18584,1844499,20
18586,2938563,15
18587,647127,15
18589,3260222,20
18590,2474280,15
18591,2687478,15
18592,484862,15
18594,2817497,15
18595,2216837,15
18596,542426,15
18597,1521930,15
18600,775585,15
18601,784331,15
18602,1135876,15
18603,2684412,15
18604,281234,20
18605,2919241,15
18606,3260923,15
18607,2029701,20
18608,3050161,20
18610,1630436,20
18611,2751908,15
18612,1171880,15
18614,2204994,15
18615,1663426,15
18616,1753290,15
18617,2482357,15
18618,2701769,15
18619,3205337,20
18620,2791928,15
18622,1921683,20
18623,2144070,15
18624,66987,15
18625,650520,15
18628,1836472,15
18631,1269430,15
18632,670199,15
18633,1248572,15
18636,703794,15
18637,2728984,15
18638,252460,15
18641,3174962,15
18643,67563,15
18644,2327968,15
18645,493337,15
18646,478486,15
18647,2939539,15
18648,2046280,15
18651,1212274,15
18652,1288603,15
18653,2656750,15
18655,1009931,15
18656,1665582,15
18657,1297876,15
18659,1856450,15
18660,589881,15
18661,2251113,15
18663,542657,15
18664,1728013,15
18668,1616939,15
18669,1426590,15
18671,551813,15
18672,1049394,15
18673,2006902,15
18676,2844342,15
18677,946006,15
18678,1428363,15
18679,887569,20
18680,469150,15
18681,19271,15
18684,1202506,15
18685,1701789,15
18687,888956,15
18688,2844824,15
18690,1937272,15
18691,2901516,20
18695,1668789,15
18696,926968,15
18697,2910966,20
18699,1689072,15
18700,1375767,15
18701,576483,15
18703,3074191,20
18708,503597,15
18712,308769,20
18713,897413,15
18715,3163774,15
18719,1445499,15
18722,1740406,15
18726,3092401,15
18727,2875165,20
18729,203872,20
18730,437665,15
18731,580769,15
18732,2986139,15
18733,1893293,15
18735,1956385,15
18737,2991575,15
18738,2237032,20
18740,2318060,15
18741,842831,20
18742,2339252,15
18743,1040830,15
18744,145913,15
18745,1205522,15
18747,2395678,15
18751,27788,15
18752,3418861,15
18754,1889422,15
18758,2539430,15
18760,865516,15
18761,1679461,15
18765,2269593,15
18766,392383,15
18769,2665463,20
18770,2987640,15
18771,1276262,15
18772,1667883,15
18773,2100889,20
18774,313436,15
18775,2418520,15
18777,204308,15
18780,2309053,15
18781,392790,15
18782,2781530,20
18783,1895901,15
18784,1150768,15
18786,910729,15
18787,2967342,15
18789,3397171,15
18790,3024586,20
18793,427737,15
18795,13468,15
18796,823105,15
18797,502786,15
18799,567541,15
18800,1963185,15
18801,334596,15
18803,55519,20
18806,1371849,15
18807,372354,20
18808,828833,15
18809,3063309,20
18810,407288,15
18812,2815572,15
18813,1512206,15
18815,491318,15
18816,3228995,15
18817,2507211,15
18818,373252,15
18819,2703246,15
18820,2924047,15
18821,2279773,15
18822,3017334,15
18823,2414820,20
18824,3271445,15
18825,1082411,15
18826,397630,15
18829,2931557,15
18830,3347975,15
18833,1139110,15
18834,290070,15
18835,313736,15
18836,1782473,15
18837,2801967,15
18838,3155257,15
18840,971912,15
18843,613655,15
18844,303567,15
18845,1190159,15
18848,2388890,15
18849,3274168,15
18851,2040486,15
18853,2865254,15
18856,2200980,15
18858,2244552,15
18859,44490,15
18860,877508,15
18861,118368,15
18863,514411,15
18865,3039634,15
18866,945510,15
18867,1416602,15
18868,1601364,15
18869,627798,15
18870,1750952,15
18871,1293029,20
18872,2896898,15
18873,3013977,15
18874,3260374,15
18875,534051,15
18877,2282969,15
18878,2299290,15
18879,383378,15
18880,55180,15
18882,359141,20
18885,2006663,15
18886,727578,15
18887,2058178,20
18889,1912766,15
18891,2545266,15
18893,2120027,15
18894,3401200,15
18895,293585,15
18896,2541320,15
18897,69363,15
18898,2108715,15
18904,668576,20
18905,469192,15
18906,3357336,15
18907,1988182,15
18908,2712764,15
18911,2116201,20
18912,3252527,15
18914,648553,15
18915,1357011,15
18917,507965,15
18918,2211105,20
18921,1526813,15
18922,235292,15
18928,1386538,15
18929,785309,15
18930,2361227,15
18931,3207420,15
18932,2472802,15
18933,2356597,20
18934,1300987,15
18936,337879,15
18937,1632437,15
18938,2675414,15
18939,3302044,15
18941,718938,15
18942,2522799,15
18943,3404336,15
18946,3252706,15
18948,2115133,20
18949,746910,15
18950,2527862,15
18951,690782,15
18953,1854195,15
18954,2738849,15
18955,3349737,15
18960,1308690,15
18963,2332719,15
18964,2680175,15
18965,2531526,15
18967,1953196,20
18969,150242,15
18970,2111072,15
18972,2423001,20
18973,2291568,15
18975,166779,15
18977,366143,15
18978,3088653,15
18981,2840789,15
18984,98137,15
18985,3003951,15
18986,3042640,15
18987,318450,15
18994,2048255,15
18996,3065433,15
18997,1533012,15
18999,3251095,15
19000,1484655,15
19001,3403739,15
19002,1346896,15
19003,1999511,15
19005,1817103,15
19010,2991549,15
19011,3047106,15
19012,1930305,15
19014,1287946,15
19015,1506179,15
19016,2291249,15
19018,2930594,15
19020,3254661,20
19021,2487951,20
19022,1223016,15
19023,742235,15
19025,1861430,15
19026,2084186,15
19028,450763,15
19029,2143718,20
19030,1260670,15
19033,2265437,15
19034,2497226,15
19036,607869,20
19038,2611875,15
19040,1457158,15
19041,89324,15
19042,3397696,20
19045,1774589,15
19046,2948156,15
19047,2613702,15
19048,1750941,15
19049,3205019,15
19050,411966,15
19053,2792265,15
19054,279931,15
19055,1990787,15
19056,131508,15
19059,797261,15
19062,1998658,15
19065,461606,15
19066,78691,15
19068,2017023,15
19069,2394602,15
19070,1127964,15
19071,1093614,15
19072,2051906,15
19073,508494,15
19075,2646861,15
19076,769677,15
19077,2971181,15
19078,2583751,15
19079,1534726,15
19081,527140,15
19083,2833820,20
19084,2581889,20
19085,419676,15
19086,600138,20
19087,3392251,15
19088,686640,15
19089,3213557,15
19090,1358669,15
19091,516605,15
19092,102257,15
19094,2656567,15
19095,1915624,15
19096,410807,15
19097,259316,15
19099,1197093,15
19100,2518497,15
19101,1095505,15
19102,1459959,15
19103,2047981,15
19104,210344,20
19106,48362,15
19107,1333146,15
19108,1291199,15
19109,1960214,15
19110,296703,15
19111,2616549,15
19113,3093963,15
19114,3190443,20
19115,273678,15
19119,3363902,15
19121,2945267,15
19124,3065299,15
19125,763776,15
19127,1656059,15
19130,2682888,20
19131,1192324,15
19132,2267451,15
19133,3210149,15
19135,1989747,15
19136,980434,15
19138,1411528,15
19140,2876180,15
19141,1246866,15
19142,1061661,15
19146,3156622,20
19147,2065598,15
19149,373938,20
19150,314926,20
19153,1642346,20
19154,1513226,15
19155,2664212,15
19157,326729,15
19158,885691,15
19160,3066187,15
19162,2314558,15
19163,694082,15
19165,2870229,15
19166,685359,15
19167,2520090,15
19170,1528906,15
19172,592841,20
19173,1640217,15
19175,2752599,15
19176,1188589,15
19177,2580237,15
19179,513369,15
19182,1361272,15
19183,966298,20
19184,2185304,15
19186,3217129,15
19187,1153660,15
19188,1167226,15
19189,1771210,15
19190,2818587,15
19191,2711580,15
19192,2943872,15
19193,227251,15
19194,1506262,20
19195,1110005,20
19196,2834070,20
19197,1011453,15
19198,1074693,15
19199,2388029,15
19204,1197775,15
19206,1145597,20
19208,2969563,15
19210,3009906,15
19211,217398,15
19213,3014184,15
19214,1570780,15
19215,105127,15
19216,1833964,15
19219,2885101,15
19220,2702284,15
19227,1509049,15
19229,1475234,15
19230,2465981,20
19231,983098,15
19232,2988209,20
19233,3191497,15
19235,2374233,15
19236,90553,15
19238,1721127,15
19239,1946482,15
19240,153310,15
19242,426359,15
19245,3208492,15
19246,1844221,15
19248,2723161,15
19249,2751579,15
19250,2185955,15
19251,1083780,15
19253,1429145,15
19254,2215123,15
19255,1534540,15
19256,286712,15
19257,2386909,15
19258,3198267,15
19259,1770867,15
19260,2656047,15
19262,1086327,20
19265,3417835,15
19266,704471,15
19267,169053,15
19268,3177936,15
19270,2937550,15
19271,2348420,15
19273,3015833,15
19274,1300655,15
19275,1933790,15
19276,2125937,15
19277,2694221,20
19283,516583,20
19285,3234277,15
19286,2460901,15
19287,2125659,20
19291,252252,15
19292,2191166,15
19293,1370518,15
19295,612649,15
19296,1889048,20
19297,1621865,15
19298,3367576,15
19299,132229,15
19301,2109100,15
19302,1168457,15
19303,1353638,20
19304,1044939,15
19307,792274,15
19308,1309686,15
19309,608359,15
19310,1016198,15
19312,844893,15
19313,3249679,15
19314,2500553,15
19317,1373011,15
19319,3396885,15
19320,1418824,15
19324,2519764,20
19325,2482474,15
19327,2916202,15
19329,176841,15
19331,2238813,15
19332,745595,15
19334,3027804,15
19335,1251262,15
19336,3117428,15
19337,1571263,15
19338,388858,15
19339,1214101,15
19341,153186,15
19343,391723,15
19345,116589,15
19346,859443,15
19347,1702584,15
19348,61504,15
19350,590288,20
19353,725151,15
19355,1564614,20
19357,2754458,20
19359,145542,15
19360,677155,15
19361,636080,15
19362,1083774,15
19364,2765425,15
19365,1189357,20
19367,2291837,20
19368,2033751,15
19369,1244906,20
19370,921570,15
19372,2091343,15
19373,437216,15
19374,290562,15
19375,605899,15
19377,3097167,15
19378,2260999,15
19379,175254,15
19380,567439,15
19382,3004590,15
19383,2710980,15
19385,738002,15
19388,2612422,15
19390,1846449,15
19393,3359296,15
19395,784027,15
19396,415599,15
19397,3285553,15
19398,1340662,15
19399,1961690,15
19400,2175706,15
19401,2027496,15
19403,3147443,15
19404,606147,15
19408,2895978,15
19410,775087,15
19413,2420150,20
19414,565068,15
19415,3352310,20
19418,3135276,15
19419,1530249,15
19421,2620640,15
19423,651345,15
19425,922055,15
19426,2630699,15
19427,2413833,15
19428,1797673,15
19429,1382311,15
19431,3284900,15
19433,3083093,20
19434,834743,20
19435,1997979,15
19436,2180279,15
19439,1167231,15
19440,2521787,15
19441,1143603,15
19442,873692,15
19446,430245,15
19447,2786403,15
19449,1715509,15
19451,316727,15
19453,292454,15
19455,1138623,15
19456,1465229,15
19457,2451678,15
19460,2227071,15
19461,1205340,15
19463,570541,15
19464,1858989,15
19465,2155425,20
19466,1175440,15
19467,3221706,15
19469,1571384,15
19471,3205989,15
19472,2351196,15
19473,2560531,15
19474,2327082,15
19477,2373776,15
19478,2299724,15
19480,3298705,15
19482,96831,15
19483,3247215,15
19484,1284069,15
19486,1070035,15
19487,3007640,15
19488,2821831,15
19489,942852,15
19491,517712,15
19492,1771383,15
19493,1850413,15
19494,1310924,15
19495,731468,15
19497,2074125,15
19498,593879,15
19500,2865316,15
19501,2475632,15
19502,2037729,15
19505,1485065,15
19506,202198,15
19508,2575661,15
19510,3378076,15
19511,2385358,15
19515,976063,15
19519,3410803,15
19520,3236254,15
19522,3390743,15
19523,462865,15
19524,1226777,15
19525,795622,15
19527,2761199,15
19529,1334197,15
19533,2793993,15
19535,2269637,15
19537,194680,15
19539,341729,15
19540,2158301,15
19541,1457927,15
19542,374266,15
19543,2071656,20
19544,1239893,15
19545,103198,15
19546,1539294,15
19547,3407069,15
19548,2751727,15
19549,2333046,15
19554,138288,15
19556,3405436,15
19557,41497,15
19559,491017,15
19560,2515843,15
19562,2654117,15
19564,2980411,15
19565,1176979,20
19566,528835,15
19567,1142837,20
19569,787527,15
19571,3172024,15
19573,2246095,20
19575,2063151,20
19576,2378728,15
19577,679277,15
19578,1546715,15
19579,2808680,15
19582,1292581,15
19583,3256394,15
19584,3160702,15
19586,2867907,15
19588,2294899,15
19589,884099,15
19591,1219823,20
19592,964457,15
19593,210626,15
19594,2706096,15
19595,1045603,15
19596,2481132,15
19597,2482680,15
19598,1613878,15
19599,1492108,15
19602,1859360,15
19603,1169659,15
19604,2509518,15
19605,3140263,20
19606,1619454,15
19607,1189460,15
19608,3141532,15
19609,485099,15
19610,2554827,20
19613,2452578,15
19614,321294,15
19620,2570239,15
19621,1811248,15
19622,2644817,20
19623,1873343,15
19624,32882,15
19626,505750,15
19628,1651107,15
19629,1933008,20
19630,2752772,15
19632,3253787,15
19634,1099906,20
19635,979714,15
19636,3209,15
19638,636212,15
19639,1658439,15
19640,2621302,15
19643,2383445,15
19644,1751485,15
19646,38716,20
19647,580399,15
19648,401100,20
19649,1303450,15
19650,1192538,15
19653,827015,15
19655,2544658,15
19657,97360,15
19658,2019606,15
19664,1342298,15
19665,1767637,15
19666,1621124,15
19667,905182,15
19669,2604509,15
19671,1719658,15
19674,1669549,15
19675,485118,15
19676,2183874,15
19677,145772,15
19682,561874,15
19683,2828269,15
19684,1804141,15
19687,2567440,15
19688,3088227,15
19689,2157459,15
19692,1559716,15
19693,2638871,15
19698,185093,15
19699,3202785,20
19702,862963,15
19705,344612,15
19708,3245578,20
19709,1402878,15
19710,3004227,15
19713,1987815,15
19715,2990283,15
19716,2995567,15
19717,1207011,15
19718,442132,15
19721,2893354,15
19722,2457909,15
19723,2874814,15
19725,839283,15
19728,2417002,15
19730,3316782,15
19731,914284,15
19733,685112,15
19735,726703,15
19737,1553899,15
19741,659268,15
19743,1245861,15
19744,167185,20
19748,27582,15
19749,1198070,15
19753,3164596,20
19754,1146378,15
19756,879051,15
19757,3099378,15
19758,459585,20
19759,1635047,15
19760,1453449,15
19761,2846599,15
19762,2980928,15
19764,688795,15
19765,2782958,15
19768,1980091,15
19769,766369,20
19771,2141188,15
19773,1416897,20
19775,2279622,15
19777,2620828,15
19778,2924198,15
19779,2876343,15
19781,257184,15
19782,1745155,15
19783,3045462,15
19784,298063,15
19789,1369658,15
19791,3178992,15
19792,2170873,15
19795,2309609,15
19796,2978821,20
19797,2830996,15
19799,157138,15
19800,2019572,15
19801,773654,15
19802,1370351,15
19803,3140258,15
19804,867330,15
19805,1868927,20
19806,112048,15
19807,2100330,15
19808,2273178,15
19809,423937,15
19811,534259,20
19813,1778814,15
19814,1900346,15
19816,748762,15
19818,2850757,15
19819,3364733,15
19821,2616802,15
19823,846849,15
19824,85387,15
19825,1333604,15
19827,2722750,15
19829,540346,15
19831,627645,15
19834,344414,15
19835,2418701,15
19836,931126,15
19837,105403,15
19838,844107,15
19841,1263497,15
19842,2929471,15
19843,295426,15
19844,1707515,15
19845,2361234,15
19846,2776986,15
19847,2023968,15
19848,2902341,20
19849,198612,15
19851,3250648,15
19852,2749726,20
19853,2167172,15
19854,1305128,15
19856,2196141,15
19857,184066,15
19859,1049983,15
19860,32179,15
19861,721284,15
19864,1631950,15
19866,513048,15
19867,3305444,15
19868,1336138,15
19870,1130868,15
19873,679365,15
19874,1472403,15
19876,657322,15
19877,685542,15
19878,1210410,15
19879,295242,15
19880,1454155,15
19883,509116,20
19884,1559050,15
19885,2021606,15
19886,2531658,15
19887,3306392,15
19888,338768,15
19889,1297470,15
19890,1319295,15
19893,2837832,15
19894,3357646,15
19896,1771528,20
19898,1818433,15
19899,868760,15
19900,2497423,15
19901,85493,15
19904,3252437,15
19908,3041022,15
19909,2985358,15
19910,2122259,20
19911,111159,15
19912,1510291,15
19913,888955,15
19914,1299490,15
19917,794356,15
19918,699826,15
19920,2589145,15
19923,3073260,15
19925,2959346,15
19926,2834938,20
19927,3316541,15
19928,3188611,15
19929,3362514,15
19930,1026611,15
19932,998840,15
19933,2219929,15
19935,1076930,15
19938,1384747,15
19940,3325433,15
19942,1580139,15
19943,18333,15
19944,738629,15
19945,2416293,15
19946,971694,15
19947,2276011,15
19948,2679033,15
19949,698713,15
19950,3013700,20
19951,3322413,15
19952,366099,20
19953,121437,15
19955,3114613,20
19956,2126942,15
19957,3292066,15
19958,1912394,15
19959,1021734,15
19960,2482951,15
19962,1934891,20
19963,2255399,15
19965,2439834,15
19966,1788479,20
19967,1801113,15
19970,1522644,15
19973,2318683,15
19974,1801467,15
19976,494305,15
19977,1280319,20
19978,179694,15
19979,460131,15
19980,2707154,15
19981,1519943,15
19982,1640060,15
19984,879372,15
19985,2868303,15
19987,1601991,15
19988,468955,15
19990,59405,20
19991,2629779,15
19993,1040001,15
19994,1644263,15
19995,3388780,20
19998,438651,15
19999,1387151,15
20000,2245600,15
20002,2515123,15
20003,34463,15
20004,375735,15
20005,2529445,15
20006,2810230,15
20008,3355743,15
20009,3122701,15
20010,177240,15
20012,3022301,15
20014,512214,15
20017,3413648,15
20019,2958948,15
20020,3392720,15
20021,1882469,15
20022,480155,15
20023,327901,15
20024,87953,20
20025,151482,15
20026,3115386,15
20027,449921,15
20030,2631482,15
20031,1252980,15
20035,1028784,15
20036,2092510,15
20039,731581,15
20040,1872364,15
20042,2945467,15
20044,2300274,15
20045,2428464,15
20048,258444,15
20049,1429662,15
20057,1357612,15
20058,2530661,15
20059,2420628,15
20062,3302304,15
20064,1420985,15
20066,2271176,20
20068,2966392,15
20069,1153897,20
20070,1947028,15
20071,327093,15
20073,3014254,15
20074,20313,15
20075,2537141,20
20076,355530,15
20079,1292166,15
20081,245891,15
20084,2646057,15
20085,263224,15
20086,337959,15
20087,1150842,15
20091,1277541,20
20092,2260438,15
20094,3284195,15
20095,2633611,20
20096,1818932,15
20097,1095286,15
20098,1179225,15
20100,440505,15
20101,3014317,20
20102,2158709,15
20103,3298240,15
20104,1377503,15
20108,266769,15
20109,3055594,15
20110,1140939,15
20111,3291199,15
20112,1633794,15
20113,234648,15
20115,27660,15
20116,2219595,15
20117,2969021,20
20120,500871,15
20121,77833,15
20123,953884,15
20124,992903,15
20125,60204,15
20126,1995184,15
20127,1165475,15
20130,1803088,15
20132,3373918,15
20133,2195584,20
20134,2003863,15
20135,2756218,15
20136,1498109,20
20137,2857936,15
20140,1717234,15
20141,1306210,15
20142,3255045,15
20143,1790249,15
20144,582765,20
20146,815379,20
20149,1455490,15
20151,2234432,15
20152,261504,15
20153,2807878,15
20154,3336486,15
20156,2732586,15
20159,2065225,15
20160,3182222,15
20163,803628,15
20165,252990,15
20167,1464768,15
20170,44303,15
20171,1652007,20
20172,931499,15
20174,2088690,20
20176,1261131,15
20177,1724098,15
20178,413031,15
20179,361776,15
20181,1160568,15
20182,1936192,15
20183,1343250,15
20184,3044591,20
20185,2952706,15
20186,931420,15
20187,825440,15
20189,2442973,15
20190,294015,15
20191,1087071,20
20193,1861966,15
20196,1159180,15
20197,2984652,15
20199,732008,15
20201,3137441,15
20203,1443747,15
20204,698525,15
20206,999350,15
20208,2989939,15
20209,853213,20
20211,1162117,15
20214,1263358,15
20215,833225,15
20216,3328489,15
20218,1860510,20
20219,2716149,15
20220,3329849,15
20222,199919,15
20223,1042338,15
20225,733286,15
20226,986952,20
20228,1673827,15
20231,447137,15
20232,3409101,15
20234,214516,15
20235,3406329,15
20237,2163829,15
20238,2278425,15
20241,237339,15
20242,1499999,15
20243,1203116,15
20245,2833205,15
20246,3249186,15
20247,1209384,15
20248,3061870,15
20249,822454,15
20250,3190579,15
20252,2921337,15
20253,3270657,15
20254,3220510,15
20256,3313006,20
20259,2611842,20
20260,1260292,15
20261,1755871,15
20262,399123,15
20263,2132164,15
20264,182197,15
20266,2734316,15
20267,1372281,15
20268,632406,15
20270,902558,20
20271,968025,15
20274,3333339,15
20275,3128943,15
20276,1878238,15
20278,656866,20
20279,87663,15
20280,1921898,15
20282,2394111,15
20283,1512398,15
20285,3002255,15
20290,929143,15
20292,271535,15
20293,1350467,20
20295,17047,20
20296,922730,15
20297,1737038,15
20298,377238,15
20299,352330,15
20302,3365651,15
20305,3280420,15
20306,407734,15
20307,2246386,15
20308,680976,15
20309,320660,20
20311,533237,15
20314,541904,15
20315,473017,15
20318,714708,15
20320,391215,15
20321,675327,15
20322,611975,15
20325,695148,15
20327,362215,15
20328,2454408,15
20330,2672095,15
20331,3378949,15
20333,2746256,15
20334,145868,15
20335,96703,15
20336,1381142,15
20338,729358,15
20339,1397270,20
20340,481251,15
20341,2158528,15
20343,1483814,15
20344,695617,15
20345,3393221,15
20347,2785431,15
20348,3028691,20
20349,1616539,15
20350,93997,15
20351,2791464,15
20353,22126,15
20355,381753,15
20356,3262680,15
20358,3409399,15
20360,3387861,15
20361,1455073,15
20363,3214517,15
20366,733103,15
20367,949147,15
20368,1842218,15
20371,346974,15
20372,2729442,15
20374,986880,15
20376,2470760,15
20378,1552329,15
20382,2443110,15
20383,1045977,20
20387,1748518,20
20388,408597,15
20389,313150,15
20392,991078,15
20393,2290753,15
20395,906379,20
20397,1795077,15
20398,1801387,15
20401,761503,15
20403,2491772,20
20406,2241680,15
20407,1019171,15
20409,1492300,15
20411,3316633,15
20412,162089,20
20415,1867337,20
20419,3062316,20
20423,95277,15
20424,3229211,15
20425,1301456,15
20426,245654,15
20427,1420197,15
20429,502445,20
20430,154275,15
20432,1148112,15
20433,2985,15
20434,3222819,15
20435,2832013,15
20436,2963639,15
20437,2991657,15
20439,381070,15
20440,2677727,20
20441,1972775,15
20443,1173129,15
20444,3319147,20
20446,258442,15
20447,3355305,15
20448,3415284,15
20449,1521738,15
20450,1226095,15
20451,2780575,15
20452,1586427,15
20456,1069702,15
20457,2627368,15
20458,2315975,20
20459,2822300,15
20460,1887661,15
20463,2317657,15
20464,1585568,15
20466,1058343,15
20468,256748,15
20471,3301319,15
20472,130932,15
20476,3029115,15
20479,3179560,15
20480,3412873,15
20482,2544985,20
20485,2741228,20
20486,1166169,15
20487,301123,15
20488,349812,15
20489,2777686,15
20493,49869,20
20495,2564951,15
20496,2204162,15
20498,2334096,15
20499,61086,15
20501,2471655,15
20502,1629210,15
20503,2526810,15
20504,3411134,15
20508,540357,15
20509,1823099,15
20511,303169,15
20512,1612922,20
20513,2652079,15
20514,1915710,15
20516,1682987,15
20517,2041796,15
20518,1138592,15
20519,2820667,15
20521,315977,15
20522,98600,15
20524,2039566,15
20525,502372,15
20526,2784984,15
20527,2509833,15
20528,3395861,15
20529,2340794,15
20532,1253089,15
20533,1809590,15
20534,1342419,15
20536,245108,20
20537,667440,15
20538,1493297,15
20540,225471,15
20541,858912,15
20543,366421,15
20544,673289,15
20545,2484160,15
20546,689708,15
20547,2397451,15
20548,65579,15
20549,1135934,15
20550,2826025,15
20552,2191722,15
20553,780409,15
20554,1524606,15
20555,1385615,15
20556,3218589,15
20557,2954610,15
20559,475158,15
20560,1016563,15
20561,2290824,15
20562,137715,15
20563,2706641,15
20565,1419294,15
20567,1768828,15
20568,3207045,15
20569,687976,15
20571,976222,20
20572,930901,15
20574,3224303,15
20576,1680740,15
20579,2238001,15
20581,722266,15
20585,67853,15
20586,2225337,15
20587,315112,15
20589,831586,15
20590,3418596,15
20591,94483,20
20592,2107129,15
20596,2873760,20
20597,996432,15
20600,567235,20
20602,267446,20
20604,1832341,15
20607,1690099,15
20609,757655,20
20616,3156073,15
20617,106294,15
20619,2652310,15
20621,1637502,15
20625,96809,15
20627,3414087,20
20628,1616281,15
20629,560226,15
20630,3036182,20
20631,1725750,15
20632,1723882,15
20633,1951091,15
20634,748630,15
20636,3177249,15
20637,316324,15
20638,3023170,15
20639,3361856,15
20640,2965767,20
20642,2373682,20
20644,1685814,15
20645,2231689,15
20647,229064,15
20649,951778,15
20650,1822942,15
20651,3401609,15
20652,802552,15
20654,1625244,15
20655,2368312,15
20656,1427632,20
20657,931566,15
20658,2945282,20
20659,1340341,15
20661,2928528,15
20665,3250849,15
20669,2998701,20
20672,1015619,15
20673,1280141,15
20674,2029810,15
20675,2430239,20
20676,1556115,15
20677,2944412,20
20678,2297481,15
20681,2720654,15
20682,534471,15
20683,1152184,15
20684,2006143,15
20685,1789627,15
20686,839954,15
20687,1870667,15
20688,2298897,15
20690,2633845,15
20692,1917795,15
20693,3122240,15
20694,2788443,15
20695,36859,15
20697,181959,15
20698,3232631,15
20700,242876,15
20702,2128296,15
20703,1957654,15
20704,1130483,15
20705,2961620,20
20706,964278,15
20707,162647,15
20709,505035,15
20710,3339305,15
20711,935456,15
20712,2413415,15
20714,139248,15
20716,619269,15
20717,1429786,15
20719,2547209,15
20720,472168,15
20721,1977049,15
20722,2254796,15
20724,221116,15
20725,2884412,15
20726,2432882,15
20727,717071,15
20729,1001510,15
20732,1937154,15
20734,987159,15
20735,2401643,15
20738,2540972,15
20739,1488020,20
20740,37168,15
20742,2924664,20
20743,1315403,15
20744,2494990,15
20745,2296104,15
20747,504255,20
20748,2210974,15
20752,3236387,20
20753,3303271,15
20755,10754,15
20756,1893242,15
20757,3241842,20
20758,2191502,15
20759,2394282,15
20760,3204765,15
20761,98279,15
20762,314677,15
20763,1441352,15
20765,1639890,15
20766,1031353,20
20767,1034431,15
20769,1478834,15
20770,1829468,15
20772,2080297,15
20773,1588309,20
20775,2364079,15
20776,2256202,15
20777,2141631,15
20778,1095579,15
20779,908780,20
20780,459309,15
20782,487587,15
20784,672798,15
20785,3284690,15
20787,3312930,15
20788,174755,15
20789,1062113,15
20790,3370909,15
20792,1555979,15
20795,1812436,15
20796,3232143,15
20797,1503073,15
20800,243013,15
20801,3299159,20
20802,1299470,15
20806,2720762,15
20807,2696602,20
20809,1771955,15
20810,2466775,15
20812,6821,15
20817,2497134,15
20818,2966816,15
20821,357146,15
20822,2868433,15
20823,2942480,15
20825,933120,20
20826,740957,15
20827,912744,15
20828,2949822,15
20832,1578402,20
20833,2514278,20
20834,1206328,15
20838,255255,15
20839,1146475,15
20840,2748500,15
20841,2932738,15
20842,982914,15
20843,139320,20
20844,533177,15
20845,1242399,15
20847,3263228,15
20848,1601033,15
20849,2334808,15
20850,1460237,15
20851,3164821,20
20853,993964,15
20854,1437990,15
20855,3178976,15
20858,255634,15
20859,414849,15
20861,3069182,15
20862,2969301,15
20863,2506634,15
20864,837542,15
20866,1569228,15
20867,1307667,15
20868,2834587,15
20869,2673744,15
20870,1385116,15
20871,2823202,15
20872,1711918,15
20873,2942419,15
20874,2647398,15
20878,1351798,15
20879,2716015,15
20881,1515987,15
20882,3221793,15
20883,1738513,20
20884,3146000,15
20886,3254702,15
20888,1645087,15
20889,334162,15
20891,1939833,15
20893,911901,15
20894,76584,20
20895,2505218,15
20897,1412818,20
20901,1107455,15
20902,1404197,15
20903,2874152,15
20904,2484491,15
20907,187518,15
20908,1953023,15
20910,2716032,15
20912,2257554,15
20914,1995749,15
20915,1762328,15
20916,136887,15
20918,1793343,15
20920,1543789,15
20922,3062683,20
20923,349507,15
20924,2738787,15
20925,549317,15
20929,391413,20
20930,2107604,15
20932,3405927,15
20934,529851,20
20936,2118316,15
20937,783927,15
20939,1064918,15
20940,2711236,15
20941,40183,15
20943,2783760,20
20945,1466316,15
20946,2387600,15
20947,213571,15
20948,876400,15
20949,3420895,15
20952,2275865,15
20953,1633552,15
20954,33408,15
20955,2240542,20
20957,3107668,20
20960,2851449,15
20962,1870530,15
20963,857422,15
20964,2716791,15
20965,649816,15
20969,63808,20
20970,1259540,15
20972,1497808,15
20973,1826204,15
20975,2129121,15
20977,407285,15
20978,930134,15
20979,2380128,15
20980,1602403,20
20982,2753529,15
20985,1125001,15
20986,12562,15
20987,1019661,15
20990,970848,15
20991,2859605,20
20995,1959936,20
20996,1899799,15
20997,971839,15
20998,281975,15
20999,3255998,15
21000,2679688,15
21004,3339266,15
21005,290270,15
21007,2295260,15
21008,147917,15
21009,1234397,15
21010,889655,15
21013,2428214,15
21015,1286549,15
21016,1354537,15
21017,1586247,15
21018,145026,15
21020,738466,15
21022,1883037,15
21023,102963,20
21024,2419702,15
21025,505011,15
21026,1560205,15
21027,1542944,20
21028,833866,15
21029,1930264,15
21030,864292,20
21031,1333457,15
21034,2523462,15
21035,485702,15
21036,1511401,15
21038,3271509,15
21040,298758,15
21045,2845198,15
21047,79342,15
21048,1738155,15
21049,338279,15
21051,2690264,20
21053,345339,15
21054,253400,15
21055,1131445,20
21056,998325,15
21057,70684,15
21059,418455,15
21060,2766628,15
21065,1375428,15
21069,2172760,15
21070,577411,15
21071,1567613,15
21073,321004,15
21074,1312074,15
21075,723421,15
21076,291968,15
21078,1275078,15
21080,1484991,15
21081,2448840,15
21082,195819,15
21083,3305456,15
21085,3276786,15
21086,2348624,15
21087,1561535,15
21089,1861425,20
21091,2024108,15
21092,3246698,15
21093,2983994,15
21094,3239691,15
21097,1862520,15
21098,2249386,15
21099,3065684,20
21100,674270,15
21102,2218573,15
21105,356039,15
21106,2004755,15
21107,2869902,15
21108,437485,15
21110,855564,15
21111,1061938,15
21113,1266084,15
21114,1232288,15
21115,3380409,15
21120,1590752,15
21122,1796699,15
21125,717776,15
21127,3262754,15
21128,244005,15
21129,2958274,15
21130,705338,20
21131,2627596,15
21134,596540,15
21136,2161883,20
21138,1296738,15
21139,539373,15
21140,3322765,15
21142,852105,15
21143,1627388,15
21146,2946838,15
21148,2780321,15
21149,3113511,15
21151,441130,15
21152,161008,15
21153,1996826,20
21154,2962967,15
21155,439347,15
21156,3142872,15
21157,1851791,15
21158,729504,15
21159,2277631,15
21160,612868,15
21161,483155,15
21162,1564146,20
21164,1560456,15
21165,3401583,15
21166,52595,15
21168,2788908,15
21170,1281684,15
21171,506765,15
21175,868036,15
21176,425036,15
21178,758317,15
21179,2674349,20
21180,2133297,20
21182,131783,15
21183,3140943,15
21184,2860432,15
21185,1243629,15
21186,357839,15
21187,272605,15
21190,1310099,15
21191,995297,15
21194,1602977,15
21195,645585,15
21197,3104906,15
21199,626358,15
21200,2796648,15
21201,1790109,20
21202,996294,15
21203,2722384,15
21204,71145,15
21205,426219,15
21206,823760,20
21207,2473935,15
21208,2942818,15
21211,3112165,20
21213,450990,15
21214,818576,15
21215,2443220,15
21217,1882710,15
21218,25806,15
21219,935287,15
21220,3347421,15
21224,1907973,15
21225,251556,15
21226,1667854,20
21227,1255233,20
21228,453479,15
21229,26444,15
21230,2426433,15
21231,1559746,15
21232,536223,15
21233,2979201,15
21236,1898484,15
21238,3329806,15
21240,1010832,15
21242,3025386,15
21245,378327,15
21247,1028242,15
21248,2213409,20
21250,834808,15
21251,3184388,15
21254,2101520,15
21256,199658,15
21258,1524694,15
21259,2831864,20
21262,2705434,20
21265,4984,15
21267,3151343,15
21268,1719416,15
21269,2089992,15
21271,3359483,15
21272,2191,15
21273,1300846,20
21276,2891877,15
21278,2800380,15
21279,303791,15
21280,852677,15
21281,836735,15
21282,1045759,15
21283,1738384,15
21285,1641625,15
21287,3398868,15
21288,2825078,15
21289,1797953,15
21290,2186251,15
21291,1131119,15
21292,43466,15
21293,22729,15
21294,2569122,15
21295,1710992,15
21296,1251892,15
21297,180638,15
21300,2181032,15
21302,468144,15
21305,2714641,15
21306,1795208,15
21307,3035113,15
21308,3402029,15
21309,799354,15
21310,328748,15
21311,3210109,15
21313,3123342,15
21314,3165654,20
21315,1415934,20
21318,287536,15
21320,3125502,15
21321,2776754,15
21322,672041,15
21325,776147,20
21328,1825307,15
21329,3375115,15
21331,1024397,20
21335,2129128,15
21336,1740785,15
21337,1775252,15
21340,1186908,15
21341,461058,15
21344,2281832,15
21345,1727631,15
21347,43762,20
21348,983985,15
21350,1403533,15
21353,3240072,15
21355,2584795,15
21356,734044,15
21358,2127273,20
21359,2595476,15
21362,3077487,15
21363,773728,15
21364,272738,15
21365,2500732,15
21367,2415387,15
21369,2503458,15
21370,3380685,15
21373,636819,20
21376,2250235,20
21377,2810303,15
21380,1241426,15
21381,2645768,15
21384,818333,20
21385,723820,15
21386,3299994,15
21389,2236395,20
21393,1647730,15
21395,2628526,15
21398,574676,15
21399,763719,20
21400,3156601,15
21402,259850,20
21403,869648,15
21404,1098754,15
21405,70715,15
21407,650176,15
21408,2212437,15
21409,1158619,15
21411,91861,15
21412,1634303,15
21413,242006,15
21415,3370369,15
21416,2888154,15
21417,2853026,15
21418,1211187,15
21419,1705064,15
21421,73126,15
21423,3280498,20
21424,1506200,15
21425,51384,15
21428,1036391,15
21429,2385725,15
21432,1013881,20
21434,2403301,15
21435,3355806,15
21436,1303753,15
21438,2012570,15
21439,2464286,15
21440,2314653,15
21441,2652579,15
21442,2550326,15
21445,2879587,15
21446,2656551,15
21447,3000771,15
21448,3265986,15
21450,2824343,15
21451,1117104,20
21452,2441522,15
21454,2320711,15
21455,3374724,15
21456,535891,15
21460,3239998,15
21461,522954,15
21465,1416782,15
21467,377115,15
21470,2848156,15
21471,2841127,20
21472,1522405,15
21473,2786521,15
21475,3270880,20
21476,2118123,15
21479,2934054,20
21486,3031513,15
21487,2093422,15
21489,2522525,15
21490,2763286,15
21491,1399252,20
21492,347286,15
21493,1083438,15
21494,1329940,20
21495,1204309,15
21497,2229834,15
21498,3305085,15
21499,2711886,15
21502,1779609,15
21503,1204150,15
21504,23200,15
21505,1757193,15
21507,1664973,15
21510,3004750,15
21511,776864,15
21512,1584542,15
21513,2388520,15
21515,3527,20
21516,75013,15
21517,1207287,15
21520,495574,15
21522,2078614,15
21523,581573,15
21524,677804,15
21525,2294595,15
21526,655204,15
21530,516030,15
21531,2210052,15
21532,2647129,15
21533,285520,15
21538,2256622,15
21539,1495277,20
21540,1363639,15
21541,1005293,15
21542,2132876,15
21543,2020327,20
21546,2826174,15
21547,1243217,20
21548,202344,20
21550,437845,15
21551,1315765,15
21552,513939,15
21553,3293618,15
21555,17713,15
21560,2696981,15
21561,1829349,20
21562,2524807,15
21563,2908158,15
21564,2715711,20
21569,810863,20
21570,968469,15
21571,1040997,15
21573,3271790,15
21576,3062348,15
21578,2041979,15
21580,3094380,20
21582,1265746,15
21583,978707,15
21584,2973264,15
21588,945913,15
21589,3160484,15
21590,1077717,15
21591,2424134,15
21592,1902992,15
21593,3094761,20
21594,1893770,15
21595,2807545,15
21596,2279861,15
21597,3390384,20
21599,2046179,15
21601,3053208,15
21603,2022416,15
21604,712000,15
21605,859994,15
21606,1697243,15
21607,2100421,15
21608,2626927,15
21609,1972303,15
21610,2695689,20
21611,2717120,20
21614,748842,15
21615,1400891,15
21616,849212,20
21617,720673,20
21618,953101,15
21619,576249,15
21622,2473283,15
21623,2764441,15
21624,1982855,20
21626,2297837,15
21627,2062545,15
21629,2237136,15
21630,57725,15
21632,2297249,15
21633,1539820,15
21634,513770,15
21635,1072634,15
21636,2587968,15
21637,1174608,15
21639,26681,15
21640,1882852,15
21641,3083424,15
21642,1118685,15
21643,1958379,15
21649,964792,15
21651,534285,15
21652,2497499,15
21654,586617,15
21655,1175831,20
21656,1510929,15
21660,1092170,15
21661,1894143,15
21662,3127612,15
21663,2103197,15
21664,1250765,15
21665,834126,15
21667,630559,15
21668,837726,15
21671,64529,15
21672,2355465,20
21674,3230905,15
21675,3298107,15
21676,1094117,15
21677,982927,15
21678,681414,15
21679,2454057,15
21680,2803466,20
21681,2654702,15
21682,851026,20
21683,2467682,15
21685,2868989,15
21688,3166414,15
21689,3221271,15
21690,1577316,15
21691,1041641,15
21692,2997017,15
21693,2065224,15
21694,2396576,20
21696,2280098,15
21698,2819447,15
21699,2471513,20
21700,3031923,15
21702,1740279,15
21703,1411071,15
21705,916315,15
21706,876752,15
21709,153593,15
21710,1504390,15
21711,1282163,20
21714,3201652,15
21715,2879615,15
21719,1995700,15
21720,2607449,15
21721,4011,15
21722,361488,15
21724,115756,15
21727,308888,15
21728,2429837,15
21729,442872,15
21730,1458640,15
21731,158305,15
21732,3012485,15
21736,2083872,15
21737,2877238,15
21739,1132684,15
21740,854719,15
21741,3159065,15
21743,2578530,15
21744,1254937,15
21747,823078,20
21748,1868105,20
21750,2095776,15
21751,831493,15
21752,3035663,20
21753,3040277,20
21754,3397384,15
21756,3381527,20
21757,680325,15
21758,1390955,15
21760,1525886,15
21761,1952113,15
21763,2296214,15
21765,2654227,15
21767,3412806,15
21768,2954976,15
21769,2532338,20
21772,565603,15
21773,53025,15
21774,853345,15
21775,311454,20
21776,3254958,15
21777,485749,15
21778,3021553,15
21779,2892144,15
21781,116186,15
21782,1692346,20
21783,2958632,15
21784,2490969,15
21785,39355,15
21786,698448,15
21787,2080756,15
21788,3111029,15
21789,3051525,20
21790,2542518,15
21791,88458,15
21792,3366801,15
21794,2696709,15
21795,2957667,15
21796,2627200,15
21797,847048,15
21798,1409188,15
21799,1222964,20
21801,3191327,15
21802,3210259,15
21805,3339681,15
21807,2310480,15
21809,1323388,15
21810,3343177,15
21814,2623024,15
21815,867435,15
21817,151844,15
21820,1322646,15
21822,2431895,15
21823,2066064,20
21824,2321017,15
21826,2360017,15
21829,2056068,15
21830,611767,15
21831,3258895,15
21834,1907507,15
21836,2052861,15
21837,3310377,15
21838,236809,15
21839,3140783,20
21840,1219152,20
21841,794090,15
21843,304703,15
21844,123504,15
21845,1695991,15
21846,1618672,15
21848,1845006,15
21849,1624181,15
21850,237811,15
21851,93884,15
21853,1363540,15
21855,1520825,20
21856,1527341,15
21857,1079829,20
21861,299786,15
21862,372683,15
21863,1666059,15
21867,219355,15
21871,2908499,15
21872,1917873,15
21873,3268492,15
21874,1760822,15
21875,700264,20
21877,812169,15
21878,379156,20
21882,3071145,15
21885,433341,15
21886,1121667,15
21887,1385975,15
21888,2896621,15
21890,3137185,15
21893,3317697,15
21894,1751261,15
21897,2331643,15
21898,1519721,15
21900,44669,15
21902,2375498,15
21903,39727,15
21906,189514,15
21909,2121048,15
21910,3044039,15
21911,3192993,15
21913,433214,20
21915,2613542,15
21919,427405,20
21920,1369237,15
21921,2010175,15
21922,2178712,15
21923,2540979,15
21926,1405512,15
21928,833286,15
21930,3150842,15
21931,210282,20
21932,1711492,15
21933,1359157,15
21934,124837,15
21935,1254401,15
21938,700452,15
21939,2433029,15
21942,1739914,15
21943,1882374,15
21944,2685399,15
21946,1196539,15
21947,775083,15
21948,2616759,15
21949,2153804,15
21950,1699247,15
21951,3222332,15
21954,864153,15
21956,2211993,15
21957,1128233,15
21958,199520,15
21961,2391811,20
21962,3078940,20
21963,1537848,15
21965,2503356,20
21966,941056,15
21967,1600216,20
21968,199339,15
21970,3142530,15
21971,1640422,15
21972,759993,15
21974,2168378,20
21975,765521,15
21976,831710,15
21977,1987969,15
21979,2836490,15
21981,1022232,15
21983,1644724,15
21984,1378930,15
21986,2095247,15
21987,2593458,20
21990,2247226,15
21991,337298,15
21992,3321426,15
21993,218591,15
21995,1664654,15
21997,1147913,15
21998,1351023,15
21999,871561,15
22003,1138899,15
22006,947074,20
22008,41394,15
22010,1072756,20
22011,314272,15
22012,2784738,15
22013,419133,15
22014,72079,15
22015,1121041,15
22016,1667483,15
22017,2262305,15
22018,2143699,15
22019,1899100,15
22020,2139203,20
22021,3057860,15
22022,2907146,15
22024,1731057,15
22025,303476,15
22026,1345391,15
22028,138913,15
22031,512713,15
22032,908461,15
22033,2675925,20
22034,952938,15
22035,2685499,15
22036,695362,15
22037,464226,20
22039,914357,20
22041,1959232,15
22043,2438079,15
22044,358940,15
22045,1231730,15
22048,1767476,15
22050,2923299,20
22051,934625,15
22052,1488347,15
22055,1980214,15
22057,713072,15
22058,3412041,15
22059,2073063,15
22060,2085019,15
22061,1897965,15
22064,758490,15
22067,298342,15
22069,2303586,15
22070,312231,15
22072,2192675,15
22075,3326481,15
22077,114522,15
22078,1748774,15
22079,2981425,15
22080,1971290,20
22081,2476457,20
22083,1143624,15
22084,1903143,15
22085,864802,20
22087,2635509,15
22090,1247027,15
22091,1591696,15
22093,2514952,15
22094,2759779,15
22096,3108021,15
22098,1934396,15
22099,1031256,15
22100,3120357,15
22102,2650974,15
22104,1819309,15
22106,2202723,15
22108,645152,15
22109,3089628,15
22110,2919496,15
22112,1820846,20
22115,2575364,15
22118,2436307,15
22119,1177908,15
22120,1907659,15
22121,2583122,15
22122,3330852,15
22123,1185440,15
22124,225190,15
22125,21796,15
22126,931604,15
22128,3077039,15
22131,2737380,15
22132,2610754,15
22133,2516038,15
22135,1396984,15
22137,1476385,20
22138,1483760,15
22140,703283,15
22141,163221,15
22143,1539398,15
22144,2268510,15
22146,257986,20
22147,3273095,15
22148,581648,20
22149,2349840,15
22151,2458609,15
22153,3341807,15
22155,977544,15
22156,2025636,15
22158,2978135,15
22159,2133334,20
22161,1043219,15
22162,2119198,15
22163,2122655,15
22164,1234141,15
22165,1593071,15
22166,2304290,15
22168,2946032,15
22170,2063463,20
22171,1138648,15
22174,1986485,15
22175,2558621,15
22176,2063943,15
22178,3016431,15
22180,1361987,15
22181,1950399,15
22182,2563763,15
22183,2993558,15
22185,131999,15
22186,1871397,20
22188,197785,20
22189,439093,15
22190,2349855,15
22191,2082554,15
22192,1289766,15
22193,2525293,15
22196,2787834,15
22197,2562104,15
22198,2274100,15
22199,1297893,15
22200,1893949,15
22201,2820,15
22203,1022693,15
22204,1763689,15
22205,2598017,15
22206,130115,15
22207,3126175,15
22208,1563925,15
22210,1274712,15
22212,3376913,15
22213,1547832,20
22215,211139,15
22218,2717572,15
22219,2825361,15
22221,712800,15
22222,583590,15
22223,2444050,15
22224,725051,15
22225,2050298,15
22226,273913,15
22227,2114705,15
22232,1657806,20
22233,2097679,15
22234,1034875,15
22236,1678265,15
22237,2076683,15
22239,3259115,15
22240,2522971,15
22241,3236660,15
22242,780340,15
22243,749390,15
22244,2916946,15
22245,322453,15
22246,1075175,15
22247,1031439,15
22248,2076442,15
22249,3065579,15
22254,2426239,15
22255,314135,15
22258,637489,15
22261,1226571,20
22262,37344,15
22264,2816283,15
22265,989744,15
22266,2186114,15
22267,461534,15
22269,2049867,15
22273,3329084,15
22274,1814462,15
22276,427287,15
22277,580492,15
22278,823772,15
22279,3208561,15
22280,221481,15
22281,792324,20
22282,1139736,15
22283,617821,15
22285,567755,15
22286,2644785,20
22287,1710335,15
22288,2808107,15
22289,697076,15
22291,371948,15
22292,167097,15
22294,1749032,20
22295,2260956,15
22296,2594440,15
22298,2779598,15
22299,1688673,15
22300,2751379,15
22301,295532,15
22303,2410224,15
22304,2051669,15
22306,2304197,15
22307,455114,15
22309,3217924,15
22311,3042031,15
22312,2584274,15
22313,2933258,15
22314,2522762,15
22316,2806947,15
22317,199311,15
22318,1624802,15
22321,1902028,15
22322,965779,15
22323,291481,15
22325,573987,15
22326,989828,15
22328,2527067,15
22329,3006095,15
22330,2346966,15
22332,1877273,15
22333,2709137,15
22334,2602479,15
22335,3058983,15
22336,214933,15
22337,1329052,15
22339,1540872,15
22340,302129,15
22343,674547,15
22346,2560676,15
22350,184838,20
22351,1890571,15
22352,72519,15
22353,330926,15
22354,1204113,20
22355,1131376,15
22359,857552,15
22360,192420,15
22361,1637190,15
22362,3081118,15
22365,2623805,15
22367,3076243,15
22369,275022,20
22371,2662026,15
22372,1854843,15
22373,1874243,15
22374,1943051,15
22375,674839,20
22376,1159239,15
22377,2000183,15
22380,857995,15
22382,259057,20
22389,541802,20
22390,2681281,15
22392,1911267,15
22393,3249377,15
22395,2593282,15
22396,2243546,15
22397,1328544,15
22398,1413735,15
22402,3016343,20
22403,1218185,15
22405,3419846,15
22409,2723057,15
22412,2237138,15
22415,1233087,15
22417,2860115,15
22418,503944,15
22420,229282,15
22421,3155548,15
22422,983260,15
22423,1979922,15
22424,125339,20
22425,915485,15
22427,2956334,15
22428,256099,15
22429,3414205,20
22431,2897167,15
22433,2876800,15
22434,372525,15
22435,2848964,15
22436,2289155,15
22437,3059601,15
22438,2213705,15
22439,3105984,20
22440,1539756,20
22441,1891167,15
22442,3319218,15
22443,2111134,15
22444,280467,15
22445,1507723,15
22448,2201344,20
22449,288316,15
22452,1754369,15
22453,3153312,15
22454,2242594,15
22458,2144877,15
22460,1228510,15
22461,584443,15
22462,2557826,15
22463,2567734,15
22464,1101692,15
22465,1986228,15
22467,45399,15
22468,2709276,15
22469,2916901,15
22470,3254845,15
22472,3017048,15
22473,2013275,15
22476,552007,15
22478,2622119,15
22479,1889679,20
22480,2433774,15
22481,3262103,15
22482,395345,15
22483,749797,15
22484,52659,15
22485,1963851,15
22486,778955,15
22488,1261052,15
22489,3376264,15
22492,1782748,15
22493,1250135,15
22494,2934116,15
22495,1569887,15
22498,3263655,20
22499,1118727,15
22500,875560,15
22501,552944,15
22502,141461,20
22503,793137,15
22505,724232,15
22507,1160805,15
22508,490190,15
22509,190021,15
22511,478769,15
22512,2809540,15
22518,3042030,15
22519,3106064,15
22520,3248479,15
22522,1330911,15
22523,2509414,15
22524,2586867,15
22525,61409,15
22528,1354213,15
22530,3139607,15
22531,1700356,15
22532,1168952,15
22534,2407826,20
22535,2053315,15
22538,1011600,20
22542,2848257,15
22543,1671389,20
22544,1740339,15
22546,1474904,15
22547,2169609,15
22548,2609090,15
22549,1717946,15
22551,3065655,15
22553,387024,15
22554,261371,15
22555,1988220,20
22556,3063440,15
22558,655908,15
22559,2382871,20
22560,1857615,15
22561,321213,15
22562,1152817,15
22563,948900,15
22564,826019,15
22565,3292235,15
22566,2419866,15
22569,2727832,15
22570,3110510,15
22571,1448515,15
22573,1454212,15
22574,2739550,15
22575,1122105,15
22577,2400689,15
22579,3303765,15
22582,184657,15
22583,1548471,15
22584,1952198,20
22587,209927,15
22588,3204539,15
22590,2341952,15
22591,1463977,15
22592,2179495,15
22593,371975,15
22594,631324,15
22595,2698940,15
22598,2094389,15
22599,2583818,15
22600,340372,15
22601,2715094,15
22602,176464,15
22603,2979501,15
22605,365906,15
22606,180785,20
22607,2853888,15
22608,2814897,15
22609,3166131,15
22610,559939,15
22611,2211039,15
22612,3258326,15
22613,918535,15
22614,1269120,20
22618,3051172,15
22619,1893936,15
22620,2526506,15
22622,4006,15
22623,2737250,15
22626,1224216,15
22628,3375476,15
22630,3262971,15
22632,829605,15
22633,3032371,15
22635,1532692,15
22636,1356072,15
22640,2298945,15
22642,40244,15
22643,742006,15
22645,721565,15
22647,1448279,15
22648,2888562,15
22649,3056003,15
22650,2566800,15
22651,156085,15
22653,1582931,15
22654,2702975,20
22659,3024612,15
22660,3136166,15
22661,2270352,20
22662,808724,15
22663,1392349,15
22666,2310774,15
22667,639512,15
22668,2990754,15
22671,3245142,15
22672,2807170,15
22674,255359,15
22675,2134181,20
22677,481627,20
22678,560664,15
22689,867248,15
22691,2879509,15
22692,3263385,15
22694,381187,15
22695,1112805,15
22697,795262,15
22698,3112317,15
22699,1035939,15
22700,3140991,15
22701,2818108,15
22702,1989592,15
22703,47075,20
22706,1377678,15
22707,3199241,15
22710,3080917,15
22711,321918,15
22713,1223980,15
22714,1422894,15
22715,1458477,20
22716,1593147,15
22718,1680682,15
22719,2309735,15
22720,2857331,15
22727,2790961,15
22728,2942284,15
22730,1810250,20
22731,311692,15
22732,3109406,15
22733,3011185,15
22736,2201460,15
22737,20867,15
22738,617588,15
22740,1519082,15
22743,1547444,15
22744,2994672,15
22746,2495296,15
22747,3284656,20
22749,222182,20
22750,1459206,15
22753,172595,15
22755,2041782,15
22757,3037993,15
22758,1028138,15
22760,1226374,15
22761,2490025,15
22767,3184486,15
22770,1265660,20
22772,329100,15
22774,2546898,15
22775,843457,20
22776,1762616,15
22778,3417457,20
22779,108375,15
22780,2497781,15
22781,1588608,15
22783,51330,20
22785,762875,15
22786,29522,15
22787,2041836,15
22789,1086222,15
22790,1458855,15
22791,2908201,15
22793,2503087,15
22795,236127,15
22797,3128637,15
22798,477918,20
22800,1214288,20
22801,2523508,15
22802,1580639,15
22806,582136,15
22807,491915,15
22808,2779850,15
22810,2454419,20
22813,2686020,15
22814,2449162,15
22820,3149748,15
22821,2310775,15
22824,1276574,20
22825,3008551,20
22827,2757860,15
22828,1385109,15
22829,1468751,15
22831,1548493,15
22832,3312905,15
22834,2862050,15
22838,2127972,15
22839,1133912,15
22841,331270,15
22842,2904537,20
22844,1998174,15
22845,3146075,15
22846,267479,15
22848,2682583,15
22849,476146,15
22850,2976463,15
22851,1479397,15
22853,3358651,15
22858,1388386,15
22859,489374,20
22860,1469221,15
22864,869576,15
22865,2678145,15
22866,197718,15
22870,1135935,15
22871,112829,15
22872,1627196,15
22873,61899,15
22874,3393348,20
22875,2541815,15
22876,3135919,15
22879,125889,15
22880,2681732,20
22883,1057224,15
22884,1427949,15
22885,2908458,15
22886,2740741,15
22888,3106567,15
22892,1498879,15
22893,356888,20
22894,2218032,15
22896,2082121,15
22897,722134,15
22898,1597678,15
22900,1344567,15
22903,614289,15
22906,2058875,20
22907,2066389,15
22908,1752569,15
22910,1999842,15
22911,985444,15
22912,738423,15
22916,1656770,15
22917,1530153,15
22918,2363226,15
22919,2089491,15
22920,2514374,15
22921,1475095,15
22924,2627049,15
22925,3034683,15
22926,1678051,15
22927,2125767,20
22928,401887,15
22929,518293,15
22930,196364,15
22932,2540632,15
22933,1436524,20
22936,2428035,15
22938,1845339,20
22940,2879788,15
22943,1334900,15
22944,250162,20
22947,672978,15
22948,555006,15
22949,383983,15
22950,3335161,15
22951,1262926,15
22953,808217,15
22954,582051,15
22956,2698267,15
22958,2069255,15
22961,1553797,15
22963,925256,15
22964,2061401,15
22965,3021520,15
22966,1219211,15
22967,1149317,15
22969,1599430,15
22970,1180577,15
22971,2493597,15
22974,2141574,20
22976,200956,15
22977,2038879,15
22979,2171370,15
22980,425256,15
22981,1398520,15
22983,2452415,15
22985,50199,15
22987,165044,15
22990,1294585,15
22992,43096,15
22993,1877408,15
22995,1162855,15
22996,531351,15
22997,1757523,15
22999,3271128,15
23000,3132318,15
23002,22096,15
23003,3085195,15
23005,498926,15
23008,100962,15
23009,2915372,15
23014,2646190,15
23016,585508,15
23017,1663595,15
23018,947154,15
23019,2739704,15
23020,847123,15
23021,228138,15
23025,630836,15
23028,2694707,15
23029,1480087,15
23030,1450869,15
23031,3142272,15
23033,1758277,20
23034,783662,20
23036,2953088,15
23040,2202430,15
23041,1386514,15
23043,2199653,15
23044,2738172,15
23045,3017726,15
23046,3275738,15
23047,1866394,15
23048,2248612,15
23049,2722403,15
23050,2735492,15
23052,1839299,15
23054,2441658,15
23057,4092,15
23059,3150284,15
23061,3347403,15
23062,3413357,15
23063,3314725,15
23064,1532141,20
23067,594467,15
23068,2762365,15
23069,859019,15
23070,516494,15
23071,1168875,15
23072,251291,15
23073,401808,15
23074,150568,15
23077,1788765,15
23079,2816077,15
23081,1071022,15
23084,2167547,20
23085,917272,15
23087,1321249,15
23088,3318529,15
23089,1854892,15
23090,1544760,15
23091,3284745,15
23092,687429,20
23094,633716,20
23098,2194051,15
23099,2698839,15
23102,1553291,15
23103,1109276,15
23105,441289,15
23106,441204,15
23108,2377676,20
23109,1612675,15
23110,3220482,15
23111,689033,20
23112,1047822,15
23114,3093441,15
23115,2986294,15
23116,413465,15
23118,174559,15
23119,407052,15
23123,534240,15
23125,1773899,15
23126,677135,15
23127,1047223,20
23128,195622,15
23129,2010907,15
23130,3267888,15
23131,3142160,15
23133,2411192,15
23134,944062,15
23137,3252084,20
23138,1831351,15
23139,2306010,20
23140,2900730,20
23142,2833685,15
23144,892769,15
23145,2409270,15
23147,1296613,15
23148,407152,15
23150,2255504,15
23151,2024146,15
23152,2804668,15
23153,1626462,15
23154,2946135,20
23156,519155,20
23157,3235114,15
23158,795639,15
23159,1502471,15
23160,3229519,15
23161,1573763,15
23162,1410288,15
23163,3292779,15
23164,2008555,15
23165,540315,15
23171,1820933,15
23172,1992691,15
23173,3316549,15
23174,3257927,20
23175,322486,15
23177,2032515,15
23178,2549155,15
23181,2718398,15
23182,2262933,15
23183,3251032,15
23184,2846404,15
23185,55750,20
23187,2314203,20
23188,433521,15
23190,3037571,15
23191,1290776,15
23193,255613,15
23194,646847,15
23198,378502,15
23199,2854834,15
23203,47696,15
23204,1052731,15
23206,1702993,15
23207,2917903,20
23211,502200,15
23212,1232590,15
23213,2575586,20
23215,2181488,20
23216,2598202,15
23220,118955,15
23221,2111595,15
23222,2687239,20
23226,1858639,15
23227,2426482,15
23229,2121723,15
23230,2159350,15
23233,3075561,15
23238,2590023,15
23240,1080823,15
23242,2503908,15
23244,3196832,15
23246,2614997,15
23247,1736722,15
23248,2435804,15
23249,2152129,20
23250,1203685,20
23252,49500,15
23253,1600102,15
23254,3340405,15
23255,607277,15
23256,2118938,15
23257,1675496,15
23258,3096941,15
23259,1335498,15
23260,3189398,15
23261,1222043,15
23262,2688608,15
23263,1742395,15
23266,3291884,15
23269,746060,15
23270,865476,15
23273,812227,15
23275,227988,15
23277,2495069,15
23278,56771,20
23280,3067196,15
23281,3061479,15
23282,719262,15
23284,10263,15
23285,1953563,15
23286,1089203,15
23288,2765601,20
23290,3229397,15
23291,2363164,15
23292,3243305,15
23294,2106580,15
23295,1066849,15
23297,3413689,15
23299,1830229,15
23300,1639844,15
23303,2058004,15
23304,2908266,15
23305,2186621,15
23306,2833025,20
23307,2861914,15
23308,1183132,15
23309,2654564,15
23313,2222825,20
23315,3387299,15
23316,3174330,15
23320,3062050,15
23321,808109,15
23323,1237241,15
23326,244895,15
23331,1620270,15
23332,289400,15
23333,109876,20
23335,793316,15
23336,288168,15
23339,1909543,15
23340,605205,15
23341,1203715,15
23342,3229195,20
23344,2781129,15
23345,1731972,15
23346,668585,15
23348,2446068,15
23351,3231903,15
23353,1199901,20
23354,1894174,20
23355,2555051,20
23356,1780402,15
23357,78546,20
23358,71452,15
23360,2674943,20
23361,1473316,20
23362,2062689,20
23363,2492353,15
23366,692868,15
23367,1887184,15
23368,2891368,20
23372,2013358,20
23373,2174798,15
23374,2757102,15
23375,3005221,15
23376,609375,20
23379,3391222,15
23380,1067311,15
23381,1448922,15
23382,498528,15
23383,1100747,20
23385,35422,15
23386,1144661,15
23387,2487920,15
23388,656741,15
23389,2555115,20
23391,486964,15
23392,286955,15
23393,1829537,15
23394,3327688,15
23395,1503518,15
23398,581118,15
23400,2057482,15
23402,1419808,15
23405,478545,15
23406,1260269,15
23407,3019313,15
23408,1132045,15
23409,14246,15
23411,222943,15
23412,1273694,15
23413,1417622,15
23414,1928309,15
23417,2353054,15
23418,1143955,15
23420,913950,15
23421,170328,15
23422,3294788,15
23425,1965497,15
23427,1966933,15
23428,248051,15
23429,3419000,15
23430,3080611,15
23431,2021214,15
23434,707314,15
23435,1608113,15
23437,2392701,15
23440,1815954,15
23442,2859137,15
23443,3237583,15
23444,2437736,15
23445,637283,15
23446,2116341,15
23449,177701,15
23451,2254116,20
23452,396885,15
23453,2318504,15
23455,1958885,15
23456,1894724,15
23457,679296,15
23460,1810037,15
23465,2990600,15
23466,3218072,15
23467,2218262,15
23468,1865624,15
23471,1441800,20
23475,3187224,15
23476,1609453,15
23478,2863768,15
23479,1765364,15
23480,2840467,15
23481,2927224,20
23483,1126931,15
23484,426958,15
23485,3368222,15
23487,2375800,15
23489,3337432,15
23490,3252972,15
23491,2965596,15
23492,3167233,15
23493,613593,15
23494,1422902,15
23495,1694633,15
23497,1787271,15
23498,2127641,15
23499,1246047,15
23500,1108948,15
23501,21463,15
23502,2794850,15
23503,825412,15
23504,1052171,15
23507,1804254,20
23509,1126938,20
23510,395779,15
23511,923844,15
23512,3243470,15
23513,2800660,15
23514,1707550,15
23519,2942685,15
23520,1895915,15
23521,1278233,15
23523,1641041,15
23524,3118458,15
23526,1631794,15
23527,2960259,20
23532,2303768,15
23533,231659,15
23535,1629729,15
23536,832411,15
23541,1760290,20
23542,1479500,15
23547,2650237,15
23548,2561570,15
23550,664705,15
23551,318586,15
23553,463564,15
23554,2285776,15
23555,2923861,15
23559,1158296,15
23560,2464067,20
23562,480119,15
23564,1808985,15
23565,1283533,15
23566,1242315,15
23568,3241708,20
23570,1860598,15
23571,1457135,15
23572,2758309,15
23574,2092980,15
23575,1305220,15
23576,2167689,15
23577,125678,20
23580,521187,15
23582,2499496,15
23583,1006791,15
23584,2791988,15
23585,1557848,20
23586,2067918,15
23587,1535700,15
23588,218058,15
23589,2546813,15
23590,2066848,20
23592,1837948,15
23593,3120672,15
23594,2600658,15
23596,773686,20
23597,2461053,15
23598,940485,15
23599,393279,15
23600,3163985,15
23601,489709,20
23604,2404470,15
23605,2827468,20
23607,3242793,15
23608,806060,15
23610,3144509,15
23612,301940,15
23613,2389474,15
23615,2167890,15
23617,1213426,15
23618,325034,15
23621,2715650,15
23623,2870108,15
23627,2586416,15
23628,385164,15
23629,990099,15
23632,1200719,15
23634,3002410,15
23636,377203,15
23638,282968,20
23639,1939343,15
23640,682464,15
23641,2199115,15
23642,800113,20
23645,626215,15
23646,1938085,15
23648,2754881,15
23650,937731,15
23651,2444957,15
23653,1015564,15
23654,1323982,15
23655,2402890,15
23656,404879,15
23657,2535376,15
23659,1862215,15
23661,1423570,15
23662,1644602,15
23664,678476,15
23665,572958,15
23667,2048516,20
23668,651816,15
23669,841961,15
23671,952642,15
23673,1287935,20
23674,1959420,15
23675,2913256,15
23677,2226144,15
23678,1991702,15
23679,2650126,20
23680,2667584,15
23681,1140309,15
23683,1830800,15
23689,3287528,15
23690,555435,15
23691,1129401,15
23692,139923,15
23693,1422598,15
23694,148609,15
23695,1971493,15
23697,16247,15
23699,1935056,15
23701,657027,15
23702,767331,15
23704,2880361,15
23707,273597,15
23708,2432058,15
23709,1288808,20
23710,1049686,15
23713,542697,20
23714,2999481,20
23715,767325,20
23716,1807947,15
23717,3179536,15
23718,2144900,15
23719,2033898,15
23720,217727,15
23722,2581745,20
23726,1681720,15
23727,2699797,15
23728,2953225,15
23729,2247903,20
23731,2180103,15
23732,2804131,15
23733,1838789,15
23736,418256,15
23737,2189740,20
23740,1586841,20
23741,168622,15
23742,2463157,15
23743,2362397,15
23745,2960580,15
23748,351322,15
23749,252393,15
23751,1640907,15
23752,1221385,15
23753,1076848,15
23754,2505690,15
23756,3263448,15
23760,2339563,20
23761,2146377,15
23765,1094691,15
23768,1658334,15
23769,658981,20
23770,2163424,15
23771,2060206,15
23775,356936,15
23777,2386435,15
23780,2266235,15
23781,3079208,15
23782,801592,15
23783,1393053,15
23784,1614577,15
23786,2569679,15
23787,2370127,15
23788,20333,15
23789,860927,15
23790,114773,15
23791,286778,20
23792,77602,15
23793,623929,15
23796,2017095,15
23797,2282529,20
23798,2755277,15
23803,2900486,15
23805,2322553,15
23807,2647221,20
23808,1130054,20
23812,1854319,15
23813,1003949,15
23814,3288854,15
23815,831238,15
23816,1737298,15
23817,406109,15
23818,2287344,15
23819,2322575,15
23821,419544,15
23822,224072,15
23823,970740,15
23824,3329637,15
23825,1977585,15
23827,3084126,15
23830,1882198,15
23831,1753564,15
23832,1456000,15
23833,2231986,15
23836,2786855,20
23837,2620694,15
23838,1940280,15
23839,1618058,15
23840,2246195,15
23843,390129,15
23844,2074766,15
23848,551728,15
23850,3135670,15
23852,2550803,15
23855,971103,15
23856,2468,15
23857,853087,15
23858,1027542,15
23860,2472343,15
23861,412721,15
23862,2529977,15
23865,2961008,15
23867,1002129,15
23868,1277187,15
23869,3195876,15
23872,1884128,15
23873,1232652,15
23874,1417876,15
23875,3044125,20
23876,1957199,15
23877,722792,15
23878,2920381,15
23883,1609932,15
23884,2602134,15
23885,1969039,15
23886,2544200,15
23888,2829779,15
23891,786769,15
23892,1683732,15
23893,3239778,15
23894,804090,15
23895,3371551,15
23896,880469,15
23898,1089520,15
23902,952950,15
23903,2542107,15
23908,977428,15
23909,2510346,15
23910,974237,15
23911,2336591,15
23913,194742,15
23914,2266162,15
23916,1664406,20
23917,450666,15
23920,1307493,15
23921,2444279,15
23922,1081576,15
23923,1208673,15
23924,687082,15
23926,276318,20
23927,1245053,15
23928,3246421,20
23931,2299581,15
23933,2002549,15
23934,2234453,15
23935,852405,15
23936,1901448,15
23937,44011,15
23939,2528402,15
23940,596566,15
23941,2137055,20
23942,306653,15
23943,1141153,15
23944,186994,15
23945,2840124,15
23946,444998,15
23947,1713709,15
23948,1499795,15
23950,112235,15
23951,2158287,20
23952,2667139,15
23955,1469460,15
23957,2592961,15
23961,1406839,15
23962,1219184,15
23963,481223,15
23966,2326124,15
23967,2770987,15
23970,1956026,15
23971,1170828,15
23972,1977247,15
23973,2817871,15
23974,1127223,15
23975,3049182,15
23976,2737772,15
23981,588633,15
23982,2868345,15
23983,371477,15
23986,601283,15
23987,921844,15
23990,1150129,15
23991,2331625,15
23992,1133460,15
23994,1990037,20
23995,1674871,15
23996,2259732,15
23998,746128,15
23999,1636547,15
24002,1526853,15
24003,593099,20
24004,229236,15
24007,686809,15
24008,1098590,20
24009,3000987,15
24010,1684934,15
24011,1751481,15
24012,2281970,15
24013,2540490,20
24014,1485811,15
24017,2842218,20
24018,2737853,15
24019,1574158,15
24021,2236799,15
24022,2225405,15
24023,2739090,15
24025,248999,20
24026,2290165,15
24029,744653,15
24030,2235572,15
24034,2254238,15
24035,2649742,15
24036,3303015,20
24039,2745877,15
24040,1757448,15
24043,2941814,20
24044,763711,15
24048,2957887,15
24049,3029598,15
24052,39578,15
24053,1188438,15
24055,1754607,15
24056,2662725,15
24058,2955962,20
24060,2137490,15
24061,3198040,15
24065,837103,15
24066,506555,20
24067,3095151,15
24069,3400346,15
24071,1268032,15
24072,2563806,20
24073,1954825,15
24074,2327459,15
24076,3307107,20
24078,1515186,15
24079,1007141,15
24081,1287319,15
24083,1563592,15
24087,2099052,15
24088,2809745,15
24089,78873,15
24090,416565,15
24091,863755,15
24092,1513059,15
24093,513812,15
24094,450889,15
24095,1650838,15
24096,2208330,15
24097,3386620,15
24098,160703,15
24099,861754,15
24100,300057,15
24101,1558722,15
24102,2835964,15
24107,1473968,15
24108,484641,20
24109,1967823,15
24111,2356261,15
24112,3210964,15
24113,1610480,15
24114,135588,15
24116,32769,20
24117,1091733,15
24119,787971,20
24120,2171049,15
24121,1101387,15
24122,1442707,15
24124,912205,15
24126,561556,15
24129,1827121,20
24131,1055080,15
24132,3211053,20
24134,1829858,15
24136,2822111,15
24137,1648054,15
24138,154277,15
24139,1482607,15
24140,319610,15
24142,3061021,15
24143,166846,15
24146,2023766,15
24147,2257391,15
24148,2895283,15
24149,3402006,20
24151,3398106,15
24152,1854094,15
24154,1149528,15
24158,3009798,15
24159,80409,15
24163,2764122,15
24165,1525028,15
24166,2592899,15
24167,1826650,15
24168,1977922,15
24169,3152720,15
24170,499074,20
24171,1445427,15
24172,2004478,20
24173,1347429,15
24174,1047642,15
24175,304539,15
24176,2866893,15
24178,2992147,15
24179,246154,20
24181,2763361,15
24185,814031,15
24187,2827593,15
24188,2316521,15
24189,649271,15
24191,110579,15
24192,1418477,15
24194,928070,15
24195,1578927,15
24196,139494,15
24197,3159435,15
24200,2507031,20
24202,136240,15
24206,2329151,15
24207,802421,15
24208,417613,15
24209,2448867,15
24210,299271,15
24211,1549060,20
24214,2550021,20
24217,2921767,15
24218,1217997,15
24219,946016,15
24220,1492578,15
24222,2074017,15
24223,1779767,15
24226,3255702,15
24227,1749310,15
24228,1949769,15
24229,1069446,15
24230,1462933,20
24231,1022650,15
24233,558255,15
24234,2978546,15
24235,2057027,15
24237,1505515,15
24239,3349703,15
24240,262855,15
24241,1471919,15
24244,324779,15
24245,864819,20
24247,3120207,20
24249,2792849,15
24250,50661,15
24253,1827344,15
24254,1913215,15
24257,2640617,15
24258,1483088,15
24259,135424,20
24261,2252641,15
24262,3344905,15
24263,1105950,15
24264,944032,15
24265,2135963,15
24266,1749295,15
24269,3010266,15
24270,2278603,15
24272,3246998,15
24273,1221895,15
24275,3275168,15
24279,1462495,15
24282,3365811,15
24283,2021996,15
24284,3346063,15
24287,3163671,15
24289,1314166,15
24290,3375106,15
24291,1680783,15
24292,994288,15
24294,55435,15
24295,3117513,15
24296,3045442,15
24297,2490311,15
24299,3306220,15
24300,549402,15
24303,51066,15
24304,1954139,15
24307,2323780,15
24309,393980,15
24311,1151929,15
24312,2808404,15
24313,1605470,15
24314,2809003,20
24317,2307307,15
24323,596016,15
24324,1469868,15
24325,2170965,15
24326,2982703,15
24327,2544175,15
24328,933102,15
24329,658836,15
24331,183417,15
24332,2271684,15
24333,88348,15
24335,2801300,15
24337,685008,15
24338,385343,15
24341,323807,15
24343,3214740,20
24344,2981057,15
24346,1138701,15
24348,167204,15
24350,3339184,15
24354,1500294,15
24355,1187226,15
24356,3036789,15
24357,2516752,15
24358,706539,15
24360,1572848,15
24361,1017443,15
24363,2670407,20
24365,63824,15
24366,3248520,15
24367,1438408,20
24371,1371473,15
24372,2433159,15
24373,79597,15
24374,1742965,15
24375,1696847,15
24378,892907,15
24379,2049517,15
24381,3122559,20
24382,839103,15
24383,2222000,15
24384,2765840,15
24386,742341,15
24387,1144134,15
24389,468499,15
24390,634634,15
24391,1938630,15
24392,837504,15
24395,254722,15
24396,255110,15
24397,3280256,15
24398,384834,15
24399,2647411,15
24400,2707350,15
24402,2756033,15
24404,2782658,20
24405,3179289,15
24406,2637987,15
24408,888873,15
24409,797914,20
24410,1517590,15
24412,3190092,15
24413,1554283,15
24414,3382250,20
24416,2623821,15
24417,1894752,15
24418,1685562,15
24420,325027,15
24421,1346461,15
24425,3329959,20
24426,3119436,15
24429,5910,15
24431,3238804,15
24432,251537,15
24434,570003,15
24436,104688,15
24439,2400964,15
24440,2362494,20
24441,1270775,15
24442,2972145,15
24443,2783705,15
24444,2776413,15
24445,441077,15
24446,3194735,15
24447,3031750,15
24448,631664,15
24449,1491763,15
24453,90701,15
24454,98229,15
24457,1851012,20
24458,812273,15
24459,927291,15
24461,661702,15
24464,1603068,15
24465,2702118,15
24466,2116498,15
24468,2497404,15
24469,1703323,15
24470,1387473,15
24471,717059,15
24472,3414081,15
24477,351566,20
24478,252676,15
24480,1271992,20
24484,3018563,15
24485,2257217,15
24486,2505057,15
24488,1009901,20
24489,2073437,15
24493,1274770,15
24494,2668854,15
24496,1907397,15
24497,255978,15
24498,1662593,20
24499,1298435,15
24500,2221946,15
24501,72653,15
24502,2041921,15
24503,1126534,15
24508,1171204,15
24511,1129414,15
24512,410620,20
24513,806369,15
24514,3097551,15
24515,2460436,15
24516,1955874,15
24517,1087611,15
24518,3076977,15
24519,1955216,15
24521,1009412,15
24523,2032133,15
24524,2271944,15
24526,221830,15
24530,540038,20
24531,1989569,15
24532,1276020,15
24533,2990788,15
24535,1413337,15
24536,1896864,15
24537,2264308,15
24538,1159086,20
24540,2645254,15
24541,981705,20
24543,645509,15
24546,585596,15
24549,937393,15
24550,1864845,15
24551,2237085,15
24552,202195,15
24553,1445028,15
24555,782640,15
24556,1134630,15
24557,1647378,20
24558,1109164,15
24560,1623039,20
24562,741554,15
24564,2767862,15
24566,2551298,15
24567,3337195,20
24568,2223673,20
24569,2174293,15
24571,3031826,15
24573,2905184,20
24574,340491,15
24575,2416763,20
24582,2066620,15
24583,630657,15
24584,3143246,15
24586,315524,15
24587,677551,20
24588,978759,15
24589,418950,20
24590,2419473,15
24591,252793,15
24592,882168,20
24593,429098,15
24594,1221631,15
24595,1711801,15
24596,827510,15
24598,3090054,15
24599,1765236,20
24600,3126899,15
24601,2429050,15
24602,2187559,15
24603,3052282,20
24605,549406,15
24607,972941,15
24608,1289963,15
24609,331386,15
24610,1784999,15
24611,1464973,20
24614,65187,15
24616,3328532,15
24618,3340388,20
24621,1246385,15
24622,1600160,15
24623,3311718,15
24625,2128287,20
24626,1692969,15
24627,1000595,15
24628,1849501,15
24629,3050324,20
24630,3257156,15
24632,1815134,15
24633,859656,15
24637,856424,15
24639,435809,15
24642,1921107,15
24644,1337341,15
24645,2589672,15
24648,2633662,15
24652,630074,15
24653,699874,15
24657,781690,20
24658,1286596,15
24659,2418482,20
24660,993714,15
24662,1969734,15
24664,2050673,15
24665,2271558,15
24666,3108873,15
24670,2739866,15
24671,242385,15
24672,2269613,20
24673,1415086,15
24674,1639763,15
24677,2663697,15
24678,1978608,15
24680,1346288,15
24681,1197386,15
24682,3046812,15
24686,1223187,15
24688,494539,15
24691,2770018,15
24692,3384282,15
24693,2495275,15
24696,1028144,15
24697,1556018,15
24698,2401431,15
24701,987671,20
24702,1884458,15
24704,2362732,15
24705,3243612,15
24706,1118538,15
24708,2443127,15
24710,1587985,15
24713,2900779,20
24714,3058768,15
24717,546141,15
24718,357002,15
24719,1357164,15
24721,1489163,15
24722,3351158,15
24723,3152952,15
24724,2333398,15
24725,265443,15
24727,1050265,15
24729,2833878,15
24730,2659279,15
24732,3174250,15
24733,2792055,15
24735,3318270,15
24740,1518555,15
24741,53397,15
24743,2113817,15
24744,1278257,15
24745,1443587,15
24746,862382,15
24748,241338,15
24749,2361011,15
24752,1831761,15
24754,1197916,15
24756,2381477,15
24758,1461261,15
24759,945360,15
24762,1043885,15
24763,1800610,15
24766,1874309,20
24768,1802051,15
24769,2532065,15
24772,3383394,15
24774,1800471,15
24775,290526,15
24776,2253752,15
24779,1637116,15
24784,1483220,15
24785,2446640,15
24786,354533,15
24787,365865,15
24788,673210,15
24789,2706687,15
24790,237661,15
24797,1998144,15
24798,195824,15
24799,1150428,15
24801,1967613,15
24802,2006718,15
24803,3274105,15
24806,1124972,20
24808,1331291,15
24811,1615012,15
24812,2855886,15
24814,1321265,15
24815,1137330,15
24818,2435318,20
24819,2612654,15
24820,1685089,15
24823,2948950,15
24824,3315922,15
24825,1300422,15
24826,1947051,15
24828,622442,15
24829,2506827,20
24830,1891822,15
24831,2027882,15
24832,1221129,15
24833,2152648,15
24834,1222027,15
24838,980189,15
24840,1049042,15
24841,2972132,15
24843,789612,20
24844,1319976,15
24845,1427221,15
24846,3163555,15
24847,1511107,15
24849,994439,15
24850,1140871,15
24852,1938787,15
24853,3121265,15
24854,2756203,15
24855,479880,15
24858,2727347,15
24859,1762860,15
24861,596726,15
24862,472760,15
24863,725933,15
24864,1558324,15
24866,1251240,15
24870,1033727,15
24871,2174767,15
24872,195357,15
24873,863416,15
24875,934528,15
24876,1097090,15
24878,2510493,15
24879,406102,15
24881,1217251,15
24882,230723,20
24885,3178829,15
24886,2883045,15
24888,502930,15
24889,1556192,15
24890,2440315,15
24891,1054201,15
24896,436117,20
24897,2060756,15
24899,2613373,15
24900,1387145,15
24902,358930,15
24903,36336,20
24906,1544824,15
24907,2127725,15
24908,1665828,15
24909,2706631,15
24910,958838,15
24911,2772820,20
24913,1439608,15
24914,3396626,15
24915,1043150,15
24916,1005265,15
24917,926315,15
24920,85722,15
24921,2587474,15
24924,1135170,15
24925,902579,15
24926,2850028,20
24928,360176,20
24932,2733762,15
24933,930639,15
24937,2575979,15
24938,1058847,15
24939,1339184,15
24941,2295199,15
24942,1387978,15
24943,1666445,15
24944,3393739,15
24945,3020773,20
24947,911996,20
24949,2302891,15
24950,2060098,15
24951,3373541,15
24952,1640957,15
24953,3237924,15
24954,383249,15
24956,1570454,15
24958,2487325,15
24960,1743419,15
24962,301358,15
24963,1387397,15
24965,2393865,15
24966,2614867,15
24968,2797443,15
24969,1807395,15
24971,2530119,15
24973,1584925,15
24974,630568,15
24975,331821,15
24977,3084562,15
24978,941814,15
24979,2446806,15
24981,549332,20
24982,1644561,15
24983,1185788,15
24986,863077,20
24987,1653096,15
24990,3174610,15
24991,2394288,15
24994,2954766,15
24995,3182741,20
24996,747467,20
24998,872619,15
24999,689446,15
25000,2035986,15
25001,3413135,15
25007,968962,15
25008,586909,15
25009,2695272,15
25010,1920435,20
25013,1582481,15
25014,2232251,15
25015,377053,15
25016,1915383,15
25019,489569,15
25023,425305,15
25024,851084,15
25025,2517025,15
25026,2879975,15
25029,2046672,15
25030,1255275,15
25033,1571216,15
25034,832450,15
25035,1377771,15
25037,611447,20
25038,3184056,15
25039,1269366,15
25040,1786057,20
25042,650594,15
25044,23294,15
25046,1162375,15
25047,419050,15
25048,1725993,15
25051,2695719,15
25052,3178991,15
25053,23733,15
25054,2378655,15
25056,1716614,15
25057,907693,15
25058,1396419,20
25060,1341726,15
25061,174652,15
25062,626579,15
25063,154883,15
25064,2642197,15
25066,2263925,15
25068,167127,15
25069,2284467,15
25070,2962956,15
25071,3332123,15
25075,3020108,15
25077,483333,15
25078,688213,15
25080,2019519,15
25082,2168062,15
25083,1995296,15
25084,283533,15
25086,3082913,20
25088,240122,15
25091,2968853,20
25092,1005976,15
25093,1030049,20
25097,3216321,15
25098,133823,20
25099,2072659,15
25100,859180,15
25101,698489,15
25102,3206839,20
25103,2160791,15
25106,236078,20
25107,1954455,15
25109,578023,15
25110,533406,15
25111,1751134,15
25112,474693,15
25113,2541381,20
25114,2088953,15
25115,200171,15
25119,1448797,15
25120,933689,15
25121,2785550,15
25122,2276732,15
25123,584352,15
25126,2642608,15
25127,1633145,15
25128,348627,15
25129,484170,15
25130,1827716,15
25131,1692732,15
25132,2882445,15
25133,2823643,15
25134,1622651,15
25136,2545121,20
25137,2238912,15
25138,3251433,15
25139,3193754,20
25140,98463,15
25141,2622863,15
25142,1467187,15
25143,1908332,15
25144,3254901,15
25146,142607,15
25147,2039222,15
25148,1332562,15
25149,2954604,15
25150,233503,15
25151,1567542,15
25152,1810818,15
25154,1634686,15
25156,1710147,20
25157,1761079,15
25160,1457871,15
25161,3107766,15
25164,2559088,15
25166,2250374,15
25167,2130305,15
25169,2811631,15
25173,2096677,15
25174,2424015,20
25177,2170918,15
25178,1846899,15
25179,1259819,15
25180,1990664,20
25183,2055644,15
25184,1555250,15
25185,2739006,15
25186,1666378,15
25187,807197,15
25188,1729350,15
25191,1303086,15
25192,365418,20
25193,1448147,15
25194,784297,15
25195,3099009,15
25197,634029,15
25203,3080245,15
25204,1282649,15
25205,2063608,15
25208,2036524,15
25209,455499,15
25211,2387186,15
25212,1151009,15
25213,2969564,15
25216,902373,15
25217,989333,15
25219,3142226,15
25220,2839010,15
25221,439424,15
25223,215715,15
25224,2236710,20
25225,1151236,15
25226,2637107,15
25227,25820,15
25231,2755009,20
25232,1688692,15
25233,2412415,20
25234,1814029,20
25235,3030382,20
25236,948482,15
25237,798505,15
25238,1315628,15
25240,1033078,15
25243,2554096,15
25248,72262,15
25249,1836646,15
25250,3197104,15
25252,2286442,15
25255,1915403,15
25256,1498656,15
25257,588011,15
25258,1140390,15
25260,1295501,20
25262,2639704,15
25263,3168517,20
25265,374098,20
25266,1623952,15
25267,2569810,15
25268,2097729,20
25271,2759783,15
25272,625427,15
25273,2912766,15
25274,3395958,15
25276,445279,15
25277,1686050,15
25278,1061284,20
25279,2415547,15
25280,3228261,15
25283,1794023,15
25284,413461,15
25288,1458455,15
25289,1763588,15
25291,2707752,15
25292,2534217,15
25293,1022418,15
25294,154811,20
25297,2745682,15
25298,1454938,20
25299,2951768,15
25300,1654007,15
25303,1288958,15
25304,1161567,20
25305,2588722,15
25306,1919231,15
25307,1055130,15
25308,212079,15
25309,2763878,15
25311,2222781,15
25315,2095781,15
25316,2600478,15
25317,864973,15
25318,2686461,15
25319,3201065,15
25321,18975,20
25322,19636,15
25323,1528730,15
25324,1540910,15
25326,574845,20
25327,541115,20
25329,2373544,15
25330,1699555,15
25331,939126,15
25332,2895589,15
25333,174927,15
25335,1238087,15
25336,2851444,15
25338,2548143,15
25339,480164,20
25340,1228000,15
25341,1513980,15
25342,2632522,15
25343,522779,15
25345,902627,15
25347,2621957,20
25348,1238388,15
25350,978944,15
25351,2871074,20
25352,2263401,15
25353,2755304,15
25354,743179,15
25359,2109157,15
25360,1645014,15
25361,1552225,15
25362,1112296,15
25364,2942157,15
25365,487444,15
25367,1490552,15
25368,2776014,15
25370,1426528,15
25371,1961466,15
25372,613787,15
25373,14587,15
25375,1721357,15
25376,2970341,15
25378,164719,15
25379,46482,15
25380,907255,15
25381,2805632,15
25382,141963,20
25383,1157987,15
25385,1692176,20
25387,1103634,15
25389,96454,15
25390,79484,15
25392,2599837,15
25393,1165004,15
25394,3380010,15
25395,723010,15
25397,3410057,15
25398,730372,20
25400,3276327,15
25401,2178123,15
25403,2614213,20
25404,872772,15
25406,2219772,15
25407,199803,15
25408,1147894,15
25409,50501,15
25410,435118,15
25411,179289,15
25415,477408,15
25416,120025,15
25417,169945,15
25418,2496740,15
25419,12649,15
25424,929708,15
25425,2855208,15
25426,134342,15
25429,2913891,20
25430,1401766,15
25431,2892971,20
25432,1306283,15
25435,642468,15
25437,1885471,15
25440,1676860,20
25442,874893,15
25443,1988931,15
25445,299710,15
25446,2155259,15
25447,1389806,15
25448,1218354,15
25451,3074326,20
25455,557919,15
25456,1954393,15
25457,1047723,20
25458,1841264,15
25459,3232359,20
25460,550914,15
25463,3359809,20
25464,3348043,20
25466,625908,20
25467,671990,15
25468,1510431,15
25469,2997804,15
25472,2924334,20
25473,2250644,15
25475,33079,20
25476,1602637,20
25478,2244388,15
25479,1238060,20
25480,618939,15
25481,525520,15
25482,2642115,15
25483,351892,15
25484,380919,15
25486,3400704,15
25489,1922062,15
25490,1135809,15
25491,968268,15
25492,3272635,15
25493,3127652,15
25495,1357725,15
25496,2323228,20
25497,1416106,20
25499,2808917,15
25500,3141600,20
25501,494894,15
25505,2017680,15
25506,909504,15
25508,244502,15
25509,3078051,15
25511,2553136,15
25512,3326305,15
25515,2275847,15
25516,1889056,20
25518,116297,20
25519,70005,15
25521,3253455,15
25524,199110,15
25525,1622525,15
25526,892808,20
25527,961026,15
25528,514764,15
25529,430743,15
25530,247415,15
25531,620026,15
25532,2039892,15
25534,2046725,15
25535,2376587,15
25536,1350109,15
25537,1557429,15
25540,1044901,15
25542,3332426,15
25544,652542,15
25549,7876,15
25550,3246728,15
25551,2582872,20
25552,2577767,15
25555,2107204,15
25556,621255,15
25557,1029297,20
25558,3384888,15
25560,1575666,15
25561,342936,15
25562,1039498,15
25563,196354,15
25564,843475,15
25566,1519818,15
25569,1127775,15
25572,1637637,15
25573,2963016,15
25574,3210197,15
25577,843764,15
25578,2147357,15
25579,2680859,20
25580,2821585,15
25581,2430061,15
25582,230717,15
25583,3147795,15
25584,1517196,15
25585,2315508,15
25586,2261270,15
25587,2887026,15
25589,3021856,15
25590,515957,15
25594,1403737,15
25595,1364078,15
25596,1330915,15
25597,1983688,20
25598,1620402,20
25599,1823832,20
25600,2575562,15
25602,1241567,15
25603,2071355,15
25605,1935317,15
25607,1512885,15
25610,204322,15
25612,857086,20
25613,150764,15
25614,98579,20
25616,3251842,15
25617,1701596,15
25620,1078419,15
25621,2294364,15
25624,2617899,15
25626,1816858,15
25628,2289901,15
25630,829137,15
25631,666546,15
25633,2116950,15
25634,2361830,15
25636,2131614,15
25637,1745510,15
25638,2516011,20
25639,1572815,15
25641,3187937,15
25642,3175916,15
25643,360544,15
25646,3206798,15
25647,3106923,15
25649,571824,15
25650,418529,15
25651,1794436,15
25652,2143870,15
25655,1685504,20
25660,2556102,15
25663,504071,15
25665,2684187,15
25666,2887464,15
25667,1338967,15
25668,1220217,15
25669,1330728,20
25670,3129191,15
25671,1876557,15
25672,735686,15
25674,2937007,15
25675,1958308,15
25677,912898,15
25678,733297,15
25682,2922625,15
25683,1287003,15
25685,1675638,15
25686,2367268,15
25687,1023631,15
25688,2716724,15
25689,3147113,15
25690,914515,15
25693,2440801,15
25694,445137,15
25695,3363387,20
25696,2497083,15
25697,2392128,15
25700,159811,15
25702,1760263,15
25703,2180704,15
25704,1521148,15
25705,1094156,15
25706,792444,15
25709,2515395,15
25712,3332165,15
25713,2065889,15
25715,1756927,15
25716,1150828,15
25722,3358995,15
25723,567043,15
25724,667301,15
25726,1229254,15
25727,1955312,20
25729,103941,15
25732,3385565,15
25733,1142182,15
25734,1059973,15
25740,3269403,15
25741,3243713,15
25743,2433350,15
25745,2778992,15
25747,1500639,20
25748,2446874,15
25749,2562044,15
25750,1631467,20
25751,1237035,15
25752,1077028,20
25755,3232071,15
25756,2672900,15
25759,3031042,15
25760,2810262,15
25761,3358049,15
25763,1414416,15
25765,3023485,15
25766,1215619,15
25767,2621470,15
25768,2499321,15
25770,2371006,15
25771,278336,15
25772,1587416,20
25773,2902171,15
25774,1309217,15
25775,2633912,20
25776,1979685,15
25778,822595,20
25779,1303076,15
25780,683301,15
25781,2599116,20
25782,1511726,15
25783,2734766,15
25784,3159247,15
25787,1719323,15
25788,791283,15
25789,1909930,15
25790,952270,15
25793,2171347,15
25794,1754418,20
25795,263321,15
25797,2014932,15
25799,275333,15
25800,932473,15
25801,724874,15
25802,1419267,15
25803,2035548,15
25805,1796994,15
25807,770216,15
25808,443893,15
25809,1974295,15
25815,3101510,15
25817,3040054,20
25818,214022,15
25819,3241728,15
25821,1226329,15
25823,2404459,15
25824,1217512,15
25826,2637475,15
25828,2040576,15
25831,710207,15
25834,2702294,15
25835,2926858,20
25836,1007402,20
25838,366647,15
25839,678180,15
25841,2291167,20
25842,2168556,15
25844,2868972,15
25846,434336,15
25847,1044746,15
25848,46674,15
25849,3217616,20
25850,2270083,15
25853,2127449,15
25854,58309,20
25855,190126,20
25856,2324385,15
25857,2028545,15
25859,2895552,15
25860,1137695,15
25865,2124706,15
25867,1378195,15
25868,3205102,15
25869,1286748,15
25872,824232,15
25876,1353084,15
25878,2388167,15
25879,2106180,15
25880,926987,15
25881,630307,20
25882,1884842,20
25883,1819504,15
25885,1505638,20
25888,2504312,15
25890,1730634,15
25891,2965981,15
25893,915353,15
25894,2857403,15
25896,3396692,15
25897,3286835,15
25899,3227318,15
25900,2003271,15
25901,2258146,15
25902,2627847,15
25905,2059247,15
25907,1132876,15
25912,1949119,15
25913,1562732,15
25914,939237,20
25915,1573725,15
25916,2309778,15
25917,1359231,15
25918,184527,15
25922,1342095,15
25923,2687576,15
25924,3000002,15
25925,2388197,15
25928,2239331,15
25930,1337161,15
25931,905104,20
25932,1718095,15
25933,3163338,15
25934,1945954,15
25935,1446741,15
25937,2271311,15
25939,1051648,15
25940,1690213,15
25941,3011588,15
25943,3293583,15
25944,711858,15
25946,1720762,15
25948,2461949,15
25949,1923360,15
25950,2852602,15
25951,2778022,15
25952,1751010,15
25954,3276046,15
25956,2983462,15
25957,1026947,15
25958,1431659,15
25959,2825360,15
25961,3127790,15
25962,1272213,15
25963,3133876,15
25964,1681814,15
25965,1884827,15
25966,1737288,15
25967,3049057,15
25974,1341925,20
25975,1331580,15
25976,2880289,15
25978,1718236,15
25979,802710,15
25980,1660771,15
25981,345187,15
25983,2723493,15
25984,3191289,15
25985,791487,20
25987,2625249,15
25989,2069011,15
25991,1643931,15
25993,420064,20
25996,2554108,15
25997,1633017,15
26000,2555641,15
26001,3115040,15
26002,3336669,15
26003,288727,15
26006,640945,15
26007,1201092,15
26008,2173108,15
26009,2075848,20
26010,2759530,15
26011,3157291,15
26013,1219438,15
26014,914507,15
26015,945739,15
26021,145992,15
26027,3115965,20
26029,601869,15
26030,1519790,20
26031,3284259,15
26035,1483736,15
26036,1696919,15
26037,2064933,20
26038,984743,15
26039,862500,20
26041,1579115,20
26042,2460730,15
26043,1591185,15
26044,3131419,15
26047,3173322,15
26048,3334400,15
26052,3315282,15
26053,430296,15
26054,56898,15
26056,1944183,15
26058,2978021,15
26060,2297016,15
26063,969702,15
26065,1346262,15
26066,1774892,15
26067,827925,15
26068,173274,15
26069,2185882,15
26071,2502541,20
26072,1440923,15
26074,3030687,15
26075,2844592,15
26078,759611,15
26079,2627932,15
26082,2970520,15
26084,444210,15
26085,2097083,15
26088,2473925,15
26089,1404196,15
26094,97427,15
26096,3037837,15
26097,1452710,15
26099,1733081,15
26100,1072615,15
26105,722895,15
26108,944561,15
26111,411498,15
26112,1224951,15
26113,1673913,15
26114,805440,15
26117,2051293,15
26119,1458213,15
26120,2255345,15
26121,3341287,20
26122,705004,15
26123,548173,15
26125,2541010,15
26126,126757,15
26127,515395,20
26130,3279074,20
26131,1606379,15
26132,244328,15
26135,571896,15
26137,1585614,15
26139,3142868,15
26140,3203582,15
26141,1880513,15
26142,664045,15
26143,2894582,15
26144,1247601,15
26145,2095056,15
26146,270782,15
26147,837887,15
26148,601177,15
26149,3177128,15
26151,3148625,20
26152,1341807,15
26155,139631,15
26156,2230205,15
26157,779597,20
26158,2643924,15
26159,571316,15
26161,2452457,15
26162,506894,20
26164,3369072,20
26165,1823713,15
26166,2573170,15
26167,1447462,15
26168,3108881,15
26169,3414242,15
26171,2927876,15
26172,2748291,20
26180,290029,15
26181,1626039,15
26182,1992548,15
26185,379756,15
26188,92568,15
26190,2359522,20
26191,2772305,15
26193,957877,15
26195,1023806,15
26196,628711,15
26197,1281080,20
26198,372176,15
26201,1497877,15
26203,931418,15
26204,2856443,15
26205,71565,15
26206,2324539,15
26209,3158721,15
26211,1643470,15
26213,936792,15
26214,1611939,15
26215,1809495,15
26216,2027303,15
26217,2952159,15
26218,2247468,20
26219,2003864,15
26220,1219874,15
26222,2492876,15
26223,561236,15
26225,3341964,20
26227,1412015,15
26228,1364507,15
26230,3005493,15
26233,1864389,15
26235,1214044,15
26238,443949,15
26240,1646581,20
26243,818770,15
26244,627201,15
26245,2085413,15
26246,1626566,20
26247,2972087,15
26248,1659244,15
26249,418328,20
26250,270607,15
26252,3082263,15
26253,1432366,15
26255,2460382,15
26256,2942884,15
26258,2474830,15
26259,3211496,15
26260,3273074,20
26262,1711782,15
26263,853073,15
26266,1084008,15
26268,2132450,15
26269,295536,15
26270,3133916,15
26274,930875,15
26275,3351273,15
26277,1887110,15
26278,3181897,15
26280,1726528,15
26282,2243054,15
26283,1223184,15
26285,266279,15
26288,657974,15
26289,2679947,15
26290,386719,15
26292,2761331,15
26294,57324,15
26295,2410842,15
26297,258070,15
26298,958609,15
26299,1523296,15
26300,2328072,20
26301,566299,15
26303,2905012,15
26305,980385,15
26306,3139923,15
26310,657316,20
26311,1571982,15
26312,3017115,15
26313,1928133,15
26314,546555,15
26315,1567359,15
26317,890599,15
26318,1112511,15
26319,764514,20
26320,642986,15
26322,2712010,20
26324,2780669,20
26325,42145,15
26326,2884050,20
26327,2221342,15
26329,438710,15
26332,107729,15
26333,293143,15
26334,1529248,15
26335,1781129,15
26336,1733150,15
26337,3208855,15
26338,174362,15
26340,1947130,20
26342,2223438,15
26343,336414,20
26345,1909294,15
26346,1072761,15
26347,299125,15
26348,1120673,15
26350,2998134,15
26351,367204,15
26352,1631791,15
26353,1585561,15
26354,2073342,15
26356,854417,15
26357,2719784,15
26359,626403,15
26362,3017245,15
26363,461499,15
26364,2573419,15
26365,410902,20
26366,1379973,15
26369,153007,15
26371,1770874,15
26373,648801,20
26374,73567,15
26378,1336097,15
26379,1111340,15
26380,1031211,20
26381,2375397,15
26382,2383456,15
26383,2376301,15
26385,1608133,20
26387,795525,15
26388,1493172,15
26389,1847569,15
26390,609022,15
26391,618153,15
26392,1161260,15
26393,2989234,15
26394,3040704,15
26395,329842,15
26399,1102202,15
26400,677382,15
26401,3230649,15
26404,1558856,15
26405,1963381,15
26407,311001,15
26409,3307659,15
26410,2019263,20
26411,3370903,15
26412,3201373,15
26413,2308794,15
26414,852647,15
26416,3368824,15
26417,427475,15
26418,2605948,15
26419,2406491,15
26420,3221797,15
26422,3338304,15
26424,499915,15
26425,115470,15
26426,2726989,15
26427,1153345,20
26428,2277406,15
26429,2742113,15
26430,4217,15
26435,939060,15
26436,731268,15
26437,1726676,15
26438,3072800,15
26439,1385765,15
26441,638677,15
26442,1340366,15
26443,2487770,15
26445,1958859,15
26447,1637534,15
26449,1808663,15
26450,926459,15
26451,2592934,15
26452,1189451,15
26454,18726,15
26456,3064905,15
26457,193895,15
26460,2664537,15
26461,924110,15
26462,2997230,15
26463,2898017,15
26464,892924,15
26465,3415391,15
26466,1788812,20
26467,2536179,15
26468,2532605,15
26470,2059308,15
26471,1756496,15
26472,168970,15
26473,2535960,15
26474,2358704,15
26475,1383691,15
26476,1338899,15
26480,2204172,15
26481,182418,15
26482,2195520,15
26484,3069167,15
26485,1283219,15
26486,1043853,15
26487,1136458,15
26489,445949,15
26490,90627,15
26492,467580,15
26493,3407336,15
26494,1282632,15
26496,1267143,15
26499,2154261,15
26501,3287538,15
26502,1448086,20
26503,2053587,15
26505,1119334,20
26506,2911040,20
26507,1406365,15
26508,3377445,15
26511,2793430,20
26514,1138124,15
26515,47052,15
26517,1043737,15
26518,1175114,15
26519,2478601,15
26520,2683813,15
26521,2154933,15
26522,1217680,15
26523,2592940,15
26526,1057536,15
26527,596691,15
26532,509316,15
26533,3376499,20
26534,1669169,20
26536,3341397,20
26538,2277651,20
26539,508573,15
26542,614943,15
26543,2552807,15
26544,96005,15
26545,481009,15
26546,346987,15
26549,1705869,15
26550,571704,15
26551,2524309,15
26553,677210,15
26554,1951767,20
26555,2464244,15
26558,2810933,15
26562,590878,15
26564,2022988,15
26566,1925858,15
26567,112738,15
26569,659418,15
26571,1735396,15
26573,716238,15
26574,54148,15
26575,2866271,15
26576,2001733,15
26577,1233896,15
26578,3367020,15
26580,823252,15
26581,549512,20
26583,2507863,20
26585,227641,15
26586,2951601,15
26587,441179,15
26589,243944,15
26590,3393582,15
26592,1700803,15
26593,1580602,15
26594,409375,15
26595,1245012,15
26596,102792,20
26598,854038,15
26599,1971531,15
26602,1884215,15
26603,142610,15
26604,761504,20
26605,2430269,15
26607,377810,20
26608,3172297,15
26611,671832,15
26612,2089766,15
26613,16478,15
26614,1339235,15
26615,2991354,15
26617,355752,15
26618,1020017,20
26619,2998262,15
26622,1168459,20
26624,1133632,15
26631,2283945,15
26632,2432706,20
26633,1397349,15
26634,2981687,15
26635,622700,15
26636,1605700,15
26637,1179020,15
26638,1543723,15
26640,127122,15
26642,2459137,15
26644,384639,20
26645,381819,15
26646,1248291,15
26647,2503133,15
26648,2327192,15
26651,2905499,15
26652,526111,15
26653,3255033,15
26654,2007405,15
26655,1836783,15
26656,1642602,15
26657,1670766,15
26658,343535,15
26659,260912,15
26660,2184541,15
26661,2933919,15
26662,3119526,15
26665,2806362,15
26666,2727322,15
26668,2225267,15
26669,77690,15
26670,2061323,15
26671,1857225,15
26673,1894078,15
26678,2366576,15
26680,1090655,15
26681,1097563,20
26682,81870,20
26683,1479725,15
26684,3029699,15
26685,2672755,15
26686,1521467,20
26687,1938075,15
26691,1457642,15
26692,2102055,15
26693,2485954,15
26694,2304363,15
26696,2767808,15
26697,2230733,15
26699,1906485,20
26700,2770069,15
26702,302122,20
26703,1299013,20
26705,2008723,15
26706,2713831,20
26707,1130734,15
26708,2825301,15
26709,1296950,15
26710,2731864,15
26712,1207671,15
26714,2502457,20
26715,2698088,15
26716,177191,15
26721,389926,15
26722,2294100,15
26727,2103840,15
26728,2040097,15
26729,1747234,15
26730,493682,15
26731,916548,20
26733,2243903,15
26734,1965733,15
26739,1081782,15
26740,1515311,15
26741,2307286,15
26742,2891766,20
26743,1201592,15
26744,2605447,15
26745,1257768,15
26746,757350,15
26747,2364366,15
26749,2699702,15
26751,697445,15
26752,2342039,15
26753,2872599,15
26755,2710803,15
26756,815856,15
26758,1836936,15
26760,3075534,15
26762,3306839,15
26764,274070,15
26768,3014798,15
26769,1125762,15
26770,2947798,15
26774,9322,15
26777,1426581,20
26779,2319298,15
26781,186724,15
26783,2441701,15
26784,1106218,15
26785,275764,15
26786,2535968,15
26787,2630570,15
26788,3226052,20
26793,1152948,15
26794,507498,15
26797,2113812,15
26800,2719749,15
26802,538106,15
26803,2497997,15
26806,1723209,15
26807,199106,15
26808,1877376,15
26812,154580,15
26813,1850831,20
26814,1101141,20
26815,254436,15
26817,2759976,15
26819,2298916,15
26821,941265,15
26822,1599127,15
26824,3184868,15
26825,3095984,15
26826,2689744,15
26827,1615120,20
26828,2768186,20
26831,1277673,15
26836,3121117,15
26837,1581640,15
26838,3226929,15
26841,2497751,15
26842,1373077,15
26845,2158337,15
26847,896864,15
26848,2695641,15
26850,2261973,15
26852,1232433,15
26854,65052,15
26855,1134829,15
26856,960506,15
26858,2416405,15
26860,3392402,15
26861,334910,15
26863,2057723,15
26864,1973767,15
26867,189962,15
26868,1005164,15
26869,3160927,15
26870,2548367,15
26872,159070,15
26873,2902472,15
26874,2737437,15
26875,252977,15
26877,1749387,20
26878,3175097,15
26879,3373254,15
26881,1646146,15
26882,2727139,15
26888,1586523,15
26890,744786,15
26891,1704440,15
26892,2465326,15
26893,2985264,15
26894,569072,15
26895,1311978,15
26898,1403092,15
26900,3050580,20
26902,1921397,15
26903,374148,15
26904,1228960,15
26905,620362,15
26909,1632943,15
26910,1124212,15
26913,1446335,15
26914,646139,20
26916,1565581,15
26919,368321,15
26922,546986,15
26923,2644818,15
26924,2165322,20
26925,2258577,15
26927,2105238,15
26928,1793682,15
26930,2345447,15
26931,1294094,15
26932,1147846,15
26933,1111860,15
26934,1967468,15
26935,1618153,15
26936,2693979,15
26938,1038611,15
26939,3408266,15
26942,2115618,15
26943,634718,15
26945,2959820,15
26946,862486,15
26948,3131182,20
26950,1904319,15
26951,2925024,15
26954,2437535,15
26955,634052,15
26956,807587,15
26957,3217085,15
26958,2188045,15
26959,3147858,15
26960,1049465,15
26961,1895639,15
26963,2823238,20
26964,1502735,15
26966,2761931,15
26967,334227,15
26968,1781780,20
26971,141848,15
26973,1905959,15
26974,2488817,15
26975,3038695,20
26976,3419347,15
26977,2524200,15
26978,602349,20
26979,1075543,15
26981,2386117,15
26982,386196,15
26983,2256639,15
26984,3142303,15
26985,2969860,20
26986,40053,15
26987,861928,15
26990,505391,15
26991,636913,15
26992,769137,15
26998,2314621,15
27000,2326767,15
27002,2232802,15
27005,467797,15
27007,2621301,15
27009,590007,15
27010,1217581,20
27011,2838586,15
27012,1853176,15
27013,2100782,15
27014,3265289,15
27018,2154306,15
27019,1810168,20
27022,2296279,15
27023,1787731,15
27025,2433250,15
27028,3367197,15
27029,575067,15
27030,341522,15
27031,245323,20
27032,664693,15
27034,718849,20
27035,2181817,15
27036,2227110,15
27037,997376,15
27038,886014,15
27039,1027492,15
27040,2267410,15
27041,1483780,15
27042,2032522,15
27044,1623506,15
27045,710929,20
27046,1434475,15
27047,2964939,15
27049,284122,15
27050,3177511,15
27051,2907698,15
27052,113903,15
27053,3318341,15
27054,1663777,15
27055,3146520,15
27056,2628424,15
27057,789423,15
27059,3316775,15
27060,1294952,15
27062,1163704,20
27063,819001,15
27064,526384,15
27065,2658525,20
27066,1604388,20
27067,803274,15
27068,799479,15
27069,521717,15
27070,2122165,15
27071,1695819,15
27072,811063,15
27073,1409253,20
27074,1288573,15
27075,2734860,15
27076,281514,15
27078,105944,20
27080,2187184,15
27082,787067,15
27084,41980,15
27086,1455635,20
27087,2132424,15
27088,507072,15
27089,610368,15
27092,1847255,15
27095,402508,20
27096,2887415,15
27100,1850879,15
27101,3228085,15
27104,513708,15
27106,2096426,15
27107,590353,15
27109,933448,20
27110,1495567,15
27111,1854665,15
27112,2693640,15
27113,1923559,15
27116,3162474,15
27118,833940,15
27121,2055726,15
27122,1439951,20
27123,1274459,15
27124,2337979,15
27125,3000009,15
27126,1553124,15
27133,1199940,15
27137,3212945,15
27139,2974410,15
27144,676207,15
27145,2564680,15
27146,2130886,15
27148,2063623,20
27149,2897940,15
27150,1950565,15
27151,1540814,15
27153,514117,15
27154,2344991,20
27155,1522986,15
27158,1468063,15
27159,277088,15
27160,3297519,15
27161,651410,15
27163,3024840,15
27164,854707,20
27166,3191108,15
27170,1890892,15
27171,1182341,15
27172,1928934,15
27174,2262237,15
27175,3396342,20
27182,2083681,15
27183,1071114,15
27184,2619638,15
27187,3382032,20
27188,1195227,20
27189,2703419,15
27192,2382190,15
27195,956208,15
27196,1760702,15
27197,4495,15
27198,152730,15
27199,312250,15
27200,1654114,20
27201,1603023,15
27202,145499,15
27205,1101118,15
27207,103546,20
27208,768885,15
27210,2570850,15
27211,2809701,15
27212,1994394,20
27213,1489728,15
27214,2264394,15
27216,3098466,15
27218,2758333,15
27219,660138,15
27220,2667396,15
27222,2659877,20
27224,3283636,15
27225,3332351,20
27227,980463,15
27228,3202322,15
27230,2085008,15
27231,709093,15
27232,2083491,15
27236,1415191,15
27238,1895098,20
27239,1366791,15
27242,762178,15
27243,388066,15
27245,669991,15
27249,174728,15
27250,1317559,15
27251,2586801,15
27252,102852,15
27253,1781913,15
27254,2114245,20
27255,2777863,20
27256,233767,15
27257,66981,15
27258,890751,15
27259,1701624,15
27260,11961,15
27261,652506,15
27262,1986400,15
27264,31249,15
27265,3074467,20
27266,631030,15
27267,2419358,15
27268,593450,15
27269,2276848,15
27270,520520,15
27273,236192,15
27274,206176,15
27276,2755858,20
27277,2722006,15
27278,1316956,15
27282,714556,15
27283,3413455,15
27284,2231020,15
27286,754474,15
27287,1161228,15
27289,443611,15
27290,3274938,15
27291,269516,15
27292,2312953,15
27293,1484549,15
27294,1279299,15
27295,3078009,15
27297,3213246,15
27298,2340370,15
27299,2693991,20
27300,397193,15
27303,2827989,20
27305,3289632,15
27308,1322379,15
27310,53494,15
27311,2834806,15
27314,1242812,15
27318,58220,15
27319,3181407,15
27320,2536625,15
27321,1376790,15
27322,278842,15
27323,1201755,15
27324,89672,15
27325,3118103,15
27326,2468295,15
27328,409215,15
27329,979338,15
27330,1314331,15
27331,3412046,15
27332,951047,20
27333,1160136,15
27334,81362,20
27335,995733,15
27336,1949053,15
27337,1792123,15
27339,1293064,15
27341,61983,15
27342,1384489,15
27343,2426911,15
27345,2350895,15
27347,2950836,20
27348,787449,20
27349,1782445,15
27350,1428823,15
27352,3273112,15
27353,134255,15
27354,2550286,15
27355,103323,15
27357,443374,15
27359,2304990,15
27361,3297653,15
27362,2798928,20
27365,3225232,15
27366,5606,15
27367,2069443,15
27370,496253,15
27372,385887,15
27373,1959980,20
27374,3281480,15
27376,2520398,15
27377,3125650,15
27378,638694,15
27380,3061399,20
27384,2513293,15
27387,2844701,15
27388,488146,15
27389,576854,15
27390,1311627,15
27391,2921756,15
27392,1521609,15
27394,2325649,15
27396,2132769,15
27397,1869445,15
27400,877411,15
27401,502058,15
27405,1853194,15
27406,1927814,15
27409,1409400,15
27411,1161806,15
27412,1873009,15
27414,2195860,15
27417,2512077,15
27418,2239691,15
27420,223018,15
27421,115669,20
27423,1686222,15
27424,2022278,15
27428,1214031,15
27429,478812,20
27430,2219669,15
27431,467654,15
27432,907159,15
27434,1234901,15
27435,2019402,15
27436,967216,15
27437,957826,20
27438,2117409,15
27440,905021,15
27442,1882736,20
27444,2734437,15
27445,758827,15
27449,1648951,15
27452,1358243,15
27453,921950,15
27454,872682,15
27455,3263361,15
27456,2838543,15
27457,685074,20
27458,2006803,15
27467,1228798,20
27468,1245944,15
27469,1198417,15
27471,426209,15
27472,2124472,15
27473,1531454,15
27474,2770549,15
27476,517203,15
27478,1390094,15
27479,2715065,15
27482,1521833,15
27484,1921037,15
27486,3129855,15
27487,1552709,15
27489,1576339,15
27492,585094,15
27496,2590719,15
27499,226774,15
27500,2637231,15
27501,1497880,15
27503,2281447,15
27504,2123930,15
27506,1706206,15
27507,2709390,15
27509,1932579,15
27510,2404860,15
27512,1815024,15
27513,2932314,15
27514,343413,20
27519,291198,15
27520,926756,15
27523,2077183,15
27525,2951396,15
27531,2927836,15
27532,1870891,20
27533,3417991,20
27534,2771218,20
27537,935494,20
27538,3232545,15
27543,51800,20
27545,1471222,15
27546,2035419,15
27547,1222329,15
27548,2391544,15
27549,3145957,15
27550,27696,15
27551,807100,15
27552,3167268,15
27554,1062472,20
27557,1416012,15
27558,2469615,15
27559,1830431,15
27561,3088435,15
27562,2194592,15
27564,49427,15
27567,1925907,15
27569,2642491,15
27570,3019702,15
27572,181800,15
27575,2565909,15
27577,3080633,20
27578,2971126,15
27579,720911,20
27581,3111046,15
27583,1881997,20
27584,1755784,15
27585,1351391,15
27586,98455,15
27587,3162465,15
27588,999393,15
27589,2048641,15
27591,933164,15
27594,2789933,15
27595,2377360,15
27596,3261965,15
27597,2850915,15
27598,795604,15
27599,3335437,15
27602,2104920,15
27603,418869,15
27605,2400730,15
27606,1551078,15
27608,1059014,15
27613,1666751,15
27618,36148,20
27619,2786979,15
27620,1357263,15
27622,1736554,20
27625,3154520,15
27626,1725374,15
27627,1954753,15
27628,266581,20
27629,310633,15
27630,807200,15
27631,2038876,15
27632,3247128,15
27633,2467680,15
27634,546728,15
27635,1119820,15
27638,2884963,15
27639,1028956,15
27640,2697082,15
27643,2463487,15
27644,802131,15
27646,151594,15
27647,502283,15
27648,361824,20
27649,3021362,15
27650,774,15
27651,3043167,15
27656,1210534,20
27659,1474665,15
27663,1023790,15
27664,708494,15
27665,567407,15
27667,2194519,20
27668,713073,15
27669,967002,15
27674,3083969,15
27678,1453637,15
27680,2415947,15
27681,823294,15
27682,1211212,15
27685,2905345,15
27688,1522101,15
27689,2762745,15
27690,3225916,15
27692,1782434,15
27694,791050,15
27695,200292,15
27697,2845987,15
27702,886403,15
27703,1699405,15
27704,2740701,15
27707,1797090,20
27710,1708367,20
27711,2573515,15
27712,2341692,15
27715,1014906,15
27716,703120,15
27717,2781169,15
27719,2586015,15
27720,1870693,15
27724,3167773,15
27726,2212862,15
27727,3278032,15
27728,3322915,15
27729,3276015,15
27731,1057023,15
27734,2302276,20
27736,2976933,20
27737,1384735,15
27738,302837,15
27740,1315038,15
27741,1922703,15
27742,1088979,15
27743,1370341,15
27744,2778407,15
27748,124191,15
27749,366394,15
27752,2818248,15
27753,674570,15
27756,1337303,15
27757,216301,15
27758,2601020,20
27759,1117368,15
27760,127711,15
27762,620961,20
27763,2085414,15
27765,2547130,15
27766,844,15
27768,3341060,15
27772,2522733,15
27775,2343881,15
27777,2574317,15
27778,1868924,15
27779,2055109,15
27781,2332354,20
27782,2876890,20
27784,1043263,15
27786,1227273,15
27787,2862593,15
27788,2754548,15
27789,2409863,20
27790,651853,15
27792,1292606,15
27793,388845,15
27796,1152333,20
27797,1303264,15
27798,2318545,20
27800,978545,15
27802,863820,15
27804,851347,15
27805,2987138,15
27807,3028768,20
27809,603259,15
27810,2493993,15
27811,776036,15
27812,1110863,15
27816,2568469,15
27817,627786,15
27818,1520889,15
27819,402703,15
27820,2038205,15
27821,2782044,15
27826,1156466,15
27827,2020367,15
27829,1250514,15
27830,1089979,20
27831,1753002,15
27832,683815,15
27833,376478,15
27834,533914,15
27836,449747,15
27838,1311950,15
27839,387551,15
27840,1366921,15
27842,890350,15
27843,941253,15
27844,2986401,20
27847,719920,15
27848,1747966,15
27849,1794684,15
27850,629955,15
27852,1664122,15
27853,2905210,15
27854,2238093,15
27855,2025034,15
27857,1581992,15
27859,2415974,20
27862,1574065,15
27863,1837881,15
27864,2040262,20
27867,231218,15
27869,566016,15
27872,2862931,15
27875,620034,15
27879,3255533,15
27883,927600,20
27884,25797,15
27886,698799,15
27887,1248445,15
27889,2911707,20
27891,1544521,15
27892,2237437,15
27897,1251934,15
27898,155869,15
27899,596415,15
27901,694960,15
27904,429989,15
27905,2948708,15
27906,554150,15
27907,2012979,15
27908,1370679,15
27910,3159008,15
27911,3266748,15
27913,692942,15
27914,2271323,15
27915,3102700,15
27918,197936,15
27919,2069580,15
27920,1294487,15
27921,1262632,20
27924,1316010,15
27925,1110202,15
27926,385105,15
27928,3298170,15
27930,29750,15
27931,2592809,20
27932,715419,20
27933,1441804,20
27934,3246561,15
27937,1007111,15
27940,2650183,15
27941,708896,15
27942,3393610,15
27943,2388151,15
27944,2218883,15
27945,2685423,20
27946,2847121,15
27947,815696,15
27949,1667690,15
27950,1471768,15
27951,313145,15
27954,381843,15
27955,1104723,15
27956,3207804,15
27958,1058497,15
27959,1508493,15
27960,1376810,15
27962,2987153,15
27963,3419471,15
27964,1960200,15
27965,1367095,20
27967,1884728,15
27968,2098744,15
27973,3004948,15
27976,1934968,15
27977,147827,15
27978,1049455,15
27981,2353449,15
27982,2594369,15
27983,1954048,15
27984,462532,15
27986,1246275,15
27987,1836803,15
27988,1998842,15
27990,1162670,15
27991,2989120,15
27992,2158058,20
27993,1971184,15
27997,1050693,15
27998,2804818,15
27999,2885036,15
28000,1453019,15
28002,1383780,15
28005,2028703,15
28006,1970386,15
28008,611729,15
28011,818222,15
28012,603727,15
28013,951847,15
28014,1420217,15
28015,2935657,15
28017,1336486,15
28019,2805211,15
28020,1688310,15
28021,236106,15
28022,2398223,15
28023,2632267,15
28024,819590,15
28025,913263,15
28026,1122804,15
28027,1605013,15
28028,930552,15
28029,2207611,20
28033,543402,15
28035,3159277,15
28037,1123372,15
28039,1023679,20
28042,1427796,20
28043,2506987,15
28045,1669534,15
28047,2479870,15
28049,3130040,15
28057,281405,15
28059,46254,15
28060,656909,15
28061,3368791,15
28062,2526389,20
28063,2918877,15
28064,1224485,15
28066,2907675,15
28068,1252008,15
28070,2879998,15
28071,2616558,15
28072,1873793,15
28073,2081604,15
28074,2874175,15
28075,1700851,15
28076,556433,15
28077,1095774,15
28080,2438209,15
28081,2533833,15
28082,3083820,15
28083,2426428,15
28085,543415,15
28088,3381560,15
28090,578696,15
28092,3242173,20
28094,2184699,15
28095,834419,15
28096,2105434,15
28098,817770,15
28099,1189136,15
28100,61793,15
28101,413877,15
28102,1096113,15
28103,2187823,15
28104,433178,15
28105,3357719,15
28107,2678340,15
28108,19431,15
28109,589059,15
28111,246714,15
28113,1978951,15
28114,1614127,15
28115,2397445,15
28117,366537,15
28118,618196,15
28121,1305086,15
28122,1485067,15
28124,2513418,15
28125,2409561,15
28126,213817,15
28127,2571520,15
28128,1825669,15
28130,3189039,15
28133,1619828,20
28134,61291,20
28135,1423688,15
28136,422284,20
28137,2793915,20
28138,882937,15
28140,499537,20
28141,1611586,15
28142,2275315,20
28144,1926119,20
28145,527187,15
28147,2729446,15
28148,2221252,20
28151,3334307,15
28152,2200763,15
28155,1779248,15
28156,3384338,15
28158,2120571,15
28160,815794,15
28162,1333372,20
28163,1989325,15
28164,2317043,15
28165,1649478,15
28166,2940889,15
28167,1592793,15
28171,366531,15
28173,2504065,15
28177,1766616,15
28178,1913936,15
28180,206483,15
28183,1060474,15
28185,1538136,15
28186,2081033,15
28188,546647,15
28189,1652846,15
28192,2186896,20
28197,926500,15
28198,590374,15
28199,1519838,15
28200,1339862,20
28201,2574019,15
28203,809500,15
28206,2650644,15
28207,362808,15
28208,769457,15
28209,2161593,15
28210,393724,15
28211,2709756,15
28214,3001122,15
28216,237619,20
28217,2209180,15
28221,95329,15
28222,1085291,15
28224,2231532,15
28226,381357,15
28227,1069368,15
28228,3265714,15
28230,2377755,15
28231,2624322,15
28232,256374,20
28233,1785575,15
28236,2059455,15
28237,381897,15
28240,2902263,15
28242,45280,15
28243,3392954,15
28244,702083,15
28245,3228258,15
28246,916096,15
28247,259748,15
28248,1401061,15
28252,362806,15
28254,1586243,15
28256,2160087,15
28257,783596,15
28258,2490243,15
28260,1768516,15
28261,1505056,15
28264,1892745,15
28265,2787591,15
28266,2185547,15
28267,3276034,15
28268,2012262,15
28269,3134861,15
28270,1530246,15
28272,1621686,20
28274,241387,15
28276,1244302,15
28278,2511870,15
28279,2589191,15
28280,520230,15
28282,1695309,15
28283,3264024,15
28284,1082447,15
28287,2841330,15
28288,3342029,15
28289,43774,15
28290,857488,15
28291,1039541,15
28295,2393765,15
28297,1475487,15
28298,3140008,15
28300,538568,15
28301,2104229,15
28304,2123556,15
28305,2269159,15
28306,2823981,15
28308,607210,15
28309,2851575,15
28312,424513,15
28314,2612489,15
28315,884326,15
28316,182903,15
28317,2383509,20
28318,3241353,15
28319,647675,15
28321,467411,15
28322,790191,15
28323,3407694,15
28324,2230321,15
28325,2607533,15
28326,18271,20
28329,976849,15
28330,1875909,15
28331,2391089,15
28332,1579574,15
28334,1808199,15
28335,2388176,15
28337,2986210,15
28338,997466,15
28339,3322133,15
28340,1617025,15
28341,510771,15
28342,109245,15
28343,882306,20
28344,1840736,15
28345,591926,15
28346,1992236,15
28350,1196110,15
28351,2279513,15
28352,303262,20
28353,550644,15
28354,2347517,15
28355,2408110,15
28356,3221004,20
28360,1472516,20
28361,315409,15
28362,1706719,20
28363,120033,15
28364,2781662,15
28365,1464562,20
28366,1818267,15
28368,1997871,20
28369,217996,15
28370,1703463,15
28371,1631884,15
28374,2190099,15
28375,1796738,15
28376,2488711,15
28378,514693,15
28379,2612431,15
28380,2543368,15
28381,653468,15
28382,1943666,15
28383,993369,15
28385,1177227,15
28386,1329397,15
28388,2453975,15
28393,2950019,15
28394,1222005,15
28396,209185,20
28398,462711,15
28402,1352182,15
28403,2088566,15
28404,2989473,15
28406,665127,15
28407,815628,15
28408,1784656,15
28410,548290,15
28411,308325,15
28412,359592,15
28414,1003695,15
28415,2681074,15
28416,2727792,15
28417,3213165,15
28418,962627,15
28421,1735248,15
28422,1722714,15
28424,3082206,15
28425,769480,20
28426,1970413,15
28427,1976246,15
28429,1933128,15
28430,2230188,15
28431,1594122,15
28433,1905811,15
28437,1693607,20
28439,1350266,15
28440,3333068,15
28441,2091349,15
28443,1321083,15
28445,3367322,15
28447,1183754,15
28449,3274173,15
28453,785642,15
28454,3170457,15
28456,918025,15
28457,857403,15
28459,2443879,15
28460,1168972,20
28461,2778616,15
28462,1089265,15
28465,2222804,15
28468,1838248,15
28469,942316,20
28470,78880,15
28471,2432028,15
28475,2873622,20
28478,3106023,15
28479,3030351,15
28480,3213333,20
28482,498527,15
28484,1841473,15
28488,3191931,15
28490,808757,15
28492,11282,15
28493,298065,15
28494,2685210,15
28495,1066162,15
28497,595102,15
28498,1247852,15
28500,2738366,15
28501,834671,15
28503,2054444,15
28507,2895071,15
28508,2718000,15
28510,2208004,20
28511,1907994,15
28512,1512573,20
28513,2425046,20
28514,2321244,15
28515,1918772,15
28516,2644430,15
28517,2668962,20
28518,2870607,15
28519,2444055,15
28520,1280321,15
28521,2477474,15
28523,328699,15
28524,3281588,20
28525,2136685,15
28530,464218,15
28531,490691,20
28532,2009066,15
28534,2604954,15
28535,1781654,15
28537,2917688,15
28539,825640,15
28541,284775,15
28542,559249,15
28543,644858,15
28544,2573601,15
28545,445779,15
28546,3341053,15
28548,3133331,15
28549,3003680,15
28551,70502,15
28552,2700646,20
28553,1203021,15
28554,1817083,20
28556,241036,20
28558,2193356,15
28559,1183633,15
28561,3126404,15
28563,467223,15
28567,344105,15
28568,55441,20
28569,944329,15
28570,2144693,15
28571,3145630,15
28572,2662534,15
28573,924526,15
28574,503622,15
28575,2784514,15
28576,1762381,15
28578,1045764,20
28580,1798970,15
28581,984034,15
28583,2025719,15
28585,2541033,15
28586,1699481,15
28587,1090624,15
28588,2409033,15
28589,2213748,15
28591,1717088,15
28592,2476642,15
28594,476284,15
28595,172923,15
28597,1481362,15
28599,1292891,15
28600,1646243,15
28601,3400854,15
28602,2712975,15
28604,1658277,15
28606,2525141,20
28608,1204322,15
28610,1261007,15
28611,2394310,15
28612,1079367,15
28613,1317095,15
28614,2015103,15
28615,1903531,15
28617,50974,20
28618,75159,15
28619,654822,15
28620,979358,15
28621,3278953,15
28622,1949380,15
28624,395642,15
28625,2612517,20
28626,2839342,15
28627,3090627,15
28629,1113979,15
28631,225732,15
28632,2448384,15
28635,2345335,15
28636,2291043,15
28637,1394452,15
28639,3139051,15
28640,3413888,15
28642,2820229,20
28643,1201653,15
28644,1199604,15
28647,1521504,15
28648,1070823,15
28650,2395806,20
28651,2308372,15
28653,250694,15
28654,2328425,15
28655,1502448,15
28656,2647133,20
28657,429099,15
28658,2850504,15
28660,896833,15
28662,314465,15
28663,992398,15
28665,2161005,15
28666,815366,15
28667,2293822,20
28668,2380182,15
28669,2391538,15
28673,2265134,15
28674,496538,15
28675,877511,15
28676,3370158,15
28678,2392806,15
28679,198150,15
28680,3052709,15
28681,73945,20
28682,490808,15
28685,3051253,20
28686,1371197,15
28687,648149,15
28688,3405901,15
28690,2810543,20
28693,1894419,15
28694,295160,15
28696,3392195,15
28697,3126181,15
28698,778159,15
28699,1742863,15
28702,333900,20
28704,39292,15
28705,3344903,20
28707,2593269,15
28709,324604,15
28710,296324,15
28712,3110882,15
28713,2361385,15
28716,2655341,15
28717,2924646,15
28718,1469011,15
28719,1536942,15
28720,1612365,15
28721,864359,15
28722,1811808,15
28724,1438970,15
28725,909622,15
28726,174571,15
28727,892799,15
28728,2031717,15
28729,2132879,15
28732,1603423,20
28733,2539331,15
28734,2279882,15
28735,3199250,15
28736,2081637,15
28737,1144933,15
28738,2800511,15
28739,1676013,15
28740,3144256,15
28741,885642,15
28742,1861339,15
28744,1180207,15
28745,1130353,15
28746,2894656,15
28747,934170,15
28750,196149,15
28751,3114763,15
28752,2327674,15
28753,2098137,15
28754,3056009,15
28755,3115165,15
28756,2494677,20
28757,190357,15
28759,1048505,15
28760,584270,15
28761,470533,20
28762,1549020,15
28763,2546547,15
28764,1573658,15
28767,2354950,15
28768,951780,15
28774,3089057,15
28775,2401607,20
28776,693330,20
28777,1171210,15
28778,1892215,15
28781,2544696,15
28782,634847,20
28783,1590297,15
28784,151914,15
28787,2392954,15
28789,2963747,20
28790,1325336,15
28791,708929,15
28797,371356,15
28798,2645278,15
28799,376712,15
28800,1870110,20
28801,2469454,15
28804,2695485,15
28806,443870,15
28807,1326546,15
28808,2303946,15
28809,1698843,15
28814,1419545,15
28815,1715596,15
28816,720993,15
28817,1995024,15
28820,1115965,15
28821,482130,15
28822,1308586,15
28823,489144,15
28826,2847632,20
28828,881737,15
28830,2771987,15
28831,1875412,15
28832,641489,15
28833,304538,15
28834,1913354,20
28835,1778436,20
28837,2237842,15
28838,1719821,15
28839,1543526,15
28841,2282010,15
28842,2377159,15
28843,1050851,15
28844,2568527,15
28845,1452357,15
28846,757976,15
28847,2426429,20
28849,1201507,15
28850,370797,15
28851,724410,15
28852,1943453,15
28853,2547096,15
28854,1528149,15
28855,2362243,15
28857,2626064,15
28859,2407286,15
28860,788035,15
28862,2086505,15
28864,1308921,15
28866,2018145,15
28867,2619987,15
28868,2145468,15
28869,2752716,15
28870,1909104,15
28871,1566792,15
28873,2437008,15
28874,1826905,15
28875,1854718,15
28878,3039726,15
28879,198563,20
28880,185314,15
28881,2797307,15
28882,1748626,20
28883,1345247,15
28885,2892474,20
28886,2686208,15
28889,2854330,20
28892,2452430,15
28895,2484130,15
28896,2641904,15
28897,1655454,15
28898,53388,15
28899,603433,15
28902,832704,15
28904,1580701,15
28906,2960801,20
28907,2591135,15
28909,755062,15
28910,2119030,15
28912,526564,15
28914,294704,20
28915,1644654,20
28916,2466826,15
28917,3192897,15
28922,1599239,15
28923,759886,15
28924,3418754,15
28925,1340802,20
28927,177909,15
28929,3335094,15
28931,1130783,15
28937,1186950,15
28940,2202350,15
28941,2806949,15
28943,1545506,15
28946,1409018,15
28947,2998212,20
28949,2284119,15
28950,3324972,20
28951,2840463,15
28952,1612146,15
28953,477809,20
28957,3140945,15
28958,178399,20
28959,2449984,15
28960,3379894,15
28963,55485,15
28964,2315972,15
28966,743745,15
28969,469659,15
28971,2254890,20
28974,671670,15
28975,2599832,20
28976,223435,20
28977,3057636,15
28979,1782989,15
28981,2439411,15
28982,2827403,15
28983,2784501,15
28984,1034415,15
28985,2068014,15
28986,3380306,15
28987,1344779,15
28988,2301219,15
28991,2565261,15
28992,2058448,15
28995,805238,15
28997,2761366,15
28999,2326165,15
29002,1560229,20
29003,791537,15
29004,2984059,15
29006,2475303,15
29007,753531,15
29009,1314176,15
29010,2761084,15
29011,2284630,15
29012,1073646,15
29013,3344329,15
29015,1065061,15
29016,592667,20
29018,416228,15
29020,1571962,15
29022,1921080,15
29025,1679763,15
29026,1449298,15
29027,32047,15
29028,3227382,15
29030,3345172,15
29032,1295926,15
29034,2654240,20
29037,3344886,15
29038,6945,15
29039,2812471,15
29041,428259,20
29042,919256,15
29043,2236647,15
29044,612087,15
29045,1907002,20
29046,2262363,15
29047,1374534,15
29048,3389179,15
29049,2225250,15
29050,1878450,15
29051,1730536,15
29053,1826199,20
29056,1071455,15
29057,84629,15
29058,23077,15
29060,270853,15
29061,2622081,15
29062,1535381,15
29063,2589846,15
29072,1875463,15
29073,3259126,15
29074,1665159,15
29078,1273212,15
29079,488558,15
29082,1228704,15
29084,1275638,15
29085,1124653,20
29086,2691340,15
29087,629029,15
29088,1605622,15
29090,1153433,15
29093,2058602,20
29094,3121412,15
29095,1628433,15
29096,1806863,15
29097,1182031,15
29098,2174059,15
29099,1978394,20
29101,1436753,15
29102,1857901,15
29103,2035717,15
29104,1444743,15
29105,1128339,15
29106,3304561,15
29107,369406,15
29109,2732589,20
29110,146053,15
29111,2961867,15
29112,313410,15
29114,528665,15
29115,2960671,15
29116,2728228,15
29117,2488066,15
29120,3171387,15
29122,1510858,15
29124,1221695,15
29125,2167785,15
29126,2593880,15
29127,1284652,15
29128,3289264,15
29129,2287360,15
29131,476929,15
29133,491393,15
29135,3009083,15
29136,1873394,15
29137,395908,15
29138,2149430,15
29139,883722,15
29140,3083443,15
29141,67611,15
29142,470821,15
29145,1191092,15
29146,2371573,15
29148,850867,15
29149,2485586,15
29150,3287325,20
29151,1892133,15
29152,2085828,15
29153,2014008,15
29154,1234258,15
29156,348812,15
29157,2457194,15
29158,111649,15
29159,2529468,15
29161,977073,15
29162,27810,15
29164,1520539,20
29165,1001849,15
29167,2828774,20
29170,2544662,15
29171,2666258,15
29172,335011,15
29175,2936439,15
29176,109715,15
29177,2309014,15
29178,1612823,15
29179,177031,15
29184,2658349,15
29185,1849215,15
29186,2262107,15
29187,1983306,20
29188,2699737,15
29189,1196323,15
29190,617494,15
29191,2927133,15
29193,819153,15
29195,1271655,20
29196,2811327,15
29200,248621,15
29201,606326,15
29206,118882,15
29207,1656340,15
29208,3196924,15
29209,2561911,15
29210,1247743,15
29212,721041,15
29213,217411,15
29217,1418613,15
29220,1141358,15
29222,1587765,15
29226,1666621,15
29227,167016,15
29228,2257605,15
29229,133125,15
29231,656509,20
29233,2778790,15
29234,1413562,15
29236,2018253,15
29239,1323078,15
29240,995410,15
29243,2638466,20
29244,3329734,15
29245,1336827,15
29246,423778,15
29247,10208,15
29248,3370272,20
29249,934197,15
29250,2545191,15
29251,931369,15
29253,323316,15
29258,3399142,20
29260,2861392,15
29261,1830998,20
29262,452667,20
29263,980171,15
29264,3408286,15
29265,2468289,20
29266,900727,15
29267,2986342,15
29268,155161,15
29269,1616803,20
29270,3242054,15
29271,1398498,15
29273,2659983,15
29274,1716049,15
29275,3180244,15
29276,2267578,15
29277,1170887,15
29279,2573959,15
29280,1158732,15
29282,416181,15
29283,2252473,15
29285,2927804,15
29290,2685560,20
29291,500782,15
29292,605472,20
29295,2750640,20
29296,175903,15
29299,824265,15
29300,3147273,15
29301,19874,15
29302,2989766,15
29303,765593,20
29304,885394,15
29309,595266,20
29311,3127776,15
29312,34976,15
29313,1095278,15
29314,1972094,15
29315,1490665,15
29317,747398,15
29320,345393,15
29321,2634351,15
29322,2734476,15
29323,3263134,20
29324,1347721,15
29325,1189602,15
29328,116711,15
29330,2080819,20
29332,1699012,15
29335,711055,15
29336,2639633,20
29338,1945333,15
29339,1231318,15
29341,443731,15
29342,1609317,15
29343,591026,20
29344,2724625,15
29346,2647376,15
29348,1162479,15
29349,577164,15
29350,1601691,15
29352,1472766,15
29354,169341,15
29357,278165,15
29358,3416950,15
29359,3259124,15
29360,1177516,15
29361,2510186,20
29363,1505841,15
29366,2757837,15
29367,3405699,15
29368,1514008,15
29369,2271407,15
29370,2255862,15
29371,925128,15
29372,1154994,15
29374,619236,15
29375,1855167,15
29376,2024234,15
29377,59557,15
29379,1050799,15
29381,1258665,15
29382,920051,15
29383,3142987,15
29385,784041,15
29387,797512,15
29391,2574836,15
29392,527951,15
29393,2066028,15
29394,207389,15
29396,3305230,20
29398,819799,15
29401,1230165,15
29402,2284610,15
29403,2772095,15
29404,745945,15
29405,1733649,15
29406,870902,15
29408,2222606,15
29411,49334,15
29413,2151725,20
29415,681820,20
29416,1575431,15
29417,263565,15
29418,348153,15
29419,513246,20
29420,1117332,20
29421,1554159,20
29422,1486143,15
29423,475829,20
29424,1707935,15
29426,1861159,15
29428,208384,15
29429,494200,15
29430,1661124,15
29431,670313,15
29432,255821,15
29433,2069962,15
29434,1552196,15
29436,2032388,15
29437,3177107,15
29438,3222643,20
29439,441865,15
29440,282130,15
29442,2034290,15
29447,2143700,15
29450,3319178,15
29453,3196368,15
29455,1116775,15
29457,2216309,15
29458,931422,15
29459,1320666,15
29461,1222435,15
29462,531241,15
29463,1650677,15
29465,3300498,15
29466,2874695,20
29467,521519,15
29468,1068410,15
29469,1467262,15
29470,1960458,15
29471,1173360,15
29472,1358119,15
29473,719894,15
29475,1319925,15
29477,538128,20
29479,3221841,15
29480,368874,15
29481,325569,15
29483,2696447,15
29484,2072547,15
29485,3305170,15
29486,1307275,15
29487,2990348,20
29489,3208468,15
29490,342091,20
29493,2370841,15
29495,1492753,15
29499,1964943,15
29500,1174148,20
29503,1129671,15
29504,2049326,15
29505,1811886,20
29506,957284,15
29509,907337,15
29510,1519608,15
29511,1397406,15
29512,2860034,15
29513,817637,15
29516,747600,15
29517,2702642,15
29519,15168,20
29520,1557778,20
29521,100772,15
29522,872079,15
29523,61431,15
29524,483746,15
29525,3286594,15
29526,1186545,15
29527,1292925,15
29528,1979777,15
29530,45736,15
29531,3080009,15
29533,443385,15
29537,1634983,15
29538,1862274,15
29540,2545081,15
29541,489427,15
29544,2497241,15
29545,2755841,20
29547,1469052,15
29548,35824,15
29549,1963418,15
29550,2102127,20
29553,2672102,15
29554,1194019,15
29557,2865996,15
29558,164154,20
29559,2292576,15
29560,527298,15
29561,2950550,15
29562,324755,15
29565,2200249,15
29566,2553161,15
29567,459505,15
29568,2169193,15
29569,2008596,20
29571,3042611,20
29573,2026364,15
29576,1391215,15
29577,2115299,15
29579,975665,15
29581,2330419,15
29582,3109400,20
29583,3311787,15
29584,3396457,15
29585,121796,15
29586,2998658,20
29589,1720258,15
29590,2545237,15
29591,617381,15
29592,502404,15
29593,730348,15
29594,2413996,15
29595,1385815,15
29596,1891655,15
29599,2194309,15
29601,2315184,15
29602,2225860,15
29604,2230537,15
29606,364851,20
29607,756646,15
29608,235801,15
29609,3391761,15
29610,121321,15
29612,2980228,15
29613,1312076,15
29614,1291359,15
29615,2091114,15
29616,1476123,15
29617,2527294,20
29618,878771,15
29619,2609132,15
29628,1232923,15
29630,2116746,15
29631,1469388,15
29632,12221,15
29634,243221,15
29635,2756772,15
29641,2419803,15
29644,1922442,15
29645,1435340,15
29647,2437201,15
29649,386340,20
29651,1923435,15
29652,434305,15
29653,1799539,15
29654,564856,15
29657,946274,15
29660,233316,15
29664,1136007,20
29665,1095049,15
29667,2220952,15
29668,2535729,15
29670,301064,20
29671,500561,15
29672,159887,15
29674,1267881,15
29676,820040,15
29679,1599598,15
29684,467014,15
29687,1051579,15
29688,1759704,15
29689,2044582,15
29691,2955889,15
29692,156344,15
29693,539822,15
29694,1501795,15
29695,1987403,15
29696,2939084,15
29697,190890,15
29700,2392654,15
29701,540029,15
29703,771715,15
29704,29844,15
29705,2473694,15
29707,3105018,15
29708,1769341,15
29709,2566225,15
29712,236055,15
29717,88245,15
29719,1824293,15
29721,588408,20
29723,683149,15
29726,3419507,15
29727,2268184,15
29728,237369,20
29729,1692779,15
29732,1301343,15
29733,2752405,15
29734,2316821,20
29735,1954703,15
29736,521846,15
29737,2653218,20
29738,2964491,15
29740,632797,20
29741,1098350,15
29742,251261,15
29744,2448604,15
29745,714281,15
29747,496806,15
29748,2976842,15
29749,3034859,15
29750,3155204,15
29753,2938025,15
29754,2279720,15
29755,3316003,15
29756,2179434,15
29757,3221787,15
29758,332153,15
29762,2100600,15
29763,3308526,15
29764,1816528,15
29765,410569,15
29766,2689967,15
29769,2746439,15
29772,3380784,15
29774,1348780,15
29775,73914,15
29776,1587532,15
29778,1713056,15
29781,3223958,15
29782,1564843,15
29785,2371892,20
29787,1116632,15
29790,2258428,20
29791,209435,15
29793,54337,15
29794,1314521,15
29796,2315139,15
29797,955863,15
29798,925078,15
29800,112399,15
29803,2193538,15
29805,3153455,15
29806,738452,20
29807,16139,15
29810,964089,15
29812,2277418,15
29816,404688,15
29817,522735,15
29818,3181902,20
29819,3318609,15
29820,1079456,15
29823,869899,15
29824,3147957,15
29825,1702271,15
29826,2965715,15
29828,1860599,15
29829,2514417,15
29830,896639,15
29831,1931999,15
29833,308730,15
29834,3090604,20
29835,1335161,20
29837,2763290,15
29838,2517083,15
29842,407042,15
29843,1067236,15
29846,694715,15
29847,1032981,15
29848,417136,15
29849,674780,15
29850,2859073,20
29852,2860992,20
29853,1882289,15
29854,2397105,15
29855,1128564,20
29856,2140189,15
29859,434950,15
29861,3339259,15
29863,754428,20
29865,2272075,15
29866,3148318,15
29870,923297,15
29871,2989542,15
29873,2359324,20
29874,2354206,15
29875,1839262,15
29876,1573284,15
29877,682596,15
29878,2826466,15
29879,2075098,15
29882,970267,20
29883,300395,20
29885,2739182,15
29888,1292216,15
29889,5731,15
29890,3247700,15
29891,845753,15
29892,2540032,15
29893,929578,15
29894,1302101,20
29895,2617970,15
29896,844180,15
29899,1582494,15
29900,3157821,15
29903,3349435,15
29906,2281137,15
29907,2934328,15
29908,3082898,15
29909,1073470,15
29911,2795830,15
29913,1013128,15
29914,3341332,15
29915,1026617,15
29916,2199322,15
29918,3143292,15
29919,3111611,15
29920,583723,15
29921,55793,15
29922,2153354,15
29923,2600447,15
29925,311969,20
29926,2610387,20
29927,1287621,15
29929,485745,15
29932,1605430,15
29933,2959402,15
29934,3265436,20
29936,2795443,15
29937,1396471,15
29938,1470104,15
29940,2590614,15
29941,2633185,15
29942,891689,15
29943,1985775,15
29944,1649120,15
29945,1566848,15
29948,1350813,15
29952,947134,15
29955,1377221,15
29957,2884423,15
29958,1534256,15
29959,582847,15
29960,666636,15
29961,2128132,15
29962,2361483,15
29963,3066869,15
29964,1513041,15
29966,366713,15
29968,3271674,15
29971,2253010,15
29972,368766,15
29973,482352,15
29975,1670695,15
29977,1368242,15
29979,768640,20
29980,2005100,15
29982,2663516,15
29985,2502479,20
29986,2649403,15
29988,3028873,15
29992,865964,15
29996,338000,15
29997,902794,15
30002,2105514,15
30004,1396482,20
30005,3401892,15
30006,382899,15
30007,3139339,15
30008,3415982,15
30009,2802964,15
30010,6187,15
30011,400522,15
30012,395877,15
30013,541438,15
30015,1213152,15
30016,316225,15
30017,1866506,15
30018,1416936,20
30019,2830149,15
30020,97753,15
30021,1236880,20
30022,2511673,15
30023,21464,15
30026,1692765,20
30027,1471707,15
30028,914465,15
30029,948346,15
30030,2095855,15
30032,3152244,15
30033,3258179,15
30034,2788956,20
30035,2110510,15
30036,1540694,15
30037,1432474,20
30038,1851,15
30039,1085356,15
30040,3137988,15
30042,804829,15
30043,1858718,15
30044,2111982,20
30045,269236,15
30046,102720,15
30047,1351645,15
30048,1913621,15
30050,287701,15
30051,1092852,15
30052,712890,15
30053,224331,15
30054,2534835,15
30055,2986358,15
30056,3390564,15
30059,1274492,15
30061,432201,15
30062,2002573,15
30066,3177779,15
30067,331790,15
30069,2206303,15
30070,2629204,15
30071,338326,15
30072,1520777,15
30077,223423,15
30078,1594992,15
30079,3323380,15
30080,2402245,15
30082,3124927,15
30084,645911,15
30085,976971,15
30087,879783,15
30088,2236879,15
30091,4189,15
30094,2656459,15
30097,3407571,15
30098,2883377,15
30099,1736939,15
30100,2952365,20
30106,2948691,15
30107,2839561,15
30110,2706243,20
30111,1288473,15
30112,80165,15
30113,2035919,15
30116,3069893,15
30117,770699,20
30118,980960,15
30120,1775044,15
30121,1917037,20
30123,2155269,15
30124,2955809,15
30127,2158913,15
30129,1474401,20
30130,1035825,15
30131,1156927,15
30132,383816,20
30133,2173497,20
30136,2711725,15
30137,1520418,15
30139,2271029,15
30140,2213659,15
30141,1325496,15
30142,1861488,15
30143,2119646,15
30145,1739599,15
30146,1765417,15
30147,1427396,15
30148,3008496,15
30149,2980572,15
30155,2211951,20
30156,2535761,15
30157,3170322,15
30159,3031364,15
30160,1469160,20
30162,3044446,15
30163,2720308,15
30166,592267,15
30167,2767503,15
30168,367715,15
30171,3171372,15
30172,3150281,15
30174,2897797,20
30175,1078646,15
30176,3293781,15
30178,2772918,15
30181,1703582,15
30184,735092,15
30187,3419893,15
30188,2773590,20
30190,2374986,15
30193,621934,15
30194,2070266,15
30195,935470,15
30196,472453,15
30199,1055865,20
30200,3039631,15
30202,155743,15
30203,2533386,15
30204,637988,15
30205,1312236,15
30207,311764,15
30208,23960,15
30209,955091,15
30211,603642,15
30212,2793969,15
30213,447319,15
30214,2660524,15
30215,668156,15
30216,550084,15
30217,2245683,15
30219,1565283,15
30220,2070939,15
30224,856845,15
30225,969349,20
30227,2864764,15
30229,1560001,15
30230,2043225,15
30231,3330183,15
30233,737741,15
30235,446810,15
30237,1954603,15
30239,2351786,20
30240,431991,15
30241,1409430,15
30242,2800564,15
30245,1591937,15
30247,2426078,15
30248,2918265,15
30249,2675388,15
30251,2371342,15
30252,774857,15
30253,1509587,15
30254,1219995,15
30256,1060164,15
30257,2191145,15
30258,1332094,15
30260,343852,20
30262,2427444,15
30264,978282,15
30266,1168908,15
30268,3262384,20
30269,120052,15
30270,2158615,15
30271,2117663,20
30272,513997,20
30273,522115,15
30275,2694822,15
30277,985557,15
30279,1714506,15
30281,432870,15
30282,1510520,15
30283,784712,15
30284,410974,15
30287,2843002,15
30288,1921096,20
30289,3224275,15
30292,628822,15
30294,2930932,15
30296,1475627,15
30298,1064762,15
30300,559462,15
30303,2360926,15
30304,801580,20
30305,3187860,20
30307,2596814,15
30308,2478370,15
30309,344568,15
30311,802112,15
30312,81061,20
30313,1604428,15
30316,2327015,15
30322,2456750,15
30324,3166539,15
30326,130984,15
30327,1948917,15
30328,547424,20
30329,282411,20
30331,1328800,20
30332,1306694,15
30333,2214581,15
30334,1982026,15
30337,1647306,15
30338,2444645,15
30339,1513660,15
30340,35452,15
30341,1306760,15
30342,1475922,15
30343,1404461,15
30345,1753356,15
30347,2630519,15
30348,2035023,15
30349,1427111,15
30352,862868,15
30355,1848524,15
30356,2480339,15
30357,1964411,15
30359,2126919,15
30361,567501,15
30362,1289692,20
30363,1693712,15
30364,1301288,20
30365,3105149,15
30368,2841878,15
30369,2942139,15
30371,2331082,15
30372,3192851,15
30373,140294,15
30374,995243,15
30376,2098539,15
30377,281813,15
30378,3299940,15
30379,1938569,15
30381,3323295,15
30382,1234861,20
30383,707787,15
30384,1210654,15
30385,2295064,15
30386,3373256,15
30387,2339441,15
30388,2555888,15
30389,3199707,15
30390,52710,15
30394,2622715,20
30395,918865,15
30398,3001555,15
30399,2402557,15
30400,1208876,15
30401,3092127,15
30404,90472,15
30405,1391208,15
30407,1244028,15
30408,1977947,15
30409,1045445,15
30412,1233957,15
30414,1996596,15
30416,73874,15
30417,1372847,15
30418,404993,15
30419,2617610,15
30421,920922,15
30422,2048987,15
30423,1919935,20
30425,1217252,15
30427,1369182,15
30430,2010244,15
30431,1834969,20
30433,1857531,15
30434,1599929,20
30435,638528,15
30436,3309081,15
30437,1493957,15
30438,2656754,15
30439,795403,20
30441,2327954,15
30444,2505459,15
30445,2348014,15
30446,2641056,15
30447,1601625,15
30450,567618,15
30451,1167535,15
30452,1859597,15
30453,2659583,15
30454,3327210,15
30456,1756049,20
30458,1069496,15
30461,2210820,20
30462,2002734,15
30463,2935621,15
30464,1827812,15
30466,1878856,15
30467,3383047,15
30468,376290,20
30469,407403,15
30471,2676863,15
30472,1044543,15
30475,2352435,15
30476,2965304,15
30478,2232173,15
30479,2403482,15
30480,3037861,15
30481,2114914,15
30482,97584,15
30483,2667015,15
30484,2284631,15
30485,591985,15
30487,1376791,15
30489,448148,15
30491,1279341,15
30492,3333997,15
30493,166500,15
30494,1844609,20
30497,424294,15
30498,1513038,15
30500,2998130,20
30501,2091941,15
30502,635155,20
30503,2750678,15
30505,2047792,20
30506,3045718,15
30507,1530561,15
30512,1881250,15
30517,3198028,15
30518,2646128,15
30519,2216743,15
30521,836955,15
30523,199683,15
30524,2792846,20
30525,3364384,15
30527,1638822,15
30529,1129423,15
30530,185555,20
30534,2664478,20
30537,3218396,15
30538,709380,15
30539,2479574,15
30542,839743,15
30543,3052448,20
30544,213090,15
30545,3119060,15
30547,3250107,15
30549,1150373,15
30550,3033769,15
30552,483510,20
30554,2782673,20
30556,2486163,15
30557,187423,15
30559,1213525,15
30560,2605310,15
30564,1258432,15
30565,1093759,20
30567,1443222,15
30568,1067328,15
30570,3013297,15
30573,1677937,20
30574,855236,15
30575,2377953,15
30577,732056,15
30578,1670384,15
30579,322882,15
30581,850765,15
30583,2193698,15
30584,2018313,15
30585,1379327,15
30586,2337223,15
30587,3417658,15
30589,2650789,15
30590,689691,20
30593,1103138,15
30594,1887632,20
30596,2669323,15
30597,3094242,15
30598,2301081,15
30600,3342831,15
30601,756245,15
30602,1555565,15
30603,2735531,15
30607,3222608,15
30608,3238423,15
30610,3202085,15
30611,373322,15
30612,1035398,15
30613,966611,15
30614,956986,15
30616,1418739,15
30618,1912642,15
30620,1868996,15
30622,245665,15
30623,2553995,15
30629,1497326,15
30630,2481013,20
30631,1922598,15
30633,3335318,15
30634,2445916,15
30635,382032,15
30636,525784,15
30637,1831048,15
30639,2623987,15
30643,663262,15
30644,3009729,15
30646,1116308,15
30647,957399,15
30649,3092985,15
30652,1808138,15
30656,115270,15
30657,2427495,15
30659,2225247,15
30662,2386517,15
30663,622740,15
30667,2782655,15
30668,3087733,15
30669,2011203,15
30670,448436,15
30674,1312423,15
30675,67629,15
30678,3089684,15
30680,1055108,15
30686,3117853,15
30687,322574,15
30689,322372,15
30690,169335,20
30692,1467936,20
30693,2978393,15
30694,313662,15
30695,2511939,15
30696,302558,15
30697,378961,15
30698,1391090,15
30701,1544607,15
30703,237743,15
30704,2283981,15
30705,2449335,15
30709,735866,15
30710,2612626,15
30711,2989772,15
30712,2877963,15
30714,930733,15
30715,318223,15
30716,2612596,15
30717,840168,15
30719,1633938,15
30723,1327717,15
30724,1223973,15
30725,2862494,15
30726,1080147,15
30727,2822960,15
30728,469605,15
30729,2656907,15
30731,2786754,20
30732,394961,15
30733,1445102,15
30734,659995,15
30737,146907,20
30739,1202919,20
30741,977806,15
30742,561728,15
30743,3189646,15
30744,1641919,15
30746,3340631,15
30747,963370,15
30748,1956066,15
30749,1599786,15
30750,2989158,15
30752,1852555,15
30754,288333,15
30755,986438,15
30756,1021731,15
30757,2738734,15
30758,2741194,15
30759,114044,15
30761,2238043,20
30764,2675121,15
30766,1761797,15
30767,2251296,15
30768,1832778,20
30770,732573,15
30771,2256940,15
30772,2695456,15
30774,852543,15
30775,1588533,15
30776,3402698,20
30777,2707141,20
30778,525661,15
30781,2667865,15
30782,3081513,15
30783,1604927,15
30785,2771785,20
30787,2597341,15
30789,2116072,15
30791,2923436,15
30792,581931,15
30793,856908,15
30794,3186528,15
30795,3183646,15
30796,1413988,15
30797,1463263,15
30798,1003564,15
30799,2777237,15
30800,1943837,15
30801,552512,15
30802,1185539,15
30803,541612,15
30804,3350027,20
30805,1569245,15
30807,623187,15
30808,2747311,15
30809,2280099,15
30810,83032,15
30812,1738242,15
30813,3015564,15
30814,3191885,15
30817,2712249,15
30819,2327916,15
30820,3038016,15
30821,1530507,15
30822,1360042,15
30823,2312506,15
30824,2769986,15
30825,7916,15
30828,2272298,20
30829,977497,15
30830,315535,15
30831,2117324,15
30832,1770014,20
30833,3251485,15
30835,2628968,15
30836,1372918,15
30837,1330745,15
30839,2676239,15
30841,1107067,15
30842,3093508,15
30844,998896,15
30845,1360711,15
30847,1542443,15
30848,2396236,20
30849,2633004,15
30850,1922878,20
30851,232454,15
30857,2870282,15
30858,2046264,15
30859,2945313,15
30862,354751,15
30864,2080735,15
30865,2551452,15
30866,597218,15
30867,1226410,20
30869,2069106,15
30870,246513,15
30871,2292317,15
30873,3147839,15
30876,2317513,15
30877,2887390,20
30878,202679,15
30879,548017,20
30884,3186647,20
30885,607787,15
30886,2486792,15
30887,3111042,20
30889,2891043,15
30890,195913,20
30895,1851037,15
30896,1586747,15
30902,1109309,15
30903,2175531,15
30907,1622761,15
30911,2880126,15
30912,409834,15
30913,1670756,15
30915,2664766,15
30916,3024433,15
30917,1843315,15
30919,1703367,15
30920,310500,15
30921,2028556,15
30922,2841814,15
30924,435840,15
30925,1334010,15
30929,1767306,15
30931,1684940,15
30932,2934406,15
30934,524914,15
30935,1302092,15
30936,1915835,15
30939,2455747,15
30940,1118552,15
30941,397586,15
30942,3258018,15
30943,1897000,15
30944,2798446,15
30945,1241697,15
30946,121759,15
30947,60322,15
30948,462863,15
30950,1930287,20
30952,1490020,15
30953,2324402,15
30954,55275,15
30955,1734121,15
30956,1497161,15
30959,2926254,20
30960,306612,15
30963,1518735,15
30965,1520168,15
30966,1419396,15
30968,481844,15
30970,476228,15
30973,2256171,15
30974,2487468,15
30976,2642198,20
30977,3400889,20
30978,1567145,20
30979,3150795,20
30980,721828,15
30981,144837,15
30983,1673396,15
30985,2357817,15
30986,2172221,15
30987,1149573,15
30988,3170626,15
30992,1345040,20
30993,3273471,15
30994,2488359,15
30995,1784728,15
30996,3266322,15
30997,1535856,15
30998,85811,15
30999,2038475,15
31001,2435724,15
31002,3223174,15
31005,2595678,15
31006,1087762,15
31008,804106,15
31009,3331990,15
31013,2886285,15
31014,2549727,15
31015,631580,15
31016,2850896,15
31019,2542587,15
31021,2707509,15
31022,2060411,20
31024,998716,15
31025,2886116,15
31026,1063138,15
31027,441729,20
31028,1821161,20
31029,725071,15
31030,2650540,15
31032,1014225,15
31033,2427002,15
31034,1437589,20
31036,424789,15
31038,1183375,15
31043,394664,15
31044,1079015,15
31045,2437914,15
31047,1587280,15
31048,1908570,15
31049,2088648,15
31051,1049075,15
31052,3272177,15
31055,343417,20
31056,2695870,15
31057,1806887,20
31059,1243760,20
31061,1410924,15
31063,1635650,15
31064,2231952,15
31067,2689692,15
31068,3420729,15
31071,2526631,15
31072,2016284,20
31073,586040,15
31074,1502904,15
31075,2717342,15
31076,2728366,20
31078,3370110,15
31079,173614,15
31083,3208063,15
31084,626274,15
31085,1253585,15
31087,2339918,15
31088,1950588,15
31089,3333452,15
31091,2102396,15
31092,3356557,15
31093,242750,20
31094,1121675,15
31095,958335,20
31096,2406204,15
31101,2572320,15
31102,1224226,15
31103,242553,15
31105,2813078,15
31106,543292,15
31107,249882,15
31110,2573604,15
31111,1550225,15
31114,1821586,20
31115,2029323,15
31116,824010,15
31117,368489,15
31120,820202,15
31121,3250398,15
31122,2988740,15
31125,3284784,20
31126,551448,15
31127,1391177,20
31128,782728,15
31129,165031,15
31130,2549957,15
31132,2893028,15
31133,25522,15
31134,3024018,20
31136,2060222,15
31139,2419613,15
31142,1132812,15
31143,412672,15
31144,150964,15
31146,1343494,15
31147,3027309,15
31149,985182,15
31151,2190493,15
31152,405656,15
31154,1955851,15
31155,1146266,15
31156,1735604,15
31160,85047,15
31161,651772,15
31162,5719,15
31164,456378,15
31165,1799488,15
31168,1440722,15
31170,3079108,15
31171,1638583,15
31173,1890906,15
31176,1392619,15
31179,2136262,15
31182,987457,15
31183,2553740,15
31185,1229911,20
31186,2346718,15
31188,2533229,15
31190,3419285,15
31191,3166382,15
31193,2543033,15
31194,1708574,15
31197,1182044,15
31199,163774,15
31201,330702,20
31202,615543,15
31205,809259,15
31210,512784,15
31212,3302772,15
31213,1960912,15
31214,1800825,15
31215,1943046,15
31216,2312522,15
31217,1079117,15
31219,50589,15
31221,1806618,15
31222,1027728,15
31223,3154873,15
31224,105797,15
31225,1852948,15
31227,1782281,15
31228,42368,15
31229,905109,15
31230,2219983,15
31231,329108,15
31232,2515651,15
31234,2008794,15
31236,2337247,15
31241,910875,20
31243,2820211,15
31244,2823576,15
31245,571195,15
31246,1217706,15
31247,436636,15
31248,1345588,20
31249,520548,15
31250,2839473,15
31251,489969,15
31252,1215138,15
31253,773347,15
31254,1443602,15
31256,2342630,15
31257,2844890,15
31258,2615539,15
31260,1845054,15
31261,1314707,15
31262,1897221,15
31263,1249288,15
31264,49910,15
31265,818457,15
31266,1929082,15
31268,897178,15
31270,3078295,15
31272,1322810,20
31273,142980,15
31274,1219332,15
31276,3097963,15
31277,124487,15
31279,2476127,15
31280,2505627,15
31281,3136249,15
31282,3258652,15
31283,1857747,15
31285,1575689,15
31286,1333556,15
31287,193342,15
31289,1977203,15
31290,184044,15
31291,1607121,15
31292,57792,15
31293,581705,15
31294,707132,15
31297,2741739,15
31299,2462328,15
31302,455375,15
31303,1348391,15
31304,1100765,15
31305,3052861,15
31307,2131523,15
31308,742425,15
31310,1628348,15
31314,1735743,20
31315,1622944,15
31316,2756324,15
31317,2980182,20
31318,57051,15
31320,2802836,15
31321,1652574,15
31322,1769989,15
31324,294345,15
31326,1389915,15
31329,521141,15
31330,1484545,15
31331,1669930,15
31332,1848169,15
31334,1029645,15
31336,3375952,15
31337,2295350,15
31338,2083712,15
31339,3199301,15
31340,2559640,15
31342,1990379,15
31344,3160209,15
31345,2885695,15
31346,2544520,15
31350,1823170,15
31351,77523,15
31352,935870,15
31353,1092344,15
31354,2961983,20
31356,1873565,15
31357,1197316,15
31360,2054516,15
31362,482882,15
31364,350340,15
31367,2676295,20
31369,987896,15
31371,3292938,15
31372,1059077,15
31373,2176334,15
31374,1134447,15
31375,683167,15
31377,796783,15
31379,2872061,15
31380,2398953,15
31382,3321373,20
31383,1249895,15
31384,3325577,15
31385,2416963,15
31386,2791995,15
31387,946847,15
31389,3396378,20
31390,2670865,15
31391,554103,15
31394,929359,15
31395,1640774,15
31396,1316271,20
31398,3263116,15
31399,3204421,15
31402,1781642,15
31404,3200153,20
31408,2232534,15
31409,944213,20
31410,1583741,15
31411,1773302,15
31413,3208995,15
31415,2032297,15
31418,3167048,15
31420,2237275,15
31424,1478705,15
31425,3347611,15
31428,525332,15
31429,2977266,15
31432,329430,15
31433,2213574,20
31434,1081315,15
31436,3227127,15
31438,3329647,15
31439,2101176,15
31441,501869,15
31442,58696,15
31443,2520869,15
31444,1306511,15
31445,2050945,15
31446,866086,15
31447,1063433,15
31450,1943955,15
31451,299280,20
31452,3108036,15
31453,2389239,15
31454,1114569,15
31455,1572430,15
31457,2042882,15
31458,450199,15
31460,179033,15
31462,397627,15
31464,1727025,15
31465,3201509,15
31466,2353265,15
31467,5619,15
31469,1355412,15
31470,503206,15
31471,1214091,15
31472,429915,15
31473,804356,15
31474,1845396,15
31479,3174418,15
31482,2402561,15
31484,3315963,15
31485,2351755,15
31486,3005588,15
31487,301895,15
31489,3081991,15
31490,541704,15
31492,887627,15
31494,1977919,15
31495,149851,15
31496,944987,15
31497,155461,15
31498,960679,20
31500,3032229,15
31501,3030724,15
31502,2710260,15
31504,3385984,15
31505,1881327,15
31507,2460294,15
31508,1821379,15
31513,1642122,15
31514,850069,15
31515,264917,15
31517,757565,15
31518,1061501,15
31521,1938286,15
31522,3007246,15
31524,1491942,15
31525,2839039,15
31527,3419408,15
31530,820650,15
31533,2886954,15
31534,2713496,15
31536,3335831,20
31537,2080620,15
31539,95948,15
31541,2699330,15
31543,1643881,15
31544,1710500,15
31546,1543348,15
31547,959931,15
31548,939849,15
31549,58452,15
31550,1193910,15
31552,2469125,15
31554,2961567,15
31556,861977,15
31557,2807747,15
31558,1331050,15
31560,2755939,15
31563,2817591,15
31564,2843497,15
31565,2188263,15
31568,1989636,15
31569,258578,15
31571,3404469,15
31572,1198609,15
31574,664279,15
31575,2821992,15
31576,542679,15
31577,1960952,15
31580,2262274,15
31581,775299,15
31583,1358611,20
31584,3309170,20
31585,2270674,15
31586,137259,15
31587,934042,15
31589,1065358,20
31591,1136779,15
31592,599383,15
31593,938620,15
31594,2223202,15
31595,877931,15
31596,2460451,15
31597,2037556,15
31601,2286819,15
31602,2898851,15
31603,1024332,15
31604,2896741,20
31606,3252117,15
31609,798815,20
31610,37084,15
31611,1465173,20
31612,113101,15
31613,1266463,15
31614,2039984,15
31616,561876,20
31618,2543001,15
31620,3079805,15
31621,3224733,15
31622,1500151,15
31623,2525910,20
31624,706153,15
31625,798772,15
31627,3097426,20
31628,884744,15
31631,3108051,20
31633,1264885,15
31634,1171124,15
31635,1781285,15
31636,2997264,15
31638,16656,15
31639,1552810,15
31640,1691747,20
31641,2909621,20
31642,1947937,15
31643,840069,15
31644,945100,15
31645,2051451,15
31646,2849010,20
31647,2809728,15
31649,2256965,15
31650,2557937,20
31651,539366,15
31652,1777885,15
31654,2807690,15
31655,2820116,15
31656,3397370,15
31657,1165579,15
31658,2988047,15
31659,1150639,15
31660,1104014,15
31663,145583,15
31664,2904789,15
31665,2363591,15
31666,3371046,15
31668,1580857,15
31669,2856941,15
31671,2295027,15
31672,750907,15
31673,547640,15
31674,891971,20
31675,553882,15
31676,487034,15
31677,1461707,15
31679,983917,15
31680,2837464,15
31681,3113711,20
31682,1871234,15
31683,1097628,15
31684,633926,15
31685,2437113,15
31690,12768,15
31691,444675,20
31692,264277,15
31694,2011897,15
31695,1830116,15
31696,2071957,15
31698,2100121,15
31700,1795827,15
31703,1767700,15
31706,2851486,20
31708,1567005,15
31710,774356,20
31712,95618,15
31715,546179,15
31716,2493472,15
31717,3244249,15
31719,1656674,15
31720,2847764,15
31721,3409809,15
31722,1543574,15
31723,2004929,15
31724,2275828,15
31725,2956404,15
31727,524088,15
31728,90145,15
31729,2895977,20
31730,2182966,15
31732,3277907,15
31733,1542275,15
31735,3353769,15
31736,2518233,15
31737,2764294,15
31738,1475474,15
31741,3092077,15
31742,851027,15
31747,1239247,15
31748,1144875,15
31750,1958653,20
31752,2577475,15
31753,2317440,15
31754,168345,15
31755,2888072,15
31756,1321774,15
31757,1368881,15
31759,2373320,15
31760,666498,20
31762,1118851,15
31763,2494054,15
31765,2066418,15
31767,1175982,15
31768,130671,15
31769,2513478,15
31770,2875635,20
31771,1369250,15
31772,3183315,15
31774,2052878,15
31775,3366666,15
31777,1836940,15
31778,267141,15
31779,1741292,15
31780,2503635,20
31781,1382773,20
31782,256633,15
31784,3020836,15
31786,2803053,15
31788,2572910,15
31790,3228619,15
31791,1401891,15
31792,492376,15
31794,2256722,15
31796,2507970,15
31798,1349832,15
31799,2114301,15
31800,2814941,15
31801,2682535,20
31804,1760857,15
31806,1698545,15
31807,2448532,15
31808,965286,20
31809,1679381,15
31810,3109319,20
31811,1004543,15
31812,1150612,20
31814,675336,20
31816,957626,15
31817,675709,15
31821,2641634,15
31822,2701172,15
31823,2672558,15
31825,1368993,15
31829,849841,15
31830,2821303,15
31831,2514716,20
31832,2356466,15
31833,1520712,15
31834,2877984,15
31835,582688,15
31836,3253043,15
31837,1991628,15
31839,1991978,15
31840,1919431,15
31841,2491682,15
31843,3040282,20
31845,482324,15
31846,2010730,15
31847,2563382,15
31848,1073137,15
31850,2813501,15
31851,1625763,20
31853,3327394,15
31859,1085399,15
31861,715803,15
31862,2548061,15
31863,2707761,15
31865,1130967,15
31866,2855915,15
31867,734017,15
31868,2710332,15
31869,389951,15
31870,376896,15
31871,2651355,15
31873,1153238,15
31876,1640888,15
31877,276978,15
31878,1913787,15
31879,1389554,15
31882,2486692,15
31883,2404263,15
31885,1924347,15
31886,386390,15
31887,2070635,15
31888,593120,15
31889,1166481,15
31890,570394,15
31891,854571,15
31895,3065154,15
31897,715608,15
31898,2500739,15
31899,458509,15
31900,929447,20
31901,1630914,15
31902,1024723,15
31903,3343236,20
31904,1485586,15
31905,1852938,15
31907,1506309,15
31908,1266100,15
31911,3092021,15
31913,2416215,15
31915,307284,15
31916,484358,15
31917,1243983,15
31918,1787720,15
31919,2617566,15
31921,2197316,20
31923,3383418,15
31929,55016,15
31931,16153,15
31934,2549629,15
31935,715405,15
31940,1102548,15
31941,1585341,15
31943,1724881,15
31945,3226564,15
31946,844493,20
31948,2538873,20
31949,2563465,15
31950,754138,15
31952,2568502,15
31954,1544162,15
31955,1361469,15
31956,2424405,15
31958,3003911,20
31959,790663,15
31962,3096689,15
31963,2809461,15
31964,1735597,15
31965,257196,15
31966,941191,15
31967,3122603,20
31968,476580,15
31969,719202,15
31970,3002329,15
31974,3205952,20
31975,2327753,15
31976,1539903,15
31977,2782157,15
31978,1539833,15
31979,2875326,15
31982,3219935,15
31983,464898,15
31985,247308,15
31987,342766,15
31988,320113,15
31991,2700472,15
31992,1337218,20
31993,2742353,20
31994,1188651,15
31995,1269633,15
31997,2628702,15
31998,2581911,15
31999,3161935,15
32000,144670,15
32003,2303541,15
32005,2047877,15
32006,2497533,15
32007,1869442,15
32008,2450920,15
32009,2090502,15
32010,596906,15
32013,347773,20
32014,1948563,15
32015,2027663,15
32017,648232,15
32019,1598016,15
32021,999985,20
32022,716114,15
32023,2068346,20
32024,2894348,15
32026,136161,20
32027,3351871,15
32028,1856286,15
32029,2200302,15
32031,2178741,15
32032,3262377,15
32033,2806345,15
32034,2223172,15
32035,649899,15
32037,2909848,15
32039,117492,20
32041,2478605,15
32043,168566,15
32044,379052,15
32045,2234714,15
32046,1429461,15
32048,2084121,15
32049,2901124,15
32053,1721178,15
32055,3005594,15
32057,1154446,15
32058,2866611,20
32060,951353,15
32061,2071180,15
32064,2113430,15
32065,2040358,15
32067,1513334,20
32069,7657,15
32070,2151253,20
32071,2946863,15
32073,2006168,15
32074,2018548,20
32076,2888395,15
32077,1801524,15
32078,2585124,15
32083,3399839,15
32084,3335278,15
32086,1702615,15
32089,3302011,15
32090,1109582,15
32092,2704479,15
32093,438143,15
32094,1537313,15
32095,1877855,15
32097,1878388,20
32099,1629423,15
32100,1112593,15
32101,1779598,15
32103,3385939,15
32104,3317649,20
32105,2757986,15
32108,2151048,15
32109,2117747,15
32111,1161224,15
32112,914392,15
32113,1836825,15
32114,780992,15
32117,17205,15
32118,3392102,15
32120,262287,15
32121,1236462,15
32122,341998,15
32124,3037655,20
32125,2385869,20
32126,2281828,15
32128,1747669,15
32130,2088399,15
32131,1691006,15
32133,520162,15
32134,3020848,15
32137,629127,15
32138,1914753,15
32140,689375,15
32141,2842438,15
32143,1366668,20
32144,1055300,15
32146,3017626,15
32147,2026575,15
32148,1678300,20
32149,961779,15
32150,2599674,15
32153,1285444,15
32154,2398995,15
32155,1207185,15
32156,954403,15
32157,292709,15
32158,981470,15
32159,1490594,15
32160,2029247,15
32161,2922477,15
32162,2824580,15
32163,1897283,15
32168,2220880,15
32171,2121485,20
32172,2665090,15
32174,1581149,15
32176,566326,15
32177,1295366,15
32179,3059046,15
32180,3120349,20
32182,2167334,15
32183,2426490,15
32186,2256143,15
32187,2562595,20
32188,1822597,15
32191,2692950,15
32193,2930133,15
32195,2161666,15
32196,1773131,15
32197,3067183,20
32200,1694721,15
32201,2571847,15
32202,2652494,15
32204,3324414,15
32205,3318240,15
32207,773281,20
32209,972898,15
32210,3288379,15
32211,1302860,15
32213,2768561,15
32217,914708,15
32218,1724767,15
32219,3358728,15
32220,2309773,15
32222,138685,15
32224,2470058,15
32225,3127300,15
32226,2369443,20
32227,2450230,15
32228,1847791,15
32229,1245647,15
32231,3389609,15
32237,701868,15
32238,1515915,15
32240,1049434,15
32241,983653,15
32242,2116306,15
32243,2617781,15
32247,2827809,20
32248,1670914,15
32249,2462426,15
32250,2622620,15
32251,695035,20
32253,3148389,15
32254,3411862,15
32255,2117094,15
32256,1642430,15
32258,124394,15
32259,3076838,15
32263,2809104,15
32265,1672368,20
32268,1833762,15
32269,1601796,20
32270,2232407,20
32271,1169065,15
32272,1218096,15
32273,2443157,20
32274,1178150,15
32275,2331192,15
32277,465725,15
32279,1242984,20
32283,2115169,15
32286,1606202,15
32287,849865,20
32290,27499,15
32294,2514150,15
32295,587443,15
32296,1398786,15
32298,1325508,15
32301,2320032,15
32302,2669161,15
32303,2630912,15
32304,2992102,15
32305,950256,15
32306,1497697,15
32307,3322089,15
32308,1390027,15
32309,1413580,15
32310,929940,15
32312,591257,20
32313,1912348,15
32314,3019347,15
32315,2760366,15
32316,668244,15
32319,3062449,15
32320,1288730,15
32321,1241510,15
32322,2742680,15
32323,1667170,15
32324,1039313,15
32327,2865963,15
32328,1294786,15
32329,1943509,15
32330,378925,15
32333,1575746,15
32334,2295389,15
32335,1424461,15
32336,2803523,20
32337,140747,15
32338,2821679,15
32339,2415189,15
32340,1104872,15
32341,3135677,15
32342,1707537,15
32343,1409309,15
32344,3247688,15
32345,2071363,15
32346,2858539,15
32349,1905159,20
32350,3355042,15
32359,1852491,20
32362,1659497,15
32363,1876512,15
32364,3167396,15
32367,1409378,15
32369,1826419,15
32371,512205,20
32372,3229886,15
32373,2400820,15
32374,2581707,15
32375,1981684,20
32376,3106416,15
32377,3271241,15
32378,2301223,15
32381,1259537,15
32382,1003915,15
32384,1009640,15
32386,1093366,15
32387,963549,15
32389,2679990,15
32393,1880578,15
32395,3160700,15
32396,3349241,15
32398,1740973,15
32400,3356865,20
32402,3016899,15
32403,1185904,20
32404,2888552,15
32406,1596888,15
32407,3382739,15
32408,3365563,15
32411,1154586,15
32413,354259,20
32417,1477505,15
32418,3019336,15
32419,2413388,15
32420,1499780,15
32421,1533185,15
32422,1442777,15
32425,1008413,15
32426,436367,15
32427,745037,15
32429,2850019,15
32430,327814,15
32432,708462,15
32435,1613172,20
32436,3062488,20
32437,859657,15
32438,784540,15
32439,289252,20
32444,1076301,15
32445,1576258,15
32446,1872857,20
32447,628947,15
32448,2838740,15
32449,765104,20
32453,2079786,15
32454,226187,15
32456,2508451,20
32458,399076,15
32460,2759970,15
32461,3112292,20
32462,1353448,20
32464,1745179,15
32465,1174971,15
32467,2364893,15
32468,1676856,15
32469,2754826,15
32470,1648866,15
32471,2674380,15
32472,1257106,20
32474,619207,15
32476,1575541,15
32477,1793498,15
32478,251245,15
32480,1835629,15
32483,2931302,15
32487,621995,15
32488,1357382,15
32490,964123,15
32493,687713,15
32495,3394858,15
32496,2485148,15
32500,2458495,20
32503,3377703,20
32504,1217600,15
32510,2943756,15
32511,2827950,15
32512,1246096,15
32513,555552,15
32515,226412,20
32516,2308307,15
32517,3033229,15
32519,3266409,15
32521,132393,15
32522,266206,15
32525,490362,15
32526,1907342,15
32527,20079,15
32528,1587623,15
32529,1505292,15
32533,1346174,15
32534,2674664,15
32536,1572338,15
32537,2580355,15
32538,1431666,15
32540,140696,15
32541,2165697,20
32543,2451256,15
32544,682024,15
32545,1400786,15
32546,384339,20
32548,1925947,15
32549,1765766,20
32551,1407857,15
32552,1224652,15
32553,2641587,15
32555,3366069,20
32556,2315178,15
32557,1999756,15
32558,3278168,15
32561,2436691,20
32565,1778045,15
32567,1198524,15
32568,504923,15
32570,758171,20
32571,2159486,15
32573,5734,15
32576,1952027,15
32577,1061120,15
32578,2049760,20
32579,1751555,15
32580,1079486,15
32581,562432,15
32582,1249399,15
32583,215003,20
32585,2267167,15
32586,1616834,15
32587,234520,15
32588,250549,15
32590,2459810,20
32591,3200300,15
32592,1926553,15
32593,792722,15
32594,2945449,15
32595,2317221,15
32599,3020880,15
32601,2232033,15
32604,2596566,20
32605,1004651,20
32607,3110452,15
32608,3120431,15
32609,1334431,15
32612,465780,15
32614,1541234,15
32615,480765,20
32616,1813084,15
32617,2745726,15
32618,1026511,20
32619,254890,20
32620,2925453,15
32622,3270819,15
32623,1490343,15
32627,2306425,20
32633,2795143,15
32635,2617966,15
32637,2171121,15
32639,623054,15
32641,3083252,15
32645,3381234,15
32649,1553591,15
32652,2309512,15
32654,287789,15
32657,3003879,15
32658,2097863,15
32659,175356,15
32660,2669090,15
32663,2147914,15
32664,3082346,15
32665,2613434,15
32668,2774552,15
32669,92251,15
32670,47805,15
32671,896854,15
32672,3380131,15
32673,1690693,15
32675,574798,15
32677,2255412,15
32679,3304187,15
32680,1880676,15
32681,1370606,15
32682,1681113,15
32684,384935,15
32686,451671,15
32688,3317235,15
32689,192435,15
32690,3219532,15
32691,922297,15
32692,1318853,15
32694,558115,15
32695,1230760,20
32696,2857069,15
32697,2140800,20
32698,885429,20
32699,952808,15
32701,579560,15
32702,2647777,15
32703,2658106,15
32704,619938,15
32705,2351340,20
32706,2737791,15
32709,2031294,15
32710,2916591,15
32711,2419431,15
32712,39573,20
32713,1961835,15
32714,3181268,15
32715,2414484,20
32716,3145905,15
32717,2876920,15
32718,356353,15
32720,2787995,15
32722,496717,15
32724,529556,15
32725,419364,15
32726,3414341,15
32728,2805436,15
32729,1868229,15
32730,2917198,15
32731,2999524,15
32732,1804168,15
32734,2040950,15
32735,2070715,15
32738,280511,15
32739,2149726,15
32740,85408,15
32742,2659313,15
32743,753705,15
32744,2199298,15
32745,2229351,15
32747,1906227,15
32748,2575602,15
32749,157231,15
32750,2119274,20
32751,374886,15
32752,2814199,15
32753,2390324,20
32754,2553438,15
32756,1874211,15
32758,3410788,15
32759,3049124,15
32761,2876298,15
32762,1677769,15
32764,3202885,15
32765,736382,15
32766,798450,15
32770,195018,15
32771,2629106,15
32775,1005652,15
32776,1827520,15
32780,1512137,15
32781,1260728,15
32782,3408567,20
32784,2986082,15
32785,2795935,20
32786,2214395,15
32787,729906,15
32789,3368,15
32791,1268997,15
32795,3164734,15
32796,1313600,15
32797,768402,15
32798,970577,15
32800,1762979,15
32801,1817187,15
32802,3391949,15
32803,1322982,15
32805,205662,15
32806,1324782,20
32808,3404091,15
32809,699638,15
32810,2098547,15
32811,327114,15
32813,919885,15
32814,277731,20
32815,564148,15
32817,779397,15
32818,1578433,15
32823,1826175,15
32824,2522420,15
32827,2645054,15
32828,685354,15
32829,1763390,20
32830,1328446,15
32831,1937839,15
32832,1291584,15
32834,3212735,20
32835,3119593,15
32837,996952,15
32839,2219219,15
32841,3000151,15
32848,2783516,15
32849,2182925,15
32850,1289722,15
32851,1915825,15
32852,2929645,15
32854,3400017,15
32855,1100380,15
32856,2662078,15
32857,89059,15
32858,2494326,15
32859,1067683,15
32860,864383,15
32862,2896656,15
32864,399253,15
32865,2823198,15
32866,1920709,15
32867,2401074,15
32868,420622,15
32870,427594,15
32871,1475243,15
32873,537570,15
32877,2675294,15
32878,1671023,15
32879,2512643,15
32880,1599779,15
32881,3188595,15
32883,1449150,15
32884,1245900,15
32886,1189620,15
32887,1739001,20
32888,1634987,15
32892,3396215,15
32893,621125,15
32895,346362,15
32896,151260,20
32899,834054,15
32900,2271780,20
32901,1949309,20
32902,912552,15
32903,2249593,15
32905,167160,15
32909,649076,15
32916,1490565,15
32917,3375060,15
32918,3065683,15
32919,1895100,15
32921,1282002,20
32923,2608948,15
32925,430226,15
32927,2878929,15
32929,2166566,15
32930,1585354,20
32931,650605,15
32933,2699102,15
32934,571826,15
32935,2901654,15
32936,273046,15
32937,1764414,15
32938,1105605,15
32940,1081671,15
32941,2620196,15
32942,3266980,15
32943,50499,15
32944,1672847,15
32946,1341261,15
32948,2378801,15
32950,3103414,15
32951,499445,15
32952,52000,20
32954,388666,15
32955,2777056,15
32956,24239,15
32957,1983822,15
32958,949770,15
32959,1292214,15
32960,3251708,15
32962,2584881,15
32963,1574918,15
32964,701017,15
32965,1302347,15
32966,1827758,15
32968,2934971,15
32969,1573907,15
32971,726850,20
32976,2628078,15
32980,162091,15
32984,1844042,15
32985,3122129,15
32986,2313657,15
32987,1711546,20
32989,978487,15
32992,994103,20
32994,1806163,15
32995,913565,15
32996,2601390,15
32998,785355,15
33000,72280,15
33001,3222527,15
33004,1252241,15
33005,3382351,15
33006,1328185,15
33007,1148141,15
33008,865850,15
33010,1539901,15
33011,2268852,15
33014,1143235,15
33016,1152383,15
33017,2634187,15
33018,2894756,15
33019,2098212,15
33022,431843,15
33024,1690274,15
33027,865631,20
33028,2285418,15
33029,2534345,15
33030,2964218,15
33031,1339259,15
33032,2817538,15
33033,665531,15
33035,2788420,15
33036,1273117,15
33037,1051004,15
33039,1629113,15
33040,1386064,15
33041,787621,15
33042,2076304,15
33043,547998,15
33047,2434559,15
33048,2078012,15
33050,2368767,15
33051,1430806,15
33052,528612,15
33053,1443167,15
33054,2825748,15
33056,1414989,15
33057,163690,20
33058,2507742,15
33063,2313471,15
33065,2191198,20
33066,869557,15
33067,848981,20
33068,2134443,15
33070,3105930,15
33072,2933160,15
33073,802311,15
33074,3235961,15
33075,665842,15
33078,1435116,15
33079,3196385,15
33080,168322,15
33081,595630,20
33082,2112530,15
33084,2799516,15
33085,2755867,15
33089,3019833,15
33093,1110693,15
33094,3333096,15
33095,3198317,15
33098,3009415,20
33099,2726062,15
33102,554231,15
33103,2016920,15
33105,671181,15
33106,3217874,20
33107,1771257,15
33108,1124374,15
33109,2629506,15
33110,2796911,20
33114,3292703,15
33116,1968123,15
33117,2130286,15
33120,390369,15
33121,1852598,15
33122,1931085,15
33124,1433256,15
33126,3385887,15
33127,203324,15
33129,2176715,15
33130,705431,15
33131,1963332,15
33132,3354557,15
33135,2208126,15
33136,103577,15
33140,2564650,15
33141,2828560,15
33142,1865847,15
33143,1043045,15
33144,370605,15
33145,1694294,15
33146,699493,20
33147,2706723,15
33149,3052272,15
33150,3000592,20
33152,112953,15
33153,2453896,20
33154,896228,15
33155,1549605,15
33159,2793642,15
33165,2996917,15
33167,1957023,15
33168,2861749,15
33171,2039529,15
33173,972734,15
33174,1414864,15
33175,1109871,15
33176,3408801,15
33177,2239127,15
33178,2055639,15
33179,1308869,15
33180,2207478,15
33181,2078368,15
33182,979763,15
33183,2830820,15
33184,2103962,15
33185,1133247,15
33187,2093204,15
33188,1037574,15
33189,2997876,15
33190,1814486,15
33191,607709,15
33192,1881026,15
33193,1701229,15
33194,1562243,15
33195,1063340,15
33196,3339972,15
33197,2996179,15
33199,2690428,15
33200,2476996,15
33201,2232048,20
33202,888702,15
33203,546627,15
33205,2233635,15
33206,1212936,15
33207,2813840,15
33210,3294357,15
33211,1986259,15
33213,2598894,15
33214,249421,15
33216,2845493,15
33217,741119,15
33221,181860,15
33222,2273920,15
33223,2679698,15
33225,3382667,15
33226,3045255,15
33227,416124,15
33228,2744156,15
33229,748098,15
33230,534435,15
33231,504669,15
33232,2896021,15
33234,660896,15
33237,1819566,15
33238,287478,15
33239,1332449,15
33241,3131296,20
33243,1595512,15
33244,1718551,15
33245,2681224,15
33246,1050290,15
33247,264887,15
33248,1909779,15
33249,2879163,15
33250,1439998,15
33252,1739333,15
33253,1863709,15
33255,1424821,15
33256,1367226,15
33257,2289936,15
33258,1250430,15
33260,299112,15
33261,1813286,15
33263,637781,20
33267,2689625,15
33268,3399984,15
33271,100302,15
33272,1735672,15
33273,1235715,15
33274,2044231,15
33275,862809,15
33276,3113703,15
33277,3323238,20
33278,2814156,15
33279,2109994,20
33280,1624711,15
33281,2868256,15
33282,521230,15
33284,3061268,15
33285,640236,15
33286,803168,15
33288,2592538,15
33289,3147937,15
33290,765295,15
33294,1490302,15
33296,2144953,15
33298,1802738,15
33299,3105397,20
33303,78292,15
33304,1317878,15
33305,423176,15
33306,1238958,15
33307,3306985,15
33308,3303608,15
33309,493274,15
33310,1349743,15
33311,2552998,20
33312,594607,15
33313,1042922,15
33314,3102414,15
33315,735764,15
33316,2657509,15
33317,2376926,20
33320,207832,15
33321,1699600,15
33322,3215887,15
33323,1437225,15
33324,2242794,15
33326,389648,15
33327,2858756,15
33328,789239,20
33330,1472895,15
33333,3345533,15
33334,2462551,15
33335,115621,15
33337,174339,15
33338,3121562,15
33339,1472857,15
33340,1259650,20
33341,112506,15
33342,2678748,20
33344,3165924,15
33345,876505,15
33347,2662700,15
33349,1922129,15
33350,3398393,15
33352,366710,15
33353,775120,20
33354,3095306,15
33355,1585782,15
33356,1288269,20
33357,1996645,15
33361,1988467,15
33363,2883326,15
33364,3177229,15
33365,3387828,20
33366,1039109,15
33368,100718,15
33369,294679,15
33370,2950865,15
33374,2121869,15
33375,2926015,20
33377,3262205,15
33378,1292727,15
33380,2195745,20
33381,1277222,15
33382,3170319,15
33383,325172,20
33384,1758449,15
33385,149773,15
33387,2255685,15
33390,1760017,15
33394,208193,15
33395,2117455,15
33396,131581,15
33398,544422,15
33400,1861501,20
33401,1649301,15
33405,811992,15
33406,3294920,15
33407,2000981,15
33408,2756296,15
33409,2091690,15
33410,357654,15
33413,1548155,15
33414,2906479,15
33415,2030595,15
33417,2211436,15
33418,337541,15
33419,1899753,20
33420,1520312,15
33422,2975164,15
33425,756637,20
33426,1043987,15
33427,1481628,15
33429,127417,15
33430,2276850,15
33431,2227919,15
33432,657595,15
33435,2790323,15
33436,3377471,15
33437,2838099,15
33439,544315,20
33446,2660368,15
33448,2393139,15
33451,2904974,15
33452,1493911,15
33453,936296,15
33454,742882,15
33455,2000294,20
33459,3124980,15
33460,1087164,15
33461,917843,20
33463,3086371,15
33465,1376096,15
33466,1324651,15
33467,1461694,15
33468,122265,15
33469,2045711,15
33470,1553557,15
33471,640491,15
33477,3322789,15
33480,2086499,15
33481,2671173,20
33483,1598670,15
33484,2854618,20
33485,2933909,15
33486,2896359,15
33487,2490081,20
33489,3152325,15
33490,1795093,15
33492,2269980,15
33494,1850617,15
33496,2060092,15
33497,1273247,15
33498,931075,15
33499,1296005,15
33500,21957,15
33501,926640,20
33505,2018322,15
33506,749553,15
33507,2657121,15
33509,1795702,15
33512,2251881,15
33513,3058273,15
33516,981389,15
33518,2180050,15
33522,264782,15
33524,1766346,15
33525,3360503,20
33527,559105,15
33530,2226098,15
33532,401074,15
33533,325217,15
33534,1789341,15
33536,2800125,15
33537,532033,15
33538,579093,15
33539,3107539,15
33541,279826,15
33543,2544852,15
33544,2228721,15
33545,1946411,15
33546,1746427,20
33548,932291,15
33551,3193855,15
33553,1374328,15
33555,3145111,20
33556,3158858,15
33560,1414389,15
33561,815849,15
33563,1940656,15
33566,3329118,15
33568,2366955,15
33569,306367,15
33570,638371,15
33571,1760623,20
33572,1761579,15
33573,137998,15
33574,431927,15
33579,3392945,15
33581,1560222,15
33582,673256,15
33584,3244003,15
33585,588845,15
33586,3352553,15
33587,2215602,20
33588,2477419,15
33591,1661217,15
33592,500705,15
33593,891917,15
33594,1437541,20
33595,330029,15
33596,1081770,15
33597,1019903,15
33598,2756754,15
33599,1178928,15
33602,653697,15
33603,2770671,15
33608,2561047,15
33611,259393,15
33612,2438245,15
33613,1879627,20
33614,1566229,15
33616,3091225,15
33617,2415544,15
33618,3396656,15
33619,2496131,20
33620,2564597,15
33622,990554,15
33623,2758739,15
33625,3243047,15
33626,2056090,15
33628,333559,20
33629,2795430,15
33631,1271598,15
33632,334028,15
33635,654163,15
33637,745919,15
33638,316115,15
33639,1106508,15
33640,703546,15
33645,3401572,15
33646,129433,15
33647,523228,15
33648,1182844,15
33649,1505128,15
33650,2078094,15
33657,954631,20
33658,3096455,15
33659,2192998,15
33660,3149728,15
33662,615880,15
33663,3010913,15
33664,3301453,15
33665,3032893,15
33666,2251479,15
33667,1745999,15
33668,1237189,20
33669,572228,15
33673,2938196,15
33675,902839,15
33676,56187,15
33677,3285069,15
33679,258585,15
33680,1639037,15
33682,1421885,15
33684,3392845,15
33686,2218353,15
33687,733155,15
33688,1001169,15
33689,304629,20
33691,2991715,20
33693,2715414,15
33696,1442768,15
33699,2786110,15
33701,789281,20
33702,1950713,15
33703,453914,15
33704,2974539,15
33705,1154899,15
33706,2762247,15
33707,1778148,15
33708,666016,15
33709,363343,15
33710,749957,15
33712,2573156,20
33714,2577005,15
33715,2148271,15
33716,14054,15
33717,2772886,15
33718,920098,15
33721,1666505,15
33722,3043963,15
33723,292190,15
33725,1802945,15
33727,2226150,20
33729,2995065,15
33730,690697,15
33731,854756,15
33732,811111,15
33734,2060787,15
33735,461413,15
33736,3336615,15
33737,3022425,15
33738,3378307,15
33739,55478,15
33740,4111,15
33742,3112969,15
33744,1530628,15
33745,2327879,15
33746,19211,15
33748,1923457,15
33749,732840,15
33751,1805176,15
33752,904023,15
33754,2597674,20
33756,1665250,15
33757,195989,15
33758,3205492,15
33759,1633302,15
33763,2588191,15
33764,3063643,15
33765,848129,15
33766,3011077,15
33767,1212717,15
33768,2643629,15
33769,2797944,15
33770,2704712,15
33773,1849737,15
33774,876304,15
33776,2707822,15
33779,1943845,15
33780,783308,15
33781,1334784,15
33782,1543589,15
33784,2240251,15
33788,1531853,15
33789,1693348,15
33791,837591,15
33793,618986,15
33794,2908402,15
33796,1141283,15
33797,830028,15
33798,893658,15
33799,1030436,15
33801,928682,15
33802,2116581,15
33803,3267319,20
33804,1724495,20
33805,2343895,15
33806,1686763,15
33807,785265,15
33809,3406399,15
33810,23777,15
33811,714237,15
33812,1428674,15
33814,286887,15
33815,924407,15
33816,484760,20
33817,1129169,15
33821,793717,15
33822,304316,15
33824,783891,15
33825,2085996,15
33828,789619,15
33830,1803132,15
33832,366293,15
33833,2558254,20
33836,2453630,15
33838,1167287,15
33840,620489,15
33842,19794,15
33844,2728698,15
33846,563556,20
33847,1748541,15
33848,2016150,20
33849,442359,15
33850,2519454,15
33852,2527591,15
33853,2951912,15
33854,70020,20
33857,2584954,20
33858,1988541,15
33860,614669,15
33862,1143854,15
33864,2485727,15
33865,2838835,15
33867,801474,15
33868,2643487,20
33869,2344290,20
33874,291450,15
33876,2733357,15
33877,343257,15
33878,2021391,15
33879,768238,15
33880,3037617,15
33882,3256669,15
33883,674178,15
33884,109149,15
33886,1276082,15
33888,1155925,15
33889,530936,15
33890,2666573,15
33891,865719,15
33894,779633,20
33897,3005515,15
33899,2973471,15
33900,893109,15
33901,2997164,15
33902,1378912,15
33903,855381,15
33904,3308572,15
33905,742674,15
33907,2492122,15
33908,901484,15
33910,2949215,15
33911,1056669,15
33912,934353,15
33913,2615224,15
33919,279392,20
33920,889854,15
33921,3074472,15
33923,12887,20
33924,327025,15
33926,3036616,15
33928,330821,15
33929,1744776,15
33930,2601079,15
33931,2148500,20
33932,2544824,15
33933,3278302,15
33934,3308183,15
33935,1398794,15
33937,1094302,15
33938,2867786,15
33940,2333841,15
33942,730081,15
33943,940076,20
33945,966700,20
33946,596942,15
33950,2146845,15
33951,1669760,15
33952,3161238,15
33954,1872632,15
33955,2472459,15
33956,1085718,15
33957,786495,20
33958,1615737,20
33959,1404848,15
33961,1769894,15
33962,2584310,15
33965,53904,15
33966,1935109,15
33967,2580359,15
33969,628228,15
33970,3168950,15
33971,2412704,15
33973,3084107,15
33974,1932393,15
33975,2337903,15
33977,521642,15
33980,717765,15
33982,240878,15
33983,2752134,15
33984,2655428,15
33985,2642929,15
33987,2663630,15
33988,3317159,15
33990,2737593,15
33991,651400,15
33994,1064520,15
33995,1180462,15
33997,758796,15
33998,2250395,15
33999,2917865,15
34001,853190,15
34002,3232108,15
34003,3309256,15
34004,2859905,15
34005,2468993,15
34006,3001496,20
34007,761571,15
34008,2015201,20
34009,16530,15
34010,1754461,15
34011,1516782,15
34012,874044,15
34013,392233,15
34014,2236638,15
34015,1036190,15
34016,3231703,15
34017,946171,15
34018,1044030,15
34019,986800,15
34020,1077077,15
34021,2989629,15
34023,60176,15
34024,563480,15
34026,71603,15
34027,726342,15
34029,722320,15
34030,656999,15
34031,3060191,15
34033,3329848,15
34035,1093654,15
34038,185143,15
34040,1968850,15
34041,390581,15
34042,2795705,15
34045,2430871,15
34047,1810612,15
34049,672292,15
34051,2703125,15
34052,115532,20
34053,2082218,15
34054,2855016,15
34055,1576529,15
34056,809764,15
34058,3402968,15
34059,2560818,15
34060,227197,15
34061,664297,15
34063,1451550,15
34069,3175783,15
34070,71389,15
34072,1746681,15
34076,2244102,15
34077,2463254,20
34078,1699995,15
34079,1691831,15
34080,2735876,15
34084,3123423,15
34086,285454,15
34087,2356508,15
34088,2937147,15
34089,582526,15
34091,221475,15
34092,3109865,15
34095,2307406,15
34096,495591,15
34102,1668085,15
34103,634480,15
34104,1728148,20
34105,1247918,15
34106,1688172,15
34107,1672347,20
34108,2046548,20
34110,191912,15
34111,653181,15
34112,1223864,15
34113,1050843,15
34114,1518576,15
34115,1730441,15
34117,1922573,15
34118,3118386,15
34119,3021673,15
34120,1400562,15
34122,323934,20
34123,413770,15
34124,2229160,15
34125,618916,15
34126,894729,15
34129,1891084,15
34130,3293456,15
34131,1861327,15
34132,1065959,15
34134,641583,15
34135,413573,15
34136,464645,20
34137,3316269,15
34139,319547,20
34140,1820140,15
34141,2758758,15
34142,355551,15
34143,2142432,15
34144,367823,15
34145,469773,15
34146,2759439,15
34148,1812629,15
34152,2669339,20
34153,1336288,20
34154,203576,15
34155,3035258,15
34157,1010964,20
34158,1233429,15
34160,2295359,20
34165,617986,15
34166,2206974,15
34168,2841390,15
34169,1040182,15
34170,1260410,15
34171,2809013,15
34173,344287,15
34174,7697,15
34176,950335,20
34179,2489966,15
34180,957222,15
34182,2194161,15
34184,2319422,15
34185,2524183,15
34186,2733788,15
34187,2699027,20
34189,46681,15
34190,2278445,15
34191,1175886,20
34192,527035,20
34193,2617273,15
34194,2824416,15
34195,2406950,15
34196,1599568,15
34200,2842908,15
34202,2794531,20
34203,973768,15
34206,710609,15
34208,1905070,15
34209,1061584,15
34210,2547009,15
34211,2464900,15
34212,2537796,15
34213,1906475,15
34214,580747,20
34218,269699,15
34221,1139,20
34224,1694840,15
34227,2804151,15
34228,397806,15
34230,2015432,15
34232,1743293,20
34233,2278757,15
34234,1081137,15
34236,1034634,15
34238,1029323,15
34239,2477740,15
34240,1135153,20
34241,2855512,15
34243,31788,15
34244,2668046,15
34246,2403325,15
34247,1206968,15
34248,1955010,15
34250,822673,15
34251,735601,15
34252,820751,15
34254,2877751,15
34256,2963473,15
34257,1945485,20
34258,1071444,20
34259,2978029,15
34260,2048300,15
34264,3367727,15
34267,2294286,15
34268,2864979,20
34269,3149683,15
34271,56751,15
34273,2513825,15
34274,3271095,15
34276,1981880,15
34281,3308165,15
34282,541969,15
34284,1876422,15
34285,2318,15
34291,1889316,15
34294,790840,15
34296,1869851,15
34297,47145,15
34298,933230,15
34299,1652146,15
34300,3218271,15
34303,2905646,15
34306,318524,15
34307,1657100,15
34308,3261582,15
34310,803233,15
34311,1214451,15
34312,2884053,15
34314,60886,15
34315,2460363,15
34316,2926392,15
34320,1017947,15
34322,871412,15
34325,1444024,15
34326,510673,15
34329,651685,20
34330,349936,15
34333,400091,15
34334,743859,15
34337,1003713,15
34338,2233116,15
34339,1073368,15
34341,2433911,15
34344,434648,15
34346,1146327,15
34351,374537,15
34352,1864226,15
34353,614490,15
34354,2922986,15
34355,2812125,20
34356,2286606,15
34357,569667,20
34358,2198505,15
34359,934569,15
34360,3324483,15
34361,1409256,15
34362,2682378,15
34363,554646,15
34365,2769820,15
34369,2924085,15
34370,503651,15
34371,626111,15
34372,743207,15
34373,744107,15
34374,2924542,15
34375,1425405,15
34379,409723,15
34380,1428114,20
34381,16182,15
34383,1834989,15
34384,1322355,15
34385,1586283,20
34387,60463,15
34391,1846501,15
34392,137610,15
34394,529099,15
34395,2340860,15
34396,3382900,15
34397,2851727,15
34400,692559,15
34401,1203312,20
34402,682358,15
34403,341456,15
34405,640862,20
34406,1356143,15
34407,2148873,20
34408,2067326,15
34411,320636,15
34413,1198661,15
34417,1064170,15
34418,2198516,15
34419,776697,15
34421,179974,20
34422,3109582,15
34423,687201,20
34425,2339492,15
34427,3201211,15
34429,1856897,20
34430,556742,15
34434,2388434,20
34437,2283543,15
34439,870897,15
34440,2344030,15
34441,675362,15
34442,2110855,20
34443,2005393,15
34444,1798714,15
34445,10507,15
34446,710788,15
34451,1912068,15
34455,595208,15
34456,2578431,20
34457,1522209,15
34459,3081673,15
34460,1182550,15
34461,3192765,20
34463,2975735,15
34464,56150,15
34468,2530281,15
34469,1923506,15
34470,3196669,15
34478,3044840,15
34479,1377114,15
34483,385889,15
34485,1018151,15
34486,665086,15
34487,3117980,15
34488,2918981,15
34489,1901652,20
34490,2863016,15
34491,1250011,15
34492,624703,15
34494,2779818,15
34496,1374186,15
34499,2858172,15
34500,947702,15
34502,343090,20
34503,3392208,15
34504,1066574,15
34505,1424346,20
34506,2204245,15
34507,1987202,15
34509,2543751,20
34511,1913879,15
34512,708181,15
34513,1529821,15
34514,3042572,20
34519,1713596,20
34521,263558,15
34523,3271060,20
34524,2907576,15
34525,3368722,20
34526,2987299,20
34528,1409688,20
34531,3296155,20
34532,2567955,15
34535,2609548,15
34537,2229756,15
34539,2675523,20
34540,705169,15
34542,3294539,15
34543,3114303,15
34544,2232499,20
34545,2487808,15
34546,1587386,15
34547,1980862,15
34548,2240071,15
34549,1207433,15
34550,1030002,20
34551,2322539,15
34552,164228,15
34555,2241692,20
34556,720311,15
34557,959589,15
34558,2402484,20
34559,2316168,15
34561,3006133,15
34562,581463,20
34563,130019,15
34565,938738,20
34566,510677,15
34567,361165,15
34569,1086159,15
34570,3182969,15
34571,2961422,15
34572,2932194,15
34574,1164059,15
34576,1140785,15
34578,3173634,15
34579,325644,15
34580,641477,15
34582,992477,15
34584,1596208,15
34587,714531,20
34588,1002581,15
34589,2575533,15
34590,1342078,15
34591,1834076,15
34592,1877191,15
34593,2594078,15
34594,647292,20
34596,3223929,15
34597,2659915,15
34598,26394,20
34601,3043077,15
34602,166867,15
34604,1668528,15
34605,508949,15
34607,1597414,15
34608,284917,15
34610,2699508,15
34613,2337389,15
34614,601106,15
34617,3328970,15
34618,718339,15
34619,892175,15
34621,2380979,15
34623,2603513,15
34625,545424,15
34626,1899326,15
34627,586367,15
34628,394458,15
34629,1904911,15
34630,262719,20
34632,961758,15
34633,1198803,15
34634,3184117,20
34635,2004028,15
34639,2817302,20
34640,1858865,15
34641,2141518,15
34643,2058489,15
34645,3383959,15
34647,2668283,15
34649,259200,20
34650,3419634,15
34651,320677,15
34652,277836,15
34653,2704392,15
34654,98512,15
34658,1680442,15
34660,106042,15
34661,2404638,15
34662,1058997,20
34666,49118,15
34667,2590395,15
34669,3368452,15
34670,84021,15
34671,498341,15
34672,3387643,15
34673,3259092,15
34675,1927908,15
34676,2838754,15
34677,1734447,15
34678,2909691,15
34679,2274990,15
34680,2384127,15
34682,2279669,15
34683,2820902,15
34684,947259,15
34685,2551798,15
34687,256032,15
34690,2597151,15
34693,987814,15
34694,2930381,15
34695,1074853,15
34696,1488365,20
34698,1256686,15
34700,2091915,15
34701,405147,15
34703,2419394,20
34704,616432,15
34706,2668047,15
34708,2464987,15
34709,2673723,15
34711,2817903,15
34714,769952,15
34715,344061,20
34719,908008,15
34721,675720,15
34722,1505256,15
34723,646056,15
34724,2039312,20
34725,453666,15
34726,1447439,15
34727,1351315,15
34728,80163,15
34729,473594,15
34730,1402008,15
34732,2838110,15
34733,1457649,15
34735,9734,15
34736,449054,15
34739,2153559,15
34741,2710268,15
34742,2186869,15
34744,2106736,15
34746,2004301,15
34747,1821834,15
34748,2142420,15
34750,1305835,15
34753,1056413,15
34755,1128831,15
34756,996942,20
34757,95650,20
34758,545862,15
34760,133285,15
34761,837753,15
34762,1062240,15
34763,347933,15
34764,2998870,15
34767,1113730,15
34768,733949,15
34770,2883965,15
34775,330345,20
34776,302782,15
34778,1343290,15
34779,1346718,15
34780,1189708,15
34781,2012840,15
34782,343578,15
34783,3237144,15
34784,507646,15
34785,2048884,15
34786,1912695,15
34787,32146,15
34789,1833579,15
34790,295135,15
34795,449836,15
34796,1658788,15
34798,2719790,20
34800,1573551,15
34801,3283467,20
34803,2249558,15
34804,1456524,15
34811,2703589,15
34812,1640769,15
34815,227074,15
34817,1910001,15
34818,1738673,15
34819,1281636,15
34820,1946819,15
34821,2394156,15
34823,2454049,15
34824,2388314,20
34826,1938745,20
34828,909528,15
34829,112236,20
34830,734918,15
34833,853031,15
34834,1508050,15
34835,2185966,15
34838,477707,15
34840,3294045,15
34841,76504,15
34842,991200,15
34843,299055,15
34844,1255044,15
34846,920619,20
34847,885149,15
34848,2305080,15
34851,1704046,15
34852,649569,15
34853,1606613,15
34854,3335010,15
34855,2820690,15
34858,3009068,20
34860,1365629,15
34864,1826651,15
34866,246129,15
34868,3074040,20
34870,3004532,15
34871,717139,15
34872,1839858,15
34873,1249044,15
34875,3108611,15
34876,1451055,15
34877,796340,15
34878,2852297,15
34879,2975064,15
34880,488136,15
34881,3231797,15
34882,3182070,15
34883,2027611,15
34884,511309,15
34885,2494281,15
34886,2514604,20
34887,1286070,15
34888,494748,15
34889,1062394,15
34891,1334424,20
34892,3124486,15
34893,721360,15
34894,1216156,15
34895,993602,15
34897,3368784,15
34898,1765473,15
34899,1208536,15
34900,1018926,20
34901,1104561,15
34903,843101,15
34904,1615947,15
34905,3002098,15
34908,93150,15
34911,556001,15
34912,1767205,15
34915,3065862,15
34918,901631,15
34919,2020660,15
34920,555572,15
34921,349680,20
34922,2640393,15
34923,3122798,15
34925,2641308,20
34926,970191,20
34929,2070567,20
34930,2324058,15
34931,521675,15
34932,2443106,15
34933,1436541,20
34935,1219339,15
34936,1711022,15
34937,1926293,15
34941,3344834,15
34943,1465230,15
34945,1442999,15
34947,1440132,20
34948,968676,15
34950,2234034,15
34953,1650581,15
34956,727609,15
34958,2829924,15
34959,926666,20
34962,1733251,15
34965,3060341,15
34966,822544,15
34967,2128444,15
34970,713718,15
34971,1753471,15
34972,3265395,15
34976,1362427,15
34977,1737180,20
34978,2615252,15
34979,2381331,15
34980,464206,15
34983,583078,15
34984,999822,15
34987,2313899,15
34988,3165644,15
34989,2574151,15
34990,2578891,15
34991,2013598,15
34992,813031,20
34993,3343039,15
34994,3184884,20
34995,1950801,15
34996,1555572,15
34997,3022593,15
34998,2923531,15
34999,1560323,20
35001,966767,15
35002,2126660,15
35003,892634,15
35004,3013014,15
35006,1222813,15
35008,3023688,15
35009,443606,15
35010,292310,15
35011,1524607,20
35012,3272932,15
35015,271428,20
35016,2153448,15
35017,955867,15
35018,390890,15
35019,1527036,15
35020,2391033,20
35021,1277136,15
35023,186108,15
35025,2284317,20
35026,1487692,15
35029,1797265,20
35031,274779,15
35033,1645340,15
35035,2066689,15
35036,302983,15
35038,2902983,15
35039,3301708,15
35040,1405274,15
35042,2033412,15
35043,766499,15
35044,368088,15
35045,1096218,15
35047,1901497,15
35051,1943526,15
35052,1989638,15
35053,3024395,15
35055,191639,15
35056,1030575,20
35057,1875861,15
35060,1408937,15
35061,276520,15
35062,263240,20
35063,2127586,15
35064,2198210,15
35065,1052599,20
35066,1178291,20
35070,3100012,15
35071,2805178,15
35072,3061653,20
35073,3156215,20
35075,1334995,15
35077,622652,15
35078,493694,15
35079,953919,15
35081,2324876,15
35082,1548967,15
35083,284478,15
35084,2607862,15
35085,879107,15
35086,3411059,20
35088,1297647,15
35089,2358385,15
35090,2939937,20
35091,750254,15
35093,2311385,15
35096,721532,15
35100,2025777,15
35104,1167934,15
35105,1320589,15
35106,331980,15
35107,1527050,20
35110,2620220,15
35112,1723313,15
35114,468226,15
35115,1120919,20
35116,1203249,15
35117,2572157,20
35118,2229237,15
35120,1920795,15
35121,474207,15
35122,803350,15
35123,1783707,20
35124,7741,15
35125,695422,15
35126,73902,15
35127,1501656,15
35128,2792730,15
35129,1209231,15
35130,2348639,15
35134,2936767,15
35135,3269181,15
35136,2387336,15
35137,326832,15
35139,3016210,15
35141,3344397,15
35142,2612364,15
35144,3345023,15
35145,1443834,15
35150,3377994,15
35151,2845877,15
35152,1695561,15
35153,1732785,15
35154,3323350,15
35155,1247677,20
35156,590194,15
35158,1123468,15
35159,2639837,15
35160,992325,15
35161,121256,15
35162,951521,15
35163,2032812,15
35164,2477965,20
35170,3038593,15
35171,1904072,20
35172,1693285,15
35174,1116002,15
35178,2576165,15
35179,509757,20
35181,3053424,15
35182,813772,15
35183,3260068,15
35184,2220500,15
35192,2345251,15
35193,1598450,15
35196,1175950,15
35202,413682,15
35204,835207,20
35207,1503941,15
35208,1524548,20
35210,925907,15
35211,897631,15
35212,646334,15
35213,403289,20
35215,382216,15
35217,1699674,15
35221,2600560,15
35223,964997,15
35226,2317135,15
35228,801674,20
35230,1001005,15
35231,1460634,20
35233,550821,15
35234,445369,15
35235,201372,20
35236,2477617,15
35237,693698,15
35239,2921227,20
35243,1226492,15
35244,3369206,15
35247,1557852,15
35250,1215936,15
35251,844797,15
35252,2533156,15
35253,1890724,15
35254,1233898,15
35255,1951854,20
35256,3227851,15
35257,111880,15
35260,1627476,15
35261,2840427,15
35263,2712204,15
35264,2540166,15
35265,771852,15
35266,1828723,15
35267,1054687,15
35269,2156507,15
35270,1728694,15
35271,2402948,20
35274,644127,15
35276,2820786,15
35279,2932163,15
35281,1755263,15
35282,1784088,15
35285,2291560,15
35286,3090852,20
35288,1411753,15
35289,2616427,15
35290,3042506,15
35291,2588593,20
35296,1335975,20
35298,2195451,15
35299,1691603,20
35301,2997847,15
35303,2280812,15
35304,993017,15
35306,3220905,15
35307,1619072,15
35308,1376992,15
35310,1417260,15
35311,3247253,15
35312,1791922,15
35314,1520570,15
35316,459788,15
35319,1363007,15
35320,1767049,15
35323,2925357,15
35324,1811751,15
35325,1284835,15
35326,803675,20
35328,2557853,15
35329,2091166,15
35330,797868,15
35331,3272608,20
35332,944686,20
35333,2753558,15
35334,1534119,15
35335,787853,15
35336,3126451,15
35337,2182088,15
35338,3386024,15
35340,3139606,20
35341,1897491,15
35346,85001,20
35349,3324721,20
35351,2201986,15
35353,2934799,15
35355,300084,15
35358,1279811,20
35359,1004589,15
35362,3169865,15
35363,1026207,15
35364,1363363,15
35365,944145,15
35367,2554062,15
35368,1335669,15
35373,1305027,15
35375,1959847,15
35377,1831100,15
35378,1944928,15
35379,248744,15
35383,42007,15
35386,2005341,20
35387,3013407,15
35388,1568743,15
35389,2336250,15
35390,668524,15
35391,1811937,20
35392,2147896,15
35396,3406457,15
35397,2307777,15
35400,1364935,15
35402,502448,20
35403,3297331,15
35404,2195625,20
35406,878914,15
35407,785846,15
35408,2432358,20
35411,1115953,15
35412,3232568,15
35413,966551,15
35414,71227,15
35415,694381,20
35416,736384,15
35417,1813819,15
35419,1189065,15
35420,410734,15
35423,184442,15
35425,2136124,15
35427,3354649,15
35428,371933,15
35433,2693126,15
35434,406905,15
35435,428653,15
35439,642854,15
35443,2006159,15
35446,2905797,20
35447,2108800,15
35448,512542,15
35449,2644539,15
35450,798364,15
35451,1855142,15
35452,3284722,15
35453,2951364,15
35454,3294828,15
35455,1423316,15
35457,518793,15
35458,641262,15
35459,2957976,15
35460,1924459,15
35461,2415005,20
35462,682071,15
35463,2604658,15
35466,3200829,15
35467,1856095,15
35468,2365102,15
35470,2970177,15
35471,978273,15
35472,1427062,15
35473,1228767,15
35474,1567573,15
35475,389167,15
35476,1015221,15
35480,1198079,15
35481,2878267,15
35482,2768579,15
35486,2245010,15
35487,1021543,15
35488,804439,15
35489,469374,15
35490,2903259,20
35491,807016,15
35495,1606298,15
35496,2957645,15
35497,2903443,15
35498,1797187,15
35500,1145925,15
35503,1898472,15
35504,2597141,15
35505,174413,15
35507,2974405,15
35508,539891,15
35509,1908362,15
35512,3071756,15
35513,3389170,15
35514,204261,15
35516,979984,15
35517,323079,15
35518,1048158,15
35519,1513292,15
35521,838592,15
35523,1410796,15
35524,1287507,15
35525,3255657,15
35526,1258111,15
35528,2659434,15
35529,2133426,15
35532,3286208,15
35533,2255727,15
35534,1465658,20
35536,2289533,15
35537,485770,15
35538,1005785,15
35539,1903637,20
35541,1430610,15
35542,2662316,15
35545,817365,15
35548,1973565,20
35549,2042872,15
35550,2348127,15
35551,3382903,15
35552,2903375,15
35553,3391702,15
35558,366072,15
35559,1973012,15
35560,393547,15
35563,137095,15
35564,2344766,15
35567,2003420,15
35569,1662188,15
35571,1704798,15
35572,1232184,15
35573,1880483,15
35575,1015703,15
35576,601397,15
35579,1125322,15
35580,1704194,15
35583,23744,15
35586,3140193,15
35587,2734306,20
35590,230921,15
35592,1977723,15
35593,2119463,15
35596,3155515,15
35598,1979674,15
35600,443577,20
35601,2169197,15
35602,3251090,20
35606,161638,20
35607,3419457,15
35608,2163675,15
35609,2359789,15
35610,905756,15
35611,1212236,15
35612,1285351,15
35613,1724722,15
35615,2956328,15
35616,126300,20
35618,1923260,15
35619,609212,15
35621,2249814,15
35622,3396543,15
35623,1073339,15
35624,976353,20
35625,2816460,15
35628,1361952,15
35630,2654719,15
35631,1359852,15
35634,110652,20
35635,803160,15
35637,2511670,15
35639,1881555,15
35641,1755054,15
35642,861346,15
35643,2219518,20
35644,1919821,15
35645,681297,15
35646,1083609,15
35648,3401297,20
35650,2816591,15
35651,2344859,15
35653,3052366,20
35655,693090,15
35657,2294475,15
35659,2858141,15
35660,849686,15
35663,1008866,15
35665,2019632,15
35667,143068,15
35669,1614840,15
35670,1654843,15
35672,2664365,15
35674,813393,15
35676,2133376,15
35677,1772272,15
35678,428551,15
35679,2867166,15
35680,311356,15
35681,2034560,15
35683,127881,15
35686,3159698,15
35687,3397056,15
35688,2654827,15
35691,2148113,15
35692,1627483,15
35695,2241316,15
35698,1375789,15
35699,2885941,15
35700,2573447,20
35701,546331,15
35702,2170480,15
35703,1372266,15
35704,2454823,15
35705,3340400,15
35706,2381666,15
35707,2407358,15
35708,2071455,15
35709,1361217,20
35711,2189716,15
35713,2897081,15
35714,2845167,15
35715,585445,15
35717,3195722,15
35719,794594,15
35720,2433668,15
35721,178762,15
35722,1021620,15
35723,3008078,15
35724,2872515,15
35725,722860,15
35728,1307787,15
35730,1971003,20
35731,3364298,15
35734,3033282,15
35737,884188,20
35738,3295411,15
35740,1766714,15
35741,2363697,15
35742,1506291,15
35743,754657,15
35745,2328013,15
35746,128923,15
35747,435574,15
35748,2950555,15
35749,2361405,15
35750,1624208,15
35751,775834,15
35752,2183202,15
35755,1885626,15
35757,921897,15
35758,1037883,15
35759,1367645,15
35760,3379235,15
35762,3153718,15
35763,2851495,15
35764,122839,15
35766,1250344,15
35767,581421,20
35768,745609,15
35769,2326047,15
35770,502119,20
35772,253428,15
35773,3031519,15
35774,2009636,15
35777,1818483,15
35778,3142714,15
35779,2299078,15
35780,1506490,15
35781,2130037,20
35782,3212464,15
35784,1402582,15
35785,2642840,20
35787,2997911,15
35788,3146437,20
35789,670488,15
35791,1728167,15
35796,25162,15
35797,543228,15
35799,1476876,15
35800,718362,15
35801,1917136,15
35802,3349200,15
35803,1928988,15
35806,760833,15
35807,2871993,15
35808,909580,20
35810,1132573,15
35811,1446280,15
35813,418771,20
35814,2591821,15
35816,2823886,15
35817,379392,15
35818,2334557,20
35819,1305502,15
35823,1830513,15
35825,3370214,15
35826,2037130,15
35833,1735368,15
35834,1270661,15
35837,941168,20
35838,1080452,15
35839,535141,15
35841,2223639,15
35844,2587105,15
35848,1290314,15
35850,958581,15
35851,3399656,15
35854,2555321,15
35855,258910,15
35856,578752,15
35858,1134949,15
35859,3260643,15
35860,2533182,15
35862,3380117,15
35863,2617766,15
35866,2559000,15
35867,1354697,15
35868,1279794,15
35870,2706852,20
35872,1338418,15
35873,396696,15
35874,1934235,15
35875,223304,15
35876,2696093,15
35878,2235763,15
35881,3088554,15
35887,78202,15
35888,746072,15
35889,947369,15
35890,1897200,15
35891,659963,15
35894,1319390,15
35896,211846,20
35897,1694863,15
35901,1793732,15
35902,1493140,15
35903,1911733,15
35904,668746,15
35905,2364004,15
35909,1828634,15
35911,2500967,15
35913,1690959,15
35914,51573,15
35916,41343,15
35918,2218116,20
35919,1108375,20
35920,1459833,15
35921,2001891,15
35924,2433078,15
35925,126779,15
35926,3357009,15
35927,1965749,15
35928,2750280,15
35929,2574772,15
35932,2875531,15
35934,2600247,15
35935,971261,15
35937,1867359,15
35942,3320780,15
35944,1275321,15
35945,1663623,15
35948,280545,15
35949,420561,15
35951,943755,15
35952,861875,15
35954,3369940,15
35955,2471731,15
35958,1196007,15
35959,1589352,15
35960,2090371,15
35961,286424,20
35963,3405864,15
35964,3351463,15
35965,2619077,15
35966,2930321,15
35974,1172262,15
35977,3318047,15
35978,1479731,15
35980,1459451,15
35981,1347918,15
35982,2373695,15
35983,232332,15
35985,566207,15
35986,139529,15
35987,519322,20
35988,1125869,15
35989,2032980,15
35990,1940279,15
35991,1663854,20
35992,2337015,15
35994,1900581,20
35995,2111802,15
35996,1434704,15
35997,2225288,15
35998,3394712,15
36000,2445877,15
36006,363764,15
36009,1590731,15
36010,238352,15
36012,962616,15
36013,3060108,15
36014,778367,15
36017,1792902,15
36023,2487787,15
36024,2015948,20
36025,2622467,20
36026,2779347,15
36027,468449,15
36028,858130,20
36029,2032237,20
36032,765221,15
36034,150037,15
36037,354556,15
36040,1782948,15
36041,1630288,15
36043,1626712,15
36044,2017136,15
36045,1029277,20
36047,322429,15
36048,2684071,15
36049,1304924,15
36050,1535914,20
36051,1725136,15
36053,3206095,15
36054,1859594,15
36055,2825598,15
36056,1261306,15
36058,335297,15
36059,2165057,20
36066,509643,15
36067,2019372,15
36068,2078320,15
36069,2139542,15
36070,1424245,20
36072,98653,15
36074,2235242,20
36075,1234390,15
36076,108611,15
36077,1824575,15
36079,3185843,20
36080,2056467,15
36081,1948481,15
36084,801881,20
36085,3198600,15
36086,1500431,15
36087,1851587,15
36089,1589398,15
36090,1536518,15
36092,1666094,15
36095,1691706,15
36096,1406097,15
36097,1565097,15
36099,2291566,15
36100,2113783,15
36101,2963232,15
36102,1077433,15
36103,601501,15
36104,1812704,20
36108,985238,15
36109,2625520,15
36110,1646336,20
36111,1150460,15
36112,188908,15
36113,206922,15
36114,800082,15
36118,2772309,15
36121,2243040,15
36123,1285366,15
36124,1363242,15
36126,3117126,15
36127,3293715,15
36128,993623,15
36129,481361,15
36131,40704,15
36132,3410870,15
36133,326238,20
36135,1498828,15
36136,2842713,15
36139,3127564,15
36140,2780498,15
36142,3289036,15
36145,219238,15
36149,147893,20
36151,685513,15
36153,3317489,15
36155,2660845,20
36156,1352702,15
36159,2086166,15
36161,1657277,15
36162,2383093,15
36167,251316,20
36168,141846,15
36169,1706807,15
36172,2179357,15
36173,265132,15
36175,588714,15
36176,2133170,15
36179,2897849,15
36180,124840,20
36181,3307097,15
36182,421431,15
36183,1874824,15
36184,1327911,15
36185,2943933,15
36186,2622885,15
36188,712161,15
36191,1923817,15
36193,1127459,15
36194,2441321,15
36195,1595058,15
36196,2914462,15
36197,310520,15
36198,2895817,15
36199,1506359,15
36200,2758840,15
36201,2172581,15
36202,1791538,15
36204,488104,15
36205,34546,15
36206,125454,15
36207,1581821,15
36211,1305596,15
36212,624477,15
36213,3316776,15
36214,963906,15
36218,216448,15
36221,2585057,15
36224,649744,15
36225,3252300,15
36226,2127983,20
36228,2000195,15
36230,242398,15
36231,411916,20
36232,65838,15
36233,398557,15
36234,2049753,15
36237,1711641,15
36240,1958883,15
36241,2980186,15
36242,1612479,15
36244,466387,20
36245,2428270,15
36248,2486766,15
36249,2977183,15
36252,2838926,20
36257,2980265,15
36259,1578005,20
36260,188754,15
36261,1813970,15
36262,1641159,15
36265,1731876,15
36266,2886767,15
36267,2296452,20
36268,2306541,15
36270,983674,15
36272,2032805,15
36275,1225020,15
36276,3228825,15
36280,2150720,15
36281,2281076,15
36282,519695,15
36285,585133,15
36286,52175,15
36287,3033727,15
36289,2467029,15
36290,957688,15
36292,1389646,15
36293,2042701,15
36294,3006269,15
36295,2957901,15
36296,189783,15
36298,940647,15
36300,3103358,15
36301,2723736,15
36302,882974,15
36303,2138156,15
36304,1349523,15
36305,2541805,15
36306,586597,20
36308,2029266,20
36309,186214,15
36310,1231302,15
36311,3125850,15
36312,2248128,15
36314,1280309,15
36315,925669,15
36317,1970189,20
36320,2939897,15
36323,2593602,15
36326,2201394,15
36328,1331056,15
36329,677881,15
36330,2840709,15
36335,1253775,15
36336,42957,15
36339,586988,15
36341,1197963,15
36343,2766172,20
36344,2395633,15
36347,869197,15
36348,247633,15
36349,1942411,15
36350,2103222,15
36351,3023834,15
36352,335248,15
36353,2248980,15
36355,1193990,15
36356,518891,20
36357,3387537,15
36358,2298400,15
36361,2278622,15
36362,2905016,15
36363,1434916,15
36364,772088,15
36367,2982082,15
36368,1352906,20
36369,2941313,15
36371,135341,15
36372,2862652,15
36373,1675968,15
36375,226533,15
36376,3079443,15
36377,710139,15
36378,587557,15
36383,1094482,15
36384,2160534,15
36386,1033000,15
36390,3313919,15
36391,526937,15
36392,3123037,15
36394,2550728,20
36395,2472310,15
36396,1913840,15
36397,2159504,15
36400,2218122,15
36401,321281,15
36403,333287,15
36404,828546,20
36405,1336347,15
36406,1090398,15
36407,2021564,15
36408,1489679,15
36409,1490272,15
36410,2489007,15
36412,1109509,15
36413,1773611,15
36414,3199456,15
36415,1446282,15
36416,1712142,15
36417,2413009,15
36418,457524,15
36420,2082899,15
36422,2148787,15
36425,3412173,15
36426,2746665,15
36428,139304,15
36429,762129,15
36430,1494835,15
36433,2615680,20
36435,350045,15
36437,1128604,20
36438,2755573,15
36439,3344606,15
36440,159641,15
36441,1621087,15
36442,3051867,20
36444,1206974,15
36445,542437,15
36446,2995279,15
36447,1458224,15
36448,2953911,15
36450,2531657,15
36452,1045494,15
36453,2318378,15
36454,2439344,15
36455,3324267,15
36456,907648,15
36457,3248886,15
36459,3257194,15
36460,609097,15
36465,2334787,20
36467,1765363,15
36468,2839238,15
36469,733090,15
36470,1786579,15
36473,782620,20
36474,107601,15
36475,2534479,15
36478,1335543,15
36479,226328,15
36480,3143074,15
36483,2987073,20
36486,1497593,15
36487,1552256,15
36488,257092,15
36489,2730589,15
36491,2255700,15
36493,471377,15
36494,429522,15
36495,118556,15
36496,3027166,15
36497,433247,15
36498,619045,15
36499,407049,15
36501,2486087,15
36503,1860977,15
36506,1518289,15
36507,2192781,15
36508,3174249,15
36509,366190,15
36510,2051285,15
36512,819481,15
36515,1601823,15
36516,361671,15
36517,23034,15
36518,599045,15
36519,120855,15
36520,1187578,15
36521,443292,15
36522,3312722,15
36524,316224,15
36525,2289273,15
36528,1801952,15
36530,665515,15
36533,778285,20
36535,3287676,15
36536,1156281,15
36538,937175,20
36540,2321362,15
36541,2066279,15
36542,3092479,20
36544,2728096,15
36545,1662144,15
36546,72236,15
36547,595905,15
36548,1900611,15
36549,2634246,15
36551,3231451,15
36552,696007,15
36553,196613,20
36554,2523096,15
36555,1076733,20
36556,3049890,20
36557,608079,15
36558,337852,15
36560,338460,15
36562,1990554,15
36563,3270935,15
36565,1384976,15
36567,815052,15
36572,1114730,15
36573,1265642,20
36577,387193,15
36578,1543456,15
36579,1751375,15
36580,2093076,15
36581,7318,15
36583,3098292,15
36584,735796,15
36586,368005,15
36587,3259599,20
36590,796397,15
36592,278843,15
36593,424079,15
36595,2048954,15
36596,1044103,20
36597,329672,15
36598,870476,15
36599,49734,15
36600,1941901,15
36601,3130054,15
36603,1074708,15
36604,1570720,15
36606,1491438,15
36607,2327895,15
36608,3228378,15
36611,3335111,15
36613,1409957,15
